date,part_id,part_name,category,location,state_code,is_holiday,is_shutdown,is_maintenance_campaign,demand,series_id
2023-01-01,BRG-6204,Deep-groove bearing 6204,Bearings,Augsburg,BY,1,1,0,0,BRG-6204 · Augsburg
2023-01-02,BRG-6204,Deep-groove bearing 6204,Bearings,Augsburg,BY,0,1,0,6,BRG-6204 · Augsburg
2023-01-03,BRG-6204,Deep-groove bearing 6204,Bearings,Augsburg,BY,0,0,0,28,BRG-6204 · Augsburg
2023-01-04,BRG-6204,Deep-groove bearing 6204,Bearings,Augsburg,BY,0,0,0,29,BRG-6204 · Augsburg
2023-01-05,BRG-6204,Deep-groove bearing 6204,Bearings,Augsburg,BY,0,0,0,27,BRG-6204 · Augsburg
2023-01-06,BRG-6204,Deep-groove bearing 6204,Bearings,Augsburg,BY,1,0,0,3,BRG-6204 · Augsburg
2023-01-07,BRG-6204,Deep-groove bearing 6204,Bearings,Augsburg,BY,0,0,0,4,BRG-6204 · Augsburg
2023-01-08,BRG-6204,Deep-groove bearing 6204,Bearings,Augsburg,BY,0,0,0,1,BRG-6204 · Augsburg
2023-01-09,BRG-6204,Deep-groove bearing 6204,Bearings,Augsburg,BY,0,0,0,25,BRG-6204 · Augsburg
2023-01-10,BRG-6204,Deep-groove bearing 6204,Bearings,Augsburg,BY,0,0,0,28,BRG-6204 · Augsburg
2023-01-11,BRG-6204,Deep-groove bearing 6204,Bearings,Augsburg,BY,0,0,0,29,BRG-6204 · Augsburg
2023-01-12,BRG-6204,Deep-groove bearing 6204,Bearings,Augsburg,BY,0,0,0,26,BRG-6204 · Augsburg
2023-01-13,BRG-6204,Deep-groove bearing 6204,Bearings,Augsburg,BY,0,0,0,22,BRG-6204 · Augsburg
2023-01-14,BRG-6204,Deep-groove bearing 6204,Bearings,Augsburg,BY,0,0,0,3,BRG-6204 · Augsburg
2023-01-15,BRG-6204,Deep-groove bearing 6204,Bearings,Augsburg,BY,0,0,0,2,BRG-6204 · Augsburg
2023-01-16,BRG-6204,Deep-groove bearing 6204,Bearings,Augsburg,BY,0,0,0,33,BRG-6204 · Augsburg
2023-01-17,BRG-6204,Deep-groove bearing 6204,Bearings,Augsburg,BY,0,0,0,30,BRG-6204 · Augsburg
2023-01-18,BRG-6204,Deep-groove bearing 6204,Bearings,Augsburg,BY,0,0,0,28,BRG-6204 · Augsburg
2023-01-19,BRG-6204,Deep-groove bearing 6204,Bearings,Augsburg,BY,0,0,0,27,BRG-6204 · Augsburg
2023-01-20,BRG-6204,Deep-groove bearing 6204,Bearings,Augsburg,BY,0,0,0,25,BRG-6204 · Augsburg
2023-01-21,BRG-6204,Deep-groove bearing 6204,Bearings,Augsburg,BY,0,0,0,3,BRG-6204 · Augsburg
2023-01-22,BRG-6204,Deep-groove bearing 6204,Bearings,Augsburg,BY,0,0,0,2,BRG-6204 · Augsburg
2023-01-23,BRG-6204,Deep-groove bearing 6204,Bearings,Augsburg,BY,0,0,0,34,BRG-6204 · Augsburg
2023-01-24,BRG-6204,Deep-groove bearing 6204,Bearings,Augsburg,BY,0,0,0,32,BRG-6204 · Augsburg
2023-01-25,BRG-6204,Deep-groove bearing 6204,Bearings,Augsburg,BY,0,0,0,30,BRG-6204 · Augsburg
2023-01-26,BRG-6204,Deep-groove bearing 6204,Bearings,Augsburg,BY,0,0,0,26,BRG-6204 · Augsburg
2023-01-27,BRG-6204,Deep-groove bearing 6204,Bearings,Augsburg,BY,0,0,0,26,BRG-6204 · Augsburg
2023-01-28,BRG-6204,Deep-groove bearing 6204,Bearings,Augsburg,BY,0,0,0,4,BRG-6204 · Augsburg
2023-01-29,BRG-6204,Deep-groove bearing 6204,Bearings,Augsburg,BY,0,0,0,2,BRG-6204 · Augsburg
2023-01-30,BRG-6204,Deep-groove bearing 6204,Bearings,Augsburg,BY,0,0,0,33,BRG-6204 · Augsburg
2023-01-31,BRG-6204,Deep-groove bearing 6204,Bearings,Augsburg,BY,0,0,0,33,BRG-6204 · Augsburg
2023-02-01,BRG-6204,Deep-groove bearing 6204,Bearings,Augsburg,BY,0,0,0,32,BRG-6204 · Augsburg
2023-02-02,BRG-6204,Deep-groove bearing 6204,Bearings,Augsburg,BY,0,0,0,30,BRG-6204 · Augsburg
2023-02-03,BRG-6204,Deep-groove bearing 6204,Bearings,Augsburg,BY,0,0,0,26,BRG-6204 · Augsburg
2023-02-04,BRG-6204,Deep-groove bearing 6204,Bearings,Augsburg,BY,0,0,0,3,BRG-6204 · Augsburg
2023-02-05,BRG-6204,Deep-groove bearing 6204,Bearings,Augsburg,BY,0,0,0,2,BRG-6204 · Augsburg
2023-02-06,BRG-6204,Deep-groove bearing 6204,Bearings,Augsburg,BY,0,0,0,31,BRG-6204 · Augsburg
2023-02-07,BRG-6204,Deep-groove bearing 6204,Bearings,Augsburg,BY,0,0,0,28,BRG-6204 · Augsburg
2023-02-08,BRG-6204,Deep-groove bearing 6204,Bearings,Augsburg,BY,0,0,0,32,BRG-6204 · Augsburg
2023-02-09,BRG-6204,Deep-groove bearing 6204,Bearings,Augsburg,BY,0,0,0,31,BRG-6204 · Augsburg
2023-02-10,BRG-6204,Deep-groove bearing 6204,Bearings,Augsburg,BY,0,0,0,28,BRG-6204 · Augsburg
2023-02-11,BRG-6204,Deep-groove bearing 6204,Bearings,Augsburg,BY,0,0,0,4,BRG-6204 · Augsburg
2023-02-12,BRG-6204,Deep-groove bearing 6204,Bearings,Augsburg,BY,0,0,0,3,BRG-6204 · Augsburg
2023-02-13,BRG-6204,Deep-groove bearing 6204,Bearings,Augsburg,BY,0,0,0,31,BRG-6204 · Augsburg
2023-02-14,BRG-6204,Deep-groove bearing 6204,Bearings,Augsburg,BY,0,0,0,31,BRG-6204 · Augsburg
2023-02-15,BRG-6204,Deep-groove bearing 6204,Bearings,Augsburg,BY,0,0,0,28,BRG-6204 · Augsburg
2023-02-16,BRG-6204,Deep-groove bearing 6204,Bearings,Augsburg,BY,0,0,0,30,BRG-6204 · Augsburg
2023-02-17,BRG-6204,Deep-groove bearing 6204,Bearings,Augsburg,BY,0,0,0,27,BRG-6204 · Augsburg
2023-02-18,BRG-6204,Deep-groove bearing 6204,Bearings,Augsburg,BY,0,0,0,3,BRG-6204 · Augsburg
2023-02-19,BRG-6204,Deep-groove bearing 6204,Bearings,Augsburg,BY,0,0,0,2,BRG-6204 · Augsburg
2023-02-20,BRG-6204,Deep-groove bearing 6204,Bearings,Augsburg,BY,0,0,0,32,BRG-6204 · Augsburg
2023-02-21,BRG-6204,Deep-groove bearing 6204,Bearings,Augsburg,BY,0,0,0,35,BRG-6204 · Augsburg
2023-02-22,BRG-6204,Deep-groove bearing 6204,Bearings,Augsburg,BY,0,0,0,31,BRG-6204 · Augsburg
2023-02-23,BRG-6204,Deep-groove bearing 6204,Bearings,Augsburg,BY,0,0,0,29,BRG-6204 · Augsburg
2023-02-24,BRG-6204,Deep-groove bearing 6204,Bearings,Augsburg,BY,0,0,0,26,BRG-6204 · Augsburg
2023-02-25,BRG-6204,Deep-groove bearing 6204,Bearings,Augsburg,BY,0,0,0,3,BRG-6204 · Augsburg
2023-02-26,BRG-6204,Deep-groove bearing 6204,Bearings,Augsburg,BY,0,0,0,2,BRG-6204 · Augsburg
2023-02-27,BRG-6204,Deep-groove bearing 6204,Bearings,Augsburg,BY,0,0,0,30,BRG-6204 · Augsburg
2023-02-28,BRG-6204,Deep-groove bearing 6204,Bearings,Augsburg,BY,0,0,0,30,BRG-6204 · Augsburg
2023-03-01,BRG-6204,Deep-groove bearing 6204,Bearings,Augsburg,BY,0,0,0,29,BRG-6204 · Augsburg
2023-03-02,BRG-6204,Deep-groove bearing 6204,Bearings,Augsburg,BY,0,0,0,26,BRG-6204 · Augsburg
2023-03-03,BRG-6204,Deep-groove bearing 6204,Bearings,Augsburg,BY,0,0,0,26,BRG-6204 · Augsburg
2023-03-04,BRG-6204,Deep-groove bearing 6204,Bearings,Augsburg,BY,0,0,0,4,BRG-6204 · Augsburg
2023-03-05,BRG-6204,Deep-groove bearing 6204,Bearings,Augsburg,BY,0,0,0,1,BRG-6204 · Augsburg
2023-03-06,BRG-6204,Deep-groove bearing 6204,Bearings,Augsburg,BY,0,0,0,31,BRG-6204 · Augsburg
2023-03-07,BRG-6204,Deep-groove bearing 6204,Bearings,Augsburg,BY,0,0,0,32,BRG-6204 · Augsburg
2023-03-08,BRG-6204,Deep-groove bearing 6204,Bearings,Augsburg,BY,0,0,0,32,BRG-6204 · Augsburg
2023-03-09,BRG-6204,Deep-groove bearing 6204,Bearings,Augsburg,BY,0,0,0,30,BRG-6204 · Augsburg
2023-03-10,BRG-6204,Deep-groove bearing 6204,Bearings,Augsburg,BY,0,0,0,26,BRG-6204 · Augsburg
2023-03-11,BRG-6204,Deep-groove bearing 6204,Bearings,Augsburg,BY,0,0,0,3,BRG-6204 · Augsburg
2023-03-12,BRG-6204,Deep-groove bearing 6204,Bearings,Augsburg,BY,0,0,0,2,BRG-6204 · Augsburg
2023-03-13,BRG-6204,Deep-groove bearing 6204,Bearings,Augsburg,BY,0,0,0,30,BRG-6204 · Augsburg
2023-03-14,BRG-6204,Deep-groove bearing 6204,Bearings,Augsburg,BY,0,0,0,29,BRG-6204 · Augsburg
2023-03-15,BRG-6204,Deep-groove bearing 6204,Bearings,Augsburg,BY,0,0,0,30,BRG-6204 · Augsburg
2023-03-16,BRG-6204,Deep-groove bearing 6204,Bearings,Augsburg,BY,0,0,0,29,BRG-6204 · Augsburg
2023-03-17,BRG-6204,Deep-groove bearing 6204,Bearings,Augsburg,BY,0,0,0,25,BRG-6204 · Augsburg
2023-03-18,BRG-6204,Deep-groove bearing 6204,Bearings,Augsburg,BY,0,0,0,3,BRG-6204 · Augsburg
2023-03-19,BRG-6204,Deep-groove bearing 6204,Bearings,Augsburg,BY,0,0,0,2,BRG-6204 · Augsburg
2023-03-20,BRG-6204,Deep-groove bearing 6204,Bearings,Augsburg,BY,0,0,0,31,BRG-6204 · Augsburg
2023-03-21,BRG-6204,Deep-groove bearing 6204,Bearings,Augsburg,BY,0,0,0,29,BRG-6204 · Augsburg
2023-03-22,BRG-6204,Deep-groove bearing 6204,Bearings,Augsburg,BY,0,0,0,29,BRG-6204 · Augsburg
2023-03-23,BRG-6204,Deep-groove bearing 6204,Bearings,Augsburg,BY,0,0,0,29,BRG-6204 · Augsburg
2023-03-24,BRG-6204,Deep-groove bearing 6204,Bearings,Augsburg,BY,0,0,0,25,BRG-6204 · Augsburg
2023-03-25,BRG-6204,Deep-groove bearing 6204,Bearings,Augsburg,BY,0,0,0,3,BRG-6204 · Augsburg
2023-03-26,BRG-6204,Deep-groove bearing 6204,Bearings,Augsburg,BY,0,0,0,2,BRG-6204 · Augsburg
2023-03-27,BRG-6204,Deep-groove bearing 6204,Bearings,Augsburg,BY,0,0,0,29,BRG-6204 · Augsburg
2023-03-28,BRG-6204,Deep-groove bearing 6204,Bearings,Augsburg,BY,0,0,0,29,BRG-6204 · Augsburg
2023-03-29,BRG-6204,Deep-groove bearing 6204,Bearings,Augsburg,BY,0,0,0,29,BRG-6204 · Augsburg
2023-03-30,BRG-6204,Deep-groove bearing 6204,Bearings,Augsburg,BY,0,0,0,26,BRG-6204 · Augsburg
2023-03-31,BRG-6204,Deep-groove bearing 6204,Bearings,Augsburg,BY,0,0,0,25,BRG-6204 · Augsburg
2023-04-01,BRG-6204,Deep-groove bearing 6204,Bearings,Augsburg,BY,0,0,1,4,BRG-6204 · Augsburg
2023-04-02,BRG-6204,Deep-groove bearing 6204,Bearings,Augsburg,BY,0,0,1,2,BRG-6204 · Augsburg
2023-04-03,BRG-6204,Deep-groove bearing 6204,Bearings,Augsburg,BY,0,0,1,27,BRG-6204 · Augsburg
2023-04-04,BRG-6204,Deep-groove bearing 6204,Bearings,Augsburg,BY,0,0,1,27,BRG-6204 · Augsburg
2023-04-05,BRG-6204,Deep-groove bearing 6204,Bearings,Augsburg,BY,0,0,1,28,BRG-6204 · Augsburg
2023-04-06,BRG-6204,Deep-groove bearing 6204,Bearings,Augsburg,BY,0,0,1,26,BRG-6204 · Augsburg
2023-04-07,BRG-6204,Deep-groove bearing 6204,Bearings,Augsburg,BY,1,0,1,3,BRG-6204 · Augsburg
2023-04-08,BRG-6204,Deep-groove bearing 6204,Bearings,Augsburg,BY,0,0,0,4,BRG-6204 · Augsburg
2023-04-09,BRG-6204,Deep-groove bearing 6204,Bearings,Augsburg,BY,0,0,0,1,BRG-6204 · Augsburg
2023-04-10,BRG-6204,Deep-groove bearing 6204,Bearings,Augsburg,BY,1,0,0,4,BRG-6204 · Augsburg
2023-04-11,BRG-6204,Deep-groove bearing 6204,Bearings,Augsburg,BY,0,0,0,29,BRG-6204 · Augsburg
2023-04-12,BRG-6204,Deep-groove bearing 6204,Bearings,Augsburg,BY,0,0,0,26,BRG-6204 · Augsburg
2023-04-13,BRG-6204,Deep-groove bearing 6204,Bearings,Augsburg,BY,0,0,0,26,BRG-6204 · Augsburg
2023-04-14,BRG-6204,Deep-groove bearing 6204,Bearings,Augsburg,BY,0,0,0,24,BRG-6204 · Augsburg
2023-04-15,BRG-6204,Deep-groove bearing 6204,Bearings,Augsburg,BY,0,0,0,3,BRG-6204 · Augsburg
2023-04-16,BRG-6204,Deep-groove bearing 6204,Bearings,Augsburg,BY,0,0,0,2,BRG-6204 · Augsburg
2023-04-17,BRG-6204,Deep-groove bearing 6204,Bearings,Augsburg,BY,0,0,0,31,BRG-6204 · Augsburg
2023-04-18,BRG-6204,Deep-groove bearing 6204,Bearings,Augsburg,BY,0,0,0,30,BRG-6204 · Augsburg
2023-04-19,BRG-6204,Deep-groove bearing 6204,Bearings,Augsburg,BY,0,0,0,27,BRG-6204 · Augsburg
2023-04-20,BRG-6204,Deep-groove bearing 6204,Bearings,Augsburg,BY,0,0,0,29,BRG-6204 · Augsburg
2023-04-21,BRG-6204,Deep-groove bearing 6204,Bearings,Augsburg,BY,0,0,0,24,BRG-6204 · Augsburg
2023-04-22,BRG-6204,Deep-groove bearing 6204,Bearings,Augsburg,BY,0,0,0,4,BRG-6204 · Augsburg
2023-04-23,BRG-6204,Deep-groove bearing 6204,Bearings,Augsburg,BY,0,0,0,2,BRG-6204 · Augsburg
2023-04-24,BRG-6204,Deep-groove bearing 6204,Bearings,Augsburg,BY,0,0,0,28,BRG-6204 · Augsburg
2023-04-25,BRG-6204,Deep-groove bearing 6204,Bearings,Augsburg,BY,0,0,0,28,BRG-6204 · Augsburg
2023-04-26,BRG-6204,Deep-groove bearing 6204,Bearings,Augsburg,BY,0,0,0,31,BRG-6204 · Augsburg
2023-04-27,BRG-6204,Deep-groove bearing 6204,Bearings,Augsburg,BY,0,0,0,28,BRG-6204 · Augsburg
2023-04-28,BRG-6204,Deep-groove bearing 6204,Bearings,Augsburg,BY,0,0,0,23,BRG-6204 · Augsburg
2023-04-29,BRG-6204,Deep-groove bearing 6204,Bearings,Augsburg,BY,0,0,0,4,BRG-6204 · Augsburg
2023-04-30,BRG-6204,Deep-groove bearing 6204,Bearings,Augsburg,BY,0,0,0,2,BRG-6204 · Augsburg
2023-05-01,BRG-6204,Deep-groove bearing 6204,Bearings,Augsburg,BY,1,0,0,3,BRG-6204 · Augsburg
2023-05-02,BRG-6204,Deep-groove bearing 6204,Bearings,Augsburg,BY,0,0,0,30,BRG-6204 · Augsburg
2023-05-03,BRG-6204,Deep-groove bearing 6204,Bearings,Augsburg,BY,0,0,0,28,BRG-6204 · Augsburg
2023-05-04,BRG-6204,Deep-groove bearing 6204,Bearings,Augsburg,BY,0,0,0,29,BRG-6204 · Augsburg
2023-05-05,BRG-6204,Deep-groove bearing 6204,Bearings,Augsburg,BY,0,0,0,26,BRG-6204 · Augsburg
2023-05-06,BRG-6204,Deep-groove bearing 6204,Bearings,Augsburg,BY,0,0,0,4,BRG-6204 · Augsburg
2023-05-07,BRG-6204,Deep-groove bearing 6204,Bearings,Augsburg,BY,0,0,0,2,BRG-6204 · Augsburg
2023-05-08,BRG-6204,Deep-groove bearing 6204,Bearings,Augsburg,BY,0,0,0,28,BRG-6204 · Augsburg
2023-05-09,BRG-6204,Deep-groove bearing 6204,Bearings,Augsburg,BY,0,0,0,31,BRG-6204 · Augsburg
2023-05-10,BRG-6204,Deep-groove bearing 6204,Bearings,Augsburg,BY,0,0,0,27,BRG-6204 · Augsburg
2023-05-11,BRG-6204,Deep-groove bearing 6204,Bearings,Augsburg,BY,0,0,0,25,BRG-6204 · Augsburg
2023-05-12,BRG-6204,Deep-groove bearing 6204,Bearings,Augsburg,BY,0,0,0,24,BRG-6204 · Augsburg
2023-05-13,BRG-6204,Deep-groove bearing 6204,Bearings,Augsburg,BY,0,0,0,3,BRG-6204 · Augsburg
2023-05-14,BRG-6204,Deep-groove bearing 6204,Bearings,Augsburg,BY,0,0,0,2,BRG-6204 · Augsburg
2023-05-15,BRG-6204,Deep-groove bearing 6204,Bearings,Augsburg,BY,0,0,0,29,BRG-6204 · Augsburg
2023-05-16,BRG-6204,Deep-groove bearing 6204,Bearings,Augsburg,BY,0,0,0,25,BRG-6204 · Augsburg
2023-05-17,BRG-6204,Deep-groove bearing 6204,Bearings,Augsburg,BY,0,0,0,26,BRG-6204 · Augsburg
2023-05-18,BRG-6204,Deep-groove bearing 6204,Bearings,Augsburg,BY,1,0,0,3,BRG-6204 · Augsburg
2023-05-19,BRG-6204,Deep-groove bearing 6204,Bearings,Augsburg,BY,0,0,0,25,BRG-6204 · Augsburg
2023-05-20,BRG-6204,Deep-groove bearing 6204,Bearings,Augsburg,BY,0,0,0,4,BRG-6204 · Augsburg
2023-05-21,BRG-6204,Deep-groove bearing 6204,Bearings,Augsburg,BY,0,0,0,2,BRG-6204 · Augsburg
2023-05-22,BRG-6204,Deep-groove bearing 6204,Bearings,Augsburg,BY,0,0,0,33,BRG-6204 · Augsburg
2023-05-23,BRG-6204,Deep-groove bearing 6204,Bearings,Augsburg,BY,0,0,0,29,BRG-6204 · Augsburg
2023-05-24,BRG-6204,Deep-groove bearing 6204,Bearings,Augsburg,BY,0,0,0,26,BRG-6204 · Augsburg
2023-05-25,BRG-6204,Deep-groove bearing 6204,Bearings,Augsburg,BY,0,0,0,24,BRG-6204 · Augsburg
2023-05-26,BRG-6204,Deep-groove bearing 6204,Bearings,Augsburg,BY,0,0,0,24,BRG-6204 · Augsburg
2023-05-27,BRG-6204,Deep-groove bearing 6204,Bearings,Augsburg,BY,0,0,0,3,BRG-6204 · Augsburg
2023-05-28,BRG-6204,Deep-groove bearing 6204,Bearings,Augsburg,BY,0,0,0,2,BRG-6204 · Augsburg
2023-05-29,BRG-6204,Deep-groove bearing 6204,Bearings,Augsburg,BY,1,0,0,4,BRG-6204 · Augsburg
2023-05-30,BRG-6204,Deep-groove bearing 6204,Bearings,Augsburg,BY,0,0,0,29,BRG-6204 · Augsburg
2023-05-31,BRG-6204,Deep-groove bearing 6204,Bearings,Augsburg,BY,0,0,0,30,BRG-6204 · Augsburg
2023-06-01,BRG-6204,Deep-groove bearing 6204,Bearings,Augsburg,BY,0,0,0,25,BRG-6204 · Augsburg
2023-06-02,BRG-6204,Deep-groove bearing 6204,Bearings,Augsburg,BY,0,0,0,22,BRG-6204 · Augsburg
2023-06-03,BRG-6204,Deep-groove bearing 6204,Bearings,Augsburg,BY,0,0,0,3,BRG-6204 · Augsburg
2023-06-04,BRG-6204,Deep-groove bearing 6204,Bearings,Augsburg,BY,0,0,0,2,BRG-6204 · Augsburg
2023-06-05,BRG-6204,Deep-groove bearing 6204,Bearings,Augsburg,BY,0,0,0,31,BRG-6204 · Augsburg
2023-06-06,BRG-6204,Deep-groove bearing 6204,Bearings,Augsburg,BY,0,0,0,28,BRG-6204 · Augsburg
2023-06-07,BRG-6204,Deep-groove bearing 6204,Bearings,Augsburg,BY,0,0,0,25,BRG-6204 · Augsburg
2023-06-08,BRG-6204,Deep-groove bearing 6204,Bearings,Augsburg,BY,1,0,0,2,BRG-6204 · Augsburg
2023-06-09,BRG-6204,Deep-groove bearing 6204,Bearings,Augsburg,BY,0,0,0,23,BRG-6204 · Augsburg
2023-06-10,BRG-6204,Deep-groove bearing 6204,Bearings,Augsburg,BY,0,0,0,3,BRG-6204 · Augsburg
2023-06-11,BRG-6204,Deep-groove bearing 6204,Bearings,Augsburg,BY,0,0,0,2,BRG-6204 · Augsburg
2023-06-12,BRG-6204,Deep-groove bearing 6204,Bearings,Augsburg,BY,0,0,0,29,BRG-6204 · Augsburg
2023-06-13,BRG-6204,Deep-groove bearing 6204,Bearings,Augsburg,BY,0,0,0,27,BRG-6204 · Augsburg
2023-06-14,BRG-6204,Deep-groove bearing 6204,Bearings,Augsburg,BY,0,0,0,30,BRG-6204 · Augsburg
2023-06-15,BRG-6204,Deep-groove bearing 6204,Bearings,Augsburg,BY,0,0,0,26,BRG-6204 · Augsburg
2023-06-16,BRG-6204,Deep-groove bearing 6204,Bearings,Augsburg,BY,0,0,0,23,BRG-6204 · Augsburg
2023-06-17,BRG-6204,Deep-groove bearing 6204,Bearings,Augsburg,BY,0,0,0,4,BRG-6204 · Augsburg
2023-06-18,BRG-6204,Deep-groove bearing 6204,Bearings,Augsburg,BY,0,0,0,1,BRG-6204 · Augsburg
2023-06-19,BRG-6204,Deep-groove bearing 6204,Bearings,Augsburg,BY,0,0,0,30,BRG-6204 · Augsburg
2023-06-20,BRG-6204,Deep-groove bearing 6204,Bearings,Augsburg,BY,0,0,0,28,BRG-6204 · Augsburg
2023-06-21,BRG-6204,Deep-groove bearing 6204,Bearings,Augsburg,BY,0,0,0,28,BRG-6204 · Augsburg
2023-06-22,BRG-6204,Deep-groove bearing 6204,Bearings,Augsburg,BY,0,0,0,29,BRG-6204 · Augsburg
2023-06-23,BRG-6204,Deep-groove bearing 6204,Bearings,Augsburg,BY,0,0,0,22,BRG-6204 · Augsburg
2023-06-24,BRG-6204,Deep-groove bearing 6204,Bearings,Augsburg,BY,0,0,0,4,BRG-6204 · Augsburg
2023-06-25,BRG-6204,Deep-groove bearing 6204,Bearings,Augsburg,BY,0,0,0,2,BRG-6204 · Augsburg
2023-06-26,BRG-6204,Deep-groove bearing 6204,Bearings,Augsburg,BY,0,0,0,27,BRG-6204 · Augsburg
2023-06-27,BRG-6204,Deep-groove bearing 6204,Bearings,Augsburg,BY,0,0,0,28,BRG-6204 · Augsburg
2023-06-28,BRG-6204,Deep-groove bearing 6204,Bearings,Augsburg,BY,0,0,0,26,BRG-6204 · Augsburg
2023-06-29,BRG-6204,Deep-groove bearing 6204,Bearings,Augsburg,BY,0,0,0,26,BRG-6204 · Augsburg
2023-06-30,BRG-6204,Deep-groove bearing 6204,Bearings,Augsburg,BY,0,0,0,25,BRG-6204 · Augsburg
2023-07-01,BRG-6204,Deep-groove bearing 6204,Bearings,Augsburg,BY,0,0,0,4,BRG-6204 · Augsburg
2023-07-02,BRG-6204,Deep-groove bearing 6204,Bearings,Augsburg,BY,0,0,0,2,BRG-6204 · Augsburg
2023-07-03,BRG-6204,Deep-groove bearing 6204,Bearings,Augsburg,BY,0,0,0,32,BRG-6204 · Augsburg
2023-07-04,BRG-6204,Deep-groove bearing 6204,Bearings,Augsburg,BY,0,0,0,31,BRG-6204 · Augsburg
2023-07-05,BRG-6204,Deep-groove bearing 6204,Bearings,Augsburg,BY,0,0,0,32,BRG-6204 · Augsburg
2023-07-06,BRG-6204,Deep-groove bearing 6204,Bearings,Augsburg,BY,0,0,0,30,BRG-6204 · Augsburg
2023-07-07,BRG-6204,Deep-groove bearing 6204,Bearings,Augsburg,BY,0,0,0,27,BRG-6204 · Augsburg
2023-07-08,BRG-6204,Deep-groove bearing 6204,Bearings,Augsburg,BY,0,0,0,2,BRG-6204 · Augsburg
2023-07-09,BRG-6204,Deep-groove bearing 6204,Bearings,Augsburg,BY,0,0,0,2,BRG-6204 · Augsburg
2023-07-10,BRG-6204,Deep-groove bearing 6204,Bearings,Augsburg,BY,0,0,0,30,BRG-6204 · Augsburg
2023-07-11,BRG-6204,Deep-groove bearing 6204,Bearings,Augsburg,BY,0,0,0,30,BRG-6204 · Augsburg
2023-07-12,BRG-6204,Deep-groove bearing 6204,Bearings,Augsburg,BY,0,0,0,28,BRG-6204 · Augsburg
2023-07-13,BRG-6204,Deep-groove bearing 6204,Bearings,Augsburg,BY,0,0,0,29,BRG-6204 · Augsburg
2023-07-14,BRG-6204,Deep-groove bearing 6204,Bearings,Augsburg,BY,0,0,0,28,BRG-6204 · Augsburg
2023-07-15,BRG-6204,Deep-groove bearing 6204,Bearings,Augsburg,BY,0,0,0,3,BRG-6204 · Augsburg
2023-07-16,BRG-6204,Deep-groove bearing 6204,Bearings,Augsburg,BY,0,0,0,2,BRG-6204 · Augsburg
2023-07-17,BRG-6204,Deep-groove bearing 6204,Bearings,Augsburg,BY,0,0,0,29,BRG-6204 · Augsburg
2023-07-18,BRG-6204,Deep-groove bearing 6204,Bearings,Augsburg,BY,0,0,0,28,BRG-6204 · Augsburg
2023-07-19,BRG-6204,Deep-groove bearing 6204,Bearings,Augsburg,BY,0,0,0,28,BRG-6204 · Augsburg
2023-07-20,BRG-6204,Deep-groove bearing 6204,Bearings,Augsburg,BY,0,0,0,28,BRG-6204 · Augsburg
2023-07-21,BRG-6204,Deep-groove bearing 6204,Bearings,Augsburg,BY,0,0,0,27,BRG-6204 · Augsburg
2023-07-22,BRG-6204,Deep-groove bearing 6204,Bearings,Augsburg,BY,0,0,0,4,BRG-6204 · Augsburg
2023-07-23,BRG-6204,Deep-groove bearing 6204,Bearings,Augsburg,BY,0,0,0,2,BRG-6204 · Augsburg
2023-07-24,BRG-6204,Deep-groove bearing 6204,Bearings,Augsburg,BY,0,0,0,29,BRG-6204 · Augsburg
2023-07-25,BRG-6204,Deep-groove bearing 6204,Bearings,Augsburg,BY,0,0,0,26,BRG-6204 · Augsburg
2023-07-26,BRG-6204,Deep-groove bearing 6204,Bearings,Augsburg,BY,0,0,0,26,BRG-6204 · Augsburg
2023-07-27,BRG-6204,Deep-groove bearing 6204,Bearings,Augsburg,BY,0,0,0,26,BRG-6204 · Augsburg
2023-07-28,BRG-6204,Deep-groove bearing 6204,Bearings,Augsburg,BY,0,0,0,23,BRG-6204 · Augsburg
2023-07-29,BRG-6204,Deep-groove bearing 6204,Bearings,Augsburg,BY,0,0,0,3,BRG-6204 · Augsburg
2023-07-30,BRG-6204,Deep-groove bearing 6204,Bearings,Augsburg,BY,0,0,0,2,BRG-6204 · Augsburg
2023-07-31,BRG-6204,Deep-groove bearing 6204,Bearings,Augsburg,BY,0,0,0,27,BRG-6204 · Augsburg
2023-08-01,BRG-6204,Deep-groove bearing 6204,Bearings,Augsburg,BY,0,0,0,28,BRG-6204 · Augsburg
2023-08-02,BRG-6204,Deep-groove bearing 6204,Bearings,Augsburg,BY,0,0,0,26,BRG-6204 · Augsburg
2023-08-03,BRG-6204,Deep-groove bearing 6204,Bearings,Augsburg,BY,0,0,0,24,BRG-6204 · Augsburg
2023-08-04,BRG-6204,Deep-groove bearing 6204,Bearings,Augsburg,BY,0,0,0,23,BRG-6204 · Augsburg
2023-08-05,BRG-6204,Deep-groove bearing 6204,Bearings,Augsburg,BY,0,0,0,2,BRG-6204 · Augsburg
2023-08-06,BRG-6204,Deep-groove bearing 6204,Bearings,Augsburg,BY,0,0,0,2,BRG-6204 · Augsburg
2023-08-07,BRG-6204,Deep-groove bearing 6204,Bearings,Augsburg,BY,0,1,0,3,BRG-6204 · Augsburg
2023-08-08,BRG-6204,Deep-groove bearing 6204,Bearings,Augsburg,BY,0,1,0,4,BRG-6204 · Augsburg
2023-08-09,BRG-6204,Deep-groove bearing 6204,Bearings,Augsburg,BY,0,1,0,5,BRG-6204 · Augsburg
2023-08-10,BRG-6204,Deep-groove bearing 6204,Bearings,Augsburg,BY,0,1,0,5,BRG-6204 · Augsburg
2023-08-11,BRG-6204,Deep-groove bearing 6204,Bearings,Augsburg,BY,0,1,0,4,BRG-6204 · Augsburg
2023-08-12,BRG-6204,Deep-groove bearing 6204,Bearings,Augsburg,BY,0,1,0,0,BRG-6204 · Augsburg
2023-08-13,BRG-6204,Deep-groove bearing 6204,Bearings,Augsburg,BY,0,1,0,1,BRG-6204 · Augsburg
2023-08-14,BRG-6204,Deep-groove bearing 6204,Bearings,Augsburg,BY,0,1,0,5,BRG-6204 · Augsburg
2023-08-15,BRG-6204,Deep-groove bearing 6204,Bearings,Augsburg,BY,0,1,0,7,BRG-6204 · Augsburg
2023-08-16,BRG-6204,Deep-groove bearing 6204,Bearings,Augsburg,BY,0,1,0,5,BRG-6204 · Augsburg
2023-08-17,BRG-6204,Deep-groove bearing 6204,Bearings,Augsburg,BY,0,1,0,5,BRG-6204 · Augsburg
2023-08-18,BRG-6204,Deep-groove bearing 6204,Bearings,Augsburg,BY,0,1,0,5,BRG-6204 · Augsburg
2023-08-19,BRG-6204,Deep-groove bearing 6204,Bearings,Augsburg,BY,0,1,0,1,BRG-6204 · Augsburg
2023-08-20,BRG-6204,Deep-groove bearing 6204,Bearings,Augsburg,BY,0,1,0,0,BRG-6204 · Augsburg
2023-08-21,BRG-6204,Deep-groove bearing 6204,Bearings,Augsburg,BY,0,0,0,28,BRG-6204 · Augsburg
2023-08-22,BRG-6204,Deep-groove bearing 6204,Bearings,Augsburg,BY,0,0,0,28,BRG-6204 · Augsburg
2023-08-23,BRG-6204,Deep-groove bearing 6204,Bearings,Augsburg,BY,0,0,0,25,BRG-6204 · Augsburg
2023-08-24,BRG-6204,Deep-groove bearing 6204,Bearings,Augsburg,BY,0,0,0,25,BRG-6204 · Augsburg
2023-08-25,BRG-6204,Deep-groove bearing 6204,Bearings,Augsburg,BY,0,0,0,21,BRG-6204 · Augsburg
2023-08-26,BRG-6204,Deep-groove bearing 6204,Bearings,Augsburg,BY,0,0,0,3,BRG-6204 · Augsburg
2023-08-27,BRG-6204,Deep-groove bearing 6204,Bearings,Augsburg,BY,0,0,0,2,BRG-6204 · Augsburg
2023-08-28,BRG-6204,Deep-groove bearing 6204,Bearings,Augsburg,BY,0,0,0,25,BRG-6204 · Augsburg
2023-08-29,BRG-6204,Deep-groove bearing 6204,Bearings,Augsburg,BY,0,0,0,24,BRG-6204 · Augsburg
2023-08-30,BRG-6204,Deep-groove bearing 6204,Bearings,Augsburg,BY,0,0,0,24,BRG-6204 · Augsburg
2023-08-31,BRG-6204,Deep-groove bearing 6204,Bearings,Augsburg,BY,0,0,0,23,BRG-6204 · Augsburg
2023-09-01,BRG-6204,Deep-groove bearing 6204,Bearings,Augsburg,BY,0,0,0,19,BRG-6204 · Augsburg
2023-09-02,BRG-6204,Deep-groove bearing 6204,Bearings,Augsburg,BY,0,0,0,2,BRG-6204 · Augsburg
2023-09-03,BRG-6204,Deep-groove bearing 6204,Bearings,Augsburg,BY,0,0,0,2,BRG-6204 · Augsburg
2023-09-04,BRG-6204,Deep-groove bearing 6204,Bearings,Augsburg,BY,0,0,0,24,BRG-6204 · Augsburg
2023-09-05,BRG-6204,Deep-groove bearing 6204,Bearings,Augsburg,BY,0,0,0,23,BRG-6204 · Augsburg
2023-09-06,BRG-6204,Deep-groove bearing 6204,Bearings,Augsburg,BY,0,0,0,27,BRG-6204 · Augsburg
2023-09-07,BRG-6204,Deep-groove bearing 6204,Bearings,Augsburg,BY,0,0,0,26,BRG-6204 · Augsburg
2023-09-08,BRG-6204,Deep-groove bearing 6204,Bearings,Augsburg,BY,0,0,0,20,BRG-6204 · Augsburg
2023-09-09,BRG-6204,Deep-groove bearing 6204,Bearings,Augsburg,BY,0,0,0,3,BRG-6204 · Augsburg
2023-09-10,BRG-6204,Deep-groove bearing 6204,Bearings,Augsburg,BY,0,0,0,2,BRG-6204 · Augsburg
2023-09-11,BRG-6204,Deep-groove bearing 6204,Bearings,Augsburg,BY,0,0,0,28,BRG-6204 · Augsburg
2023-09-12,BRG-6204,Deep-groove bearing 6204,Bearings,Augsburg,BY,0,0,0,28,BRG-6204 · Augsburg
2023-09-13,BRG-6204,Deep-groove bearing 6204,Bearings,Augsburg,BY,0,0,0,25,BRG-6204 · Augsburg
2023-09-14,BRG-6204,Deep-groove bearing 6204,Bearings,Augsburg,BY,0,0,0,27,BRG-6204 · Augsburg
2023-09-15,BRG-6204,Deep-groove bearing 6204,Bearings,Augsburg,BY,0,0,0,23,BRG-6204 · Augsburg
2023-09-16,BRG-6204,Deep-groove bearing 6204,Bearings,Augsburg,BY,0,0,0,3,BRG-6204 · Augsburg
2023-09-17,BRG-6204,Deep-groove bearing 6204,Bearings,Augsburg,BY,0,0,0,2,BRG-6204 · Augsburg
2023-09-18,BRG-6204,Deep-groove bearing 6204,Bearings,Augsburg,BY,0,0,0,29,BRG-6204 · Augsburg
2023-09-19,BRG-6204,Deep-groove bearing 6204,Bearings,Augsburg,BY,0,0,0,29,BRG-6204 · Augsburg
2023-09-20,BRG-6204,Deep-groove bearing 6204,Bearings,Augsburg,BY,0,0,0,28,BRG-6204 · Augsburg
2023-09-21,BRG-6204,Deep-groove bearing 6204,Bearings,Augsburg,BY,0,0,0,24,BRG-6204 · Augsburg
2023-09-22,BRG-6204,Deep-groove bearing 6204,Bearings,Augsburg,BY,0,0,0,23,BRG-6204 · Augsburg
2023-09-23,BRG-6204,Deep-groove bearing 6204,Bearings,Augsburg,BY,0,0,0,3,BRG-6204 · Augsburg
2023-09-24,BRG-6204,Deep-groove bearing 6204,Bearings,Augsburg,BY,0,0,0,2,BRG-6204 · Augsburg
2023-09-25,BRG-6204,Deep-groove bearing 6204,Bearings,Augsburg,BY,0,0,0,28,BRG-6204 · Augsburg
2023-09-26,BRG-6204,Deep-groove bearing 6204,Bearings,Augsburg,BY,0,0,0,29,BRG-6204 · Augsburg
2023-09-27,BRG-6204,Deep-groove bearing 6204,Bearings,Augsburg,BY,0,0,0,27,BRG-6204 · Augsburg
2023-09-28,BRG-6204,Deep-groove bearing 6204,Bearings,Augsburg,BY,0,0,0,24,BRG-6204 · Augsburg
2023-09-29,BRG-6204,Deep-groove bearing 6204,Bearings,Augsburg,BY,0,0,0,23,BRG-6204 · Augsburg
2023-09-30,BRG-6204,Deep-groove bearing 6204,Bearings,Augsburg,BY,0,0,0,3,BRG-6204 · Augsburg
2023-10-01,BRG-6204,Deep-groove bearing 6204,Bearings,Augsburg,BY,0,0,1,2,BRG-6204 · Augsburg
2023-10-02,BRG-6204,Deep-groove bearing 6204,Bearings,Augsburg,BY,0,0,1,31,BRG-6204 · Augsburg
2023-10-03,BRG-6204,Deep-groove bearing 6204,Bearings,Augsburg,BY,1,0,1,4,BRG-6204 · Augsburg
2023-10-04,BRG-6204,Deep-groove bearing 6204,Bearings,Augsburg,BY,0,0,1,27,BRG-6204 · Augsburg
2023-10-05,BRG-6204,Deep-groove bearing 6204,Bearings,Augsburg,BY,0,0,1,27,BRG-6204 · Augsburg
2023-10-06,BRG-6204,Deep-groove bearing 6204,Bearings,Augsburg,BY,0,0,1,25,BRG-6204 · Augsburg
2023-10-07,BRG-6204,Deep-groove bearing 6204,Bearings,Augsburg,BY,0,0,1,3,BRG-6204 · Augsburg
2023-10-08,BRG-6204,Deep-groove bearing 6204,Bearings,Augsburg,BY,0,0,0,2,BRG-6204 · Augsburg
2023-10-09,BRG-6204,Deep-groove bearing 6204,Bearings,Augsburg,BY,0,0,0,27,BRG-6204 · Augsburg
2023-10-10,BRG-6204,Deep-groove bearing 6204,Bearings,Augsburg,BY,0,0,0,25,BRG-6204 · Augsburg
2023-10-11,BRG-6204,Deep-groove bearing 6204,Bearings,Augsburg,BY,0,0,0,26,BRG-6204 · Augsburg
2023-10-12,BRG-6204,Deep-groove bearing 6204,Bearings,Augsburg,BY,0,0,0,24,BRG-6204 · Augsburg
2023-10-13,BRG-6204,Deep-groove bearing 6204,Bearings,Augsburg,BY,0,0,0,23,BRG-6204 · Augsburg
2023-10-14,BRG-6204,Deep-groove bearing 6204,Bearings,Augsburg,BY,0,0,0,3,BRG-6204 · Augsburg
2023-10-15,BRG-6204,Deep-groove bearing 6204,Bearings,Augsburg,BY,0,0,0,2,BRG-6204 · Augsburg
2023-10-16,BRG-6204,Deep-groove bearing 6204,Bearings,Augsburg,BY,0,0,0,29,BRG-6204 · Augsburg
2023-10-17,BRG-6204,Deep-groove bearing 6204,Bearings,Augsburg,BY,0,0,0,27,BRG-6204 · Augsburg
2023-10-18,BRG-6204,Deep-groove bearing 6204,Bearings,Augsburg,BY,0,0,0,27,BRG-6204 · Augsburg
2023-10-19,BRG-6204,Deep-groove bearing 6204,Bearings,Augsburg,BY,0,0,0,26,BRG-6204 · Augsburg
2023-10-20,BRG-6204,Deep-groove bearing 6204,Bearings,Augsburg,BY,0,0,0,25,BRG-6204 · Augsburg
2023-10-21,BRG-6204,Deep-groove bearing 6204,Bearings,Augsburg,BY,0,0,0,2,BRG-6204 · Augsburg
2023-10-22,BRG-6204,Deep-groove bearing 6204,Bearings,Augsburg,BY,0,0,0,2,BRG-6204 · Augsburg
2023-10-23,BRG-6204,Deep-groove bearing 6204,Bearings,Augsburg,BY,0,0,0,24,BRG-6204 · Augsburg
2023-10-24,BRG-6204,Deep-groove bearing 6204,Bearings,Augsburg,BY,0,0,0,27,BRG-6204 · Augsburg
2023-10-25,BRG-6204,Deep-groove bearing 6204,Bearings,Augsburg,BY,0,0,0,26,BRG-6204 · Augsburg
2023-10-26,BRG-6204,Deep-groove bearing 6204,Bearings,Augsburg,BY,0,0,0,26,BRG-6204 · Augsburg
2023-10-27,BRG-6204,Deep-groove bearing 6204,Bearings,Augsburg,BY,0,0,0,24,BRG-6204 · Augsburg
2023-10-28,BRG-6204,Deep-groove bearing 6204,Bearings,Augsburg,BY,0,0,0,3,BRG-6204 · Augsburg
2023-10-29,BRG-6204,Deep-groove bearing 6204,Bearings,Augsburg,BY,0,0,0,2,BRG-6204 · Augsburg
2023-10-30,BRG-6204,Deep-groove bearing 6204,Bearings,Augsburg,BY,0,0,0,28,BRG-6204 · Augsburg
2023-10-31,BRG-6204,Deep-groove bearing 6204,Bearings,Augsburg,BY,0,0,0,26,BRG-6204 · Augsburg
2023-11-01,BRG-6204,Deep-groove bearing 6204,Bearings,Augsburg,BY,1,0,0,3,BRG-6204 · Augsburg
2023-11-02,BRG-6204,Deep-groove bearing 6204,Bearings,Augsburg,BY,0,0,0,26,BRG-6204 · Augsburg
2023-11-03,BRG-6204,Deep-groove bearing 6204,Bearings,Augsburg,BY,0,0,0,22,BRG-6204 · Augsburg
2023-11-04,BRG-6204,Deep-groove bearing 6204,Bearings,Augsburg,BY,0,0,0,3,BRG-6204 · Augsburg
2023-11-05,BRG-6204,Deep-groove bearing 6204,Bearings,Augsburg,BY,0,0,0,2,BRG-6204 · Augsburg
2023-11-06,BRG-6204,Deep-groove bearing 6204,Bearings,Augsburg,BY,0,0,0,28,BRG-6204 · Augsburg
2023-11-07,BRG-6204,Deep-groove bearing 6204,Bearings,Augsburg,BY,0,0,0,31,BRG-6204 · Augsburg
2023-11-08,BRG-6204,Deep-groove bearing 6204,Bearings,Augsburg,BY,0,0,0,30,BRG-6204 · Augsburg
2023-11-09,BRG-6204,Deep-groove bearing 6204,Bearings,Augsburg,BY,0,0,0,29,BRG-6204 · Augsburg
2023-11-10,BRG-6204,Deep-groove bearing 6204,Bearings,Augsburg,BY,0,0,0,25,BRG-6204 · Augsburg
2023-11-11,BRG-6204,Deep-groove bearing 6204,Bearings,Augsburg,BY,0,0,0,3,BRG-6204 · Augsburg
2023-11-12,BRG-6204,Deep-groove bearing 6204,Bearings,Augsburg,BY,0,0,0,2,BRG-6204 · Augsburg
2023-11-13,BRG-6204,Deep-groove bearing 6204,Bearings,Augsburg,BY,0,0,0,32,BRG-6204 · Augsburg
2023-11-14,BRG-6204,Deep-groove bearing 6204,Bearings,Augsburg,BY,0,0,0,28,BRG-6204 · Augsburg
2023-11-15,BRG-6204,Deep-groove bearing 6204,Bearings,Augsburg,BY,0,0,0,30,BRG-6204 · Augsburg
2023-11-16,BRG-6204,Deep-groove bearing 6204,Bearings,Augsburg,BY,0,0,0,26,BRG-6204 · Augsburg
2023-11-17,BRG-6204,Deep-groove bearing 6204,Bearings,Augsburg,BY,0,0,0,25,BRG-6204 · Augsburg
2023-11-18,BRG-6204,Deep-groove bearing 6204,Bearings,Augsburg,BY,0,0,0,3,BRG-6204 · Augsburg
2023-11-19,BRG-6204,Deep-groove bearing 6204,Bearings,Augsburg,BY,0,0,0,3,BRG-6204 · Augsburg
2023-11-20,BRG-6204,Deep-groove bearing 6204,Bearings,Augsburg,BY,0,0,0,29,BRG-6204 · Augsburg
2023-11-21,BRG-6204,Deep-groove bearing 6204,Bearings,Augsburg,BY,0,0,0,34,BRG-6204 · Augsburg
2023-11-22,BRG-6204,Deep-groove bearing 6204,Bearings,Augsburg,BY,0,0,0,31,BRG-6204 · Augsburg
2023-11-23,BRG-6204,Deep-groove bearing 6204,Bearings,Augsburg,BY,0,0,0,29,BRG-6204 · Augsburg
2023-11-24,BRG-6204,Deep-groove bearing 6204,Bearings,Augsburg,BY,0,0,0,26,BRG-6204 · Augsburg
2023-11-25,BRG-6204,Deep-groove bearing 6204,Bearings,Augsburg,BY,0,0,0,4,BRG-6204 · Augsburg
2023-11-26,BRG-6204,Deep-groove bearing 6204,Bearings,Augsburg,BY,0,0,0,2,BRG-6204 · Augsburg
2023-11-27,BRG-6204,Deep-groove bearing 6204,Bearings,Augsburg,BY,0,0,0,32,BRG-6204 · Augsburg
2023-11-28,BRG-6204,Deep-groove bearing 6204,Bearings,Augsburg,BY,0,0,0,29,BRG-6204 · Augsburg
2023-11-29,BRG-6204,Deep-groove bearing 6204,Bearings,Augsburg,BY,0,0,0,30,BRG-6204 · Augsburg
2023-11-30,BRG-6204,Deep-groove bearing 6204,Bearings,Augsburg,BY,0,0,0,26,BRG-6204 · Augsburg
2023-12-01,BRG-6204,Deep-groove bearing 6204,Bearings,Augsburg,BY,0,0,0,57,BRG-6204 · Augsburg
2023-12-02,BRG-6204,Deep-groove bearing 6204,Bearings,Augsburg,BY,0,0,0,3,BRG-6204 · Augsburg
2023-12-03,BRG-6204,Deep-groove bearing 6204,Bearings,Augsburg,BY,0,0,0,2,BRG-6204 · Augsburg
2023-12-04,BRG-6204,Deep-groove bearing 6204,Bearings,Augsburg,BY,0,0,0,30,BRG-6204 · Augsburg
2023-12-05,BRG-6204,Deep-groove bearing 6204,Bearings,Augsburg,BY,0,0,0,28,BRG-6204 · Augsburg
2023-12-06,BRG-6204,Deep-groove bearing 6204,Bearings,Augsburg,BY,0,0,0,28,BRG-6204 · Augsburg
2023-12-07,BRG-6204,Deep-groove bearing 6204,Bearings,Augsburg,BY,0,0,0,24,BRG-6204 · Augsburg
2023-12-08,BRG-6204,Deep-groove bearing 6204,Bearings,Augsburg,BY,0,0,0,23,BRG-6204 · Augsburg
2023-12-09,BRG-6204,Deep-groove bearing 6204,Bearings,Augsburg,BY,0,0,0,2,BRG-6204 · Augsburg
2023-12-10,BRG-6204,Deep-groove bearing 6204,Bearings,Augsburg,BY,0,0,0,2,BRG-6204 · Augsburg
2023-12-11,BRG-6204,Deep-groove bearing 6204,Bearings,Augsburg,BY,0,0,0,30,BRG-6204 · Augsburg
2023-12-12,BRG-6204,Deep-groove bearing 6204,Bearings,Augsburg,BY,0,0,0,30,BRG-6204 · Augsburg
2023-12-13,BRG-6204,Deep-groove bearing 6204,Bearings,Augsburg,BY,0,0,0,31,BRG-6204 · Augsburg
2023-12-14,BRG-6204,Deep-groove bearing 6204,Bearings,Augsburg,BY,0,0,0,26,BRG-6204 · Augsburg
2023-12-15,BRG-6204,Deep-groove bearing 6204,Bearings,Augsburg,BY,0,0,0,25,BRG-6204 · Augsburg
2023-12-16,BRG-6204,Deep-groove bearing 6204,Bearings,Augsburg,BY,0,0,0,3,BRG-6204 · Augsburg
2023-12-17,BRG-6204,Deep-groove bearing 6204,Bearings,Augsburg,BY,0,0,0,2,BRG-6204 · Augsburg
2023-12-18,BRG-6204,Deep-groove bearing 6204,Bearings,Augsburg,BY,0,0,0,31,BRG-6204 · Augsburg
2023-12-19,BRG-6204,Deep-groove bearing 6204,Bearings,Augsburg,BY,0,0,0,29,BRG-6204 · Augsburg
2023-12-20,BRG-6204,Deep-groove bearing 6204,Bearings,Augsburg,BY,0,0,0,29,BRG-6204 · Augsburg
2023-12-21,BRG-6204,Deep-groove bearing 6204,Bearings,Augsburg,BY,0,0,0,28,BRG-6204 · Augsburg
2023-12-22,BRG-6204,Deep-groove bearing 6204,Bearings,Augsburg,BY,0,0,0,24,BRG-6204 · Augsburg
2023-12-23,BRG-6204,Deep-groove bearing 6204,Bearings,Augsburg,BY,0,0,0,3,BRG-6204 · Augsburg
2023-12-24,BRG-6204,Deep-groove bearing 6204,Bearings,Augsburg,BY,0,1,0,1,BRG-6204 · Augsburg
2023-12-25,BRG-6204,Deep-groove bearing 6204,Bearings,Augsburg,BY,1,1,0,1,BRG-6204 · Augsburg
2023-12-26,BRG-6204,Deep-groove bearing 6204,Bearings,Augsburg,BY,1,1,0,0,BRG-6204 · Augsburg
2023-12-27,BRG-6204,Deep-groove bearing 6204,Bearings,Augsburg,BY,0,1,0,5,BRG-6204 · Augsburg
2023-12-28,BRG-6204,Deep-groove bearing 6204,Bearings,Augsburg,BY,0,1,0,6,BRG-6204 · Augsburg
2023-12-29,BRG-6204,Deep-groove bearing 6204,Bearings,Augsburg,BY,0,1,0,5,BRG-6204 · Augsburg
2023-12-30,BRG-6204,Deep-groove bearing 6204,Bearings,Augsburg,BY,0,1,0,0,BRG-6204 · Augsburg
2023-12-31,BRG-6204,Deep-groove bearing 6204,Bearings,Augsburg,BY,0,1,0,1,BRG-6204 · Augsburg
2024-01-01,BRG-6204,Deep-groove bearing 6204,Bearings,Augsburg,BY,1,1,0,1,BRG-6204 · Augsburg
2024-01-02,BRG-6204,Deep-groove bearing 6204,Bearings,Augsburg,BY,0,1,0,6,BRG-6204 · Augsburg
2024-01-03,BRG-6204,Deep-groove bearing 6204,Bearings,Augsburg,BY,0,0,0,30,BRG-6204 · Augsburg
2024-01-04,BRG-6204,Deep-groove bearing 6204,Bearings,Augsburg,BY,0,0,0,30,BRG-6204 · Augsburg
2024-01-05,BRG-6204,Deep-groove bearing 6204,Bearings,Augsburg,BY,0,0,0,27,BRG-6204 · Augsburg
2024-01-06,BRG-6204,Deep-groove bearing 6204,Bearings,Augsburg,BY,1,0,0,1,BRG-6204 · Augsburg
2024-01-07,BRG-6204,Deep-groove bearing 6204,Bearings,Augsburg,BY,0,0,0,2,BRG-6204 · Augsburg
2024-01-08,BRG-6204,Deep-groove bearing 6204,Bearings,Augsburg,BY,0,0,0,33,BRG-6204 · Augsburg
2024-01-09,BRG-6204,Deep-groove bearing 6204,Bearings,Augsburg,BY,0,0,0,30,BRG-6204 · Augsburg
2024-01-10,BRG-6204,Deep-groove bearing 6204,Bearings,Augsburg,BY,0,0,0,32,BRG-6204 · Augsburg
2024-01-11,BRG-6204,Deep-groove bearing 6204,Bearings,Augsburg,BY,0,0,0,30,BRG-6204 · Augsburg
2024-01-12,BRG-6204,Deep-groove bearing 6204,Bearings,Augsburg,BY,0,0,0,27,BRG-6204 · Augsburg
2024-01-13,BRG-6204,Deep-groove bearing 6204,Bearings,Augsburg,BY,0,0,0,4,BRG-6204 · Augsburg
2024-01-14,BRG-6204,Deep-groove bearing 6204,Bearings,Augsburg,BY,0,0,0,2,BRG-6204 · Augsburg
2024-01-15,BRG-6204,Deep-groove bearing 6204,Bearings,Augsburg,BY,0,0,0,35,BRG-6204 · Augsburg
2024-01-16,BRG-6204,Deep-groove bearing 6204,Bearings,Augsburg,BY,0,0,0,31,BRG-6204 · Augsburg
2024-01-17,BRG-6204,Deep-groove bearing 6204,Bearings,Augsburg,BY,0,0,0,30,BRG-6204 · Augsburg
2024-01-18,BRG-6204,Deep-groove bearing 6204,Bearings,Augsburg,BY,0,0,0,29,BRG-6204 · Augsburg
2024-01-19,BRG-6204,Deep-groove bearing 6204,Bearings,Augsburg,BY,0,0,0,26,BRG-6204 · Augsburg
2024-01-20,BRG-6204,Deep-groove bearing 6204,Bearings,Augsburg,BY,0,0,0,3,BRG-6204 · Augsburg
2024-01-21,BRG-6204,Deep-groove bearing 6204,Bearings,Augsburg,BY,0,0,0,2,BRG-6204 · Augsburg
2024-01-22,BRG-6204,Deep-groove bearing 6204,Bearings,Augsburg,BY,0,0,0,29,BRG-6204 · Augsburg
2024-01-23,BRG-6204,Deep-groove bearing 6204,Bearings,Augsburg,BY,0,0,0,30,BRG-6204 · Augsburg
2024-01-24,BRG-6204,Deep-groove bearing 6204,Bearings,Augsburg,BY,0,0,0,27,BRG-6204 · Augsburg
2024-01-25,BRG-6204,Deep-groove bearing 6204,Bearings,Augsburg,BY,0,0,0,28,BRG-6204 · Augsburg
2024-01-26,BRG-6204,Deep-groove bearing 6204,Bearings,Augsburg,BY,0,0,0,23,BRG-6204 · Augsburg
2024-01-27,BRG-6204,Deep-groove bearing 6204,Bearings,Augsburg,BY,0,0,0,3,BRG-6204 · Augsburg
2024-01-28,BRG-6204,Deep-groove bearing 6204,Bearings,Augsburg,BY,0,0,0,2,BRG-6204 · Augsburg
2024-01-29,BRG-6204,Deep-groove bearing 6204,Bearings,Augsburg,BY,0,0,0,28,BRG-6204 · Augsburg
2024-01-30,BRG-6204,Deep-groove bearing 6204,Bearings,Augsburg,BY,0,0,0,28,BRG-6204 · Augsburg
2024-01-31,BRG-6204,Deep-groove bearing 6204,Bearings,Augsburg,BY,0,0,0,31,BRG-6204 · Augsburg
2024-02-01,BRG-6204,Deep-groove bearing 6204,Bearings,Augsburg,BY,0,0,0,28,BRG-6204 · Augsburg
2024-02-02,BRG-6204,Deep-groove bearing 6204,Bearings,Augsburg,BY,0,0,0,25,BRG-6204 · Augsburg
2024-02-03,BRG-6204,Deep-groove bearing 6204,Bearings,Augsburg,BY,0,0,0,2,BRG-6204 · Augsburg
2024-02-04,BRG-6204,Deep-groove bearing 6204,Bearings,Augsburg,BY,0,0,0,2,BRG-6204 · Augsburg
2024-02-05,BRG-6204,Deep-groove bearing 6204,Bearings,Augsburg,BY,0,0,0,30,BRG-6204 · Augsburg
2024-02-06,BRG-6204,Deep-groove bearing 6204,Bearings,Augsburg,BY,0,0,0,29,BRG-6204 · Augsburg
2024-02-07,BRG-6204,Deep-groove bearing 6204,Bearings,Augsburg,BY,0,0,0,32,BRG-6204 · Augsburg
2024-02-08,BRG-6204,Deep-groove bearing 6204,Bearings,Augsburg,BY,0,0,0,28,BRG-6204 · Augsburg
2024-02-09,BRG-6204,Deep-groove bearing 6204,Bearings,Augsburg,BY,0,0,0,28,BRG-6204 · Augsburg
2024-02-10,BRG-6204,Deep-groove bearing 6204,Bearings,Augsburg,BY,0,0,0,3,BRG-6204 · Augsburg
2024-02-11,BRG-6204,Deep-groove bearing 6204,Bearings,Augsburg,BY,0,0,0,2,BRG-6204 · Augsburg
2024-02-12,BRG-6204,Deep-groove bearing 6204,Bearings,Augsburg,BY,0,0,0,32,BRG-6204 · Augsburg
2024-02-13,BRG-6204,Deep-groove bearing 6204,Bearings,Augsburg,BY,0,0,0,29,BRG-6204 · Augsburg
2024-02-14,BRG-6204,Deep-groove bearing 6204,Bearings,Augsburg,BY,0,0,0,30,BRG-6204 · Augsburg
2024-02-15,BRG-6204,Deep-groove bearing 6204,Bearings,Augsburg,BY,0,0,0,23,BRG-6204 · Augsburg
2024-02-16,BRG-6204,Deep-groove bearing 6204,Bearings,Augsburg,BY,0,0,0,20,BRG-6204 · Augsburg
2024-02-17,BRG-6204,Deep-groove bearing 6204,Bearings,Augsburg,BY,0,0,0,3,BRG-6204 · Augsburg
2024-02-18,BRG-6204,Deep-groove bearing 6204,Bearings,Augsburg,BY,0,0,0,2,BRG-6204 · Augsburg
2024-02-19,BRG-6204,Deep-groove bearing 6204,Bearings,Augsburg,BY,0,0,0,29,BRG-6204 · Augsburg
2024-02-20,BRG-6204,Deep-groove bearing 6204,Bearings,Augsburg,BY,0,0,0,28,BRG-6204 · Augsburg
2024-02-21,BRG-6204,Deep-groove bearing 6204,Bearings,Augsburg,BY,0,0,0,28,BRG-6204 · Augsburg
2024-02-22,BRG-6204,Deep-groove bearing 6204,Bearings,Augsburg,BY,0,0,0,30,BRG-6204 · Augsburg
2024-02-23,BRG-6204,Deep-groove bearing 6204,Bearings,Augsburg,BY,0,0,0,27,BRG-6204 · Augsburg
2024-02-24,BRG-6204,Deep-groove bearing 6204,Bearings,Augsburg,BY,0,0,0,4,BRG-6204 · Augsburg
2024-02-25,BRG-6204,Deep-groove bearing 6204,Bearings,Augsburg,BY,0,0,0,2,BRG-6204 · Augsburg
2024-02-26,BRG-6204,Deep-groove bearing 6204,Bearings,Augsburg,BY,0,0,0,32,BRG-6204 · Augsburg
2024-02-27,BRG-6204,Deep-groove bearing 6204,Bearings,Augsburg,BY,0,0,0,29,BRG-6204 · Augsburg
2024-02-28,BRG-6204,Deep-groove bearing 6204,Bearings,Augsburg,BY,0,0,0,29,BRG-6204 · Augsburg
2024-02-29,BRG-6204,Deep-groove bearing 6204,Bearings,Augsburg,BY,0,0,0,27,BRG-6204 · Augsburg
2024-03-01,BRG-6204,Deep-groove bearing 6204,Bearings,Augsburg,BY,0,0,0,24,BRG-6204 · Augsburg
2024-03-02,BRG-6204,Deep-groove bearing 6204,Bearings,Augsburg,BY,0,0,0,4,BRG-6204 · Augsburg
2024-03-03,BRG-6204,Deep-groove bearing 6204,Bearings,Augsburg,BY,0,0,0,1,BRG-6204 · Augsburg
2024-03-04,BRG-6204,Deep-groove bearing 6204,Bearings,Augsburg,BY,0,0,0,28,BRG-6204 · Augsburg
2024-03-05,BRG-6204,Deep-groove bearing 6204,Bearings,Augsburg,BY,0,0,0,28,BRG-6204 · Augsburg
2024-03-06,BRG-6204,Deep-groove bearing 6204,Bearings,Augsburg,BY,0,0,0,28,BRG-6204 · Augsburg
2024-03-07,BRG-6204,Deep-groove bearing 6204,Bearings,Augsburg,BY,0,0,0,28,BRG-6204 · Augsburg
2024-03-08,BRG-6204,Deep-groove bearing 6204,Bearings,Augsburg,BY,0,0,0,23,BRG-6204 · Augsburg
2024-03-09,BRG-6204,Deep-groove bearing 6204,Bearings,Augsburg,BY,0,0,0,3,BRG-6204 · Augsburg
2024-03-10,BRG-6204,Deep-groove bearing 6204,Bearings,Augsburg,BY,0,0,0,2,BRG-6204 · Augsburg
2024-03-11,BRG-6204,Deep-groove bearing 6204,Bearings,Augsburg,BY,0,0,0,33,BRG-6204 · Augsburg
2024-03-12,BRG-6204,Deep-groove bearing 6204,Bearings,Augsburg,BY,0,0,0,31,BRG-6204 · Augsburg
2024-03-13,BRG-6204,Deep-groove bearing 6204,Bearings,Augsburg,BY,0,0,0,27,BRG-6204 · Augsburg
2024-03-14,BRG-6204,Deep-groove bearing 6204,Bearings,Augsburg,BY,0,0,0,26,BRG-6204 · Augsburg
2024-03-15,BRG-6204,Deep-groove bearing 6204,Bearings,Augsburg,BY,0,0,0,23,BRG-6204 · Augsburg
2024-03-16,BRG-6204,Deep-groove bearing 6204,Bearings,Augsburg,BY,0,0,0,2,BRG-6204 · Augsburg
2024-03-17,BRG-6204,Deep-groove bearing 6204,Bearings,Augsburg,BY,0,0,0,2,BRG-6204 · Augsburg
2024-03-18,BRG-6204,Deep-groove bearing 6204,Bearings,Augsburg,BY,0,0,0,29,BRG-6204 · Augsburg
2024-03-19,BRG-6204,Deep-groove bearing 6204,Bearings,Augsburg,BY,0,0,0,30,BRG-6204 · Augsburg
2024-03-20,BRG-6204,Deep-groove bearing 6204,Bearings,Augsburg,BY,0,0,0,27,BRG-6204 · Augsburg
2024-03-21,BRG-6204,Deep-groove bearing 6204,Bearings,Augsburg,BY,0,0,0,27,BRG-6204 · Augsburg
2024-03-22,BRG-6204,Deep-groove bearing 6204,Bearings,Augsburg,BY,0,0,0,26,BRG-6204 · Augsburg
2024-03-23,BRG-6204,Deep-groove bearing 6204,Bearings,Augsburg,BY,0,0,0,4,BRG-6204 · Augsburg
2024-03-24,BRG-6204,Deep-groove bearing 6204,Bearings,Augsburg,BY,0,0,0,2,BRG-6204 · Augsburg
2024-03-25,BRG-6204,Deep-groove bearing 6204,Bearings,Augsburg,BY,0,0,0,30,BRG-6204 · Augsburg
2024-03-26,BRG-6204,Deep-groove bearing 6204,Bearings,Augsburg,BY,0,0,0,32,BRG-6204 · Augsburg
2024-03-27,BRG-6204,Deep-groove bearing 6204,Bearings,Augsburg,BY,0,0,0,29,BRG-6204 · Augsburg
2024-03-28,BRG-6204,Deep-groove bearing 6204,Bearings,Augsburg,BY,0,0,0,32,BRG-6204 · Augsburg
2024-03-29,BRG-6204,Deep-groove bearing 6204,Bearings,Augsburg,BY,1,0,0,3,BRG-6204 · Augsburg
2024-03-30,BRG-6204,Deep-groove bearing 6204,Bearings,Augsburg,BY,0,0,0,3,BRG-6204 · Augsburg
2024-03-31,BRG-6204,Deep-groove bearing 6204,Bearings,Augsburg,BY,0,0,0,2,BRG-6204 · Augsburg
2024-04-01,BRG-6204,Deep-groove bearing 6204,Bearings,Augsburg,BY,1,0,1,4,BRG-6204 · Augsburg
2024-04-02,BRG-6204,Deep-groove bearing 6204,Bearings,Augsburg,BY,0,0,1,34,BRG-6204 · Augsburg
2024-04-03,BRG-6204,Deep-groove bearing 6204,Bearings,Augsburg,BY,0,0,1,32,BRG-6204 · Augsburg
2024-04-04,BRG-6204,Deep-groove bearing 6204,Bearings,Augsburg,BY,0,0,1,34,BRG-6204 · Augsburg
2024-04-05,BRG-6204,Deep-groove bearing 6204,Bearings,Augsburg,BY,0,0,1,30,BRG-6204 · Augsburg
2024-04-06,BRG-6204,Deep-groove bearing 6204,Bearings,Augsburg,BY,0,0,1,3,BRG-6204 · Augsburg
2024-04-07,BRG-6204,Deep-groove bearing 6204,Bearings,Augsburg,BY,0,0,1,2,BRG-6204 · Augsburg
2024-04-08,BRG-6204,Deep-groove bearing 6204,Bearings,Augsburg,BY,0,0,0,33,BRG-6204 · Augsburg
2024-04-09,BRG-6204,Deep-groove bearing 6204,Bearings,Augsburg,BY,0,0,0,31,BRG-6204 · Augsburg
2024-04-10,BRG-6204,Deep-groove bearing 6204,Bearings,Augsburg,BY,0,0,0,26,BRG-6204 · Augsburg
2024-04-11,BRG-6204,Deep-groove bearing 6204,Bearings,Augsburg,BY,0,0,0,25,BRG-6204 · Augsburg
2024-04-12,BRG-6204,Deep-groove bearing 6204,Bearings,Augsburg,BY,0,0,0,28,BRG-6204 · Augsburg
2024-04-13,BRG-6204,Deep-groove bearing 6204,Bearings,Augsburg,BY,0,0,0,3,BRG-6204 · Augsburg
2024-04-14,BRG-6204,Deep-groove bearing 6204,Bearings,Augsburg,BY,0,0,0,1,BRG-6204 · Augsburg
2024-04-15,BRG-6204,Deep-groove bearing 6204,Bearings,Augsburg,BY,0,0,0,30,BRG-6204 · Augsburg
2024-04-16,BRG-6204,Deep-groove bearing 6204,Bearings,Augsburg,BY,0,0,0,30,BRG-6204 · Augsburg
2024-04-17,BRG-6204,Deep-groove bearing 6204,Bearings,Augsburg,BY,0,0,0,29,BRG-6204 · Augsburg
2024-04-18,BRG-6204,Deep-groove bearing 6204,Bearings,Augsburg,BY,0,0,0,27,BRG-6204 · Augsburg
2024-04-19,BRG-6204,Deep-groove bearing 6204,Bearings,Augsburg,BY,0,0,0,25,BRG-6204 · Augsburg
2024-04-20,BRG-6204,Deep-groove bearing 6204,Bearings,Augsburg,BY,0,0,0,3,BRG-6204 · Augsburg
2024-04-21,BRG-6204,Deep-groove bearing 6204,Bearings,Augsburg,BY,0,0,0,2,BRG-6204 · Augsburg
2024-04-22,BRG-6204,Deep-groove bearing 6204,Bearings,Augsburg,BY,0,0,0,34,BRG-6204 · Augsburg
2024-04-23,BRG-6204,Deep-groove bearing 6204,Bearings,Augsburg,BY,0,0,0,30,BRG-6204 · Augsburg
2024-04-24,BRG-6204,Deep-groove bearing 6204,Bearings,Augsburg,BY,0,0,0,33,BRG-6204 · Augsburg
2024-04-25,BRG-6204,Deep-groove bearing 6204,Bearings,Augsburg,BY,0,0,0,30,BRG-6204 · Augsburg
2024-04-26,BRG-6204,Deep-groove bearing 6204,Bearings,Augsburg,BY,0,0,0,28,BRG-6204 · Augsburg
2024-04-27,BRG-6204,Deep-groove bearing 6204,Bearings,Augsburg,BY,0,0,0,3,BRG-6204 · Augsburg
2024-04-28,BRG-6204,Deep-groove bearing 6204,Bearings,Augsburg,BY,0,0,0,1,BRG-6204 · Augsburg
2024-04-29,BRG-6204,Deep-groove bearing 6204,Bearings,Augsburg,BY,0,0,0,31,BRG-6204 · Augsburg
2024-04-30,BRG-6204,Deep-groove bearing 6204,Bearings,Augsburg,BY,0,0,0,29,BRG-6204 · Augsburg
2024-05-01,BRG-6204,Deep-groove bearing 6204,Bearings,Augsburg,BY,1,0,0,2,BRG-6204 · Augsburg
2024-05-02,BRG-6204,Deep-groove bearing 6204,Bearings,Augsburg,BY,0,0,0,28,BRG-6204 · Augsburg
2024-05-03,BRG-6204,Deep-groove bearing 6204,Bearings,Augsburg,BY,0,0,0,28,BRG-6204 · Augsburg
2024-05-04,BRG-6204,Deep-groove bearing 6204,Bearings,Augsburg,BY,0,0,0,4,BRG-6204 · Augsburg
2024-05-05,BRG-6204,Deep-groove bearing 6204,Bearings,Augsburg,BY,0,0,0,3,BRG-6204 · Augsburg
2024-05-06,BRG-6204,Deep-groove bearing 6204,Bearings,Augsburg,BY,0,0,0,33,BRG-6204 · Augsburg
2024-05-07,BRG-6204,Deep-groove bearing 6204,Bearings,Augsburg,BY,0,0,0,33,BRG-6204 · Augsburg
2024-05-08,BRG-6204,Deep-groove bearing 6204,Bearings,Augsburg,BY,0,0,0,30,BRG-6204 · Augsburg
2024-05-09,BRG-6204,Deep-groove bearing 6204,Bearings,Augsburg,BY,1,0,0,4,BRG-6204 · Augsburg
2024-05-10,BRG-6204,Deep-groove bearing 6204,Bearings,Augsburg,BY,0,0,0,28,BRG-6204 · Augsburg
2024-05-11,BRG-6204,Deep-groove bearing 6204,Bearings,Augsburg,BY,0,0,0,3,BRG-6204 · Augsburg
2024-05-12,BRG-6204,Deep-groove bearing 6204,Bearings,Augsburg,BY,0,0,0,2,BRG-6204 · Augsburg
2024-05-13,BRG-6204,Deep-groove bearing 6204,Bearings,Augsburg,BY,0,0,0,30,BRG-6204 · Augsburg
2024-05-14,BRG-6204,Deep-groove bearing 6204,Bearings,Augsburg,BY,0,0,0,27,BRG-6204 · Augsburg
2024-05-15,BRG-6204,Deep-groove bearing 6204,Bearings,Augsburg,BY,0,0,0,26,BRG-6204 · Augsburg
2024-05-16,BRG-6204,Deep-groove bearing 6204,Bearings,Augsburg,BY,0,0,0,26,BRG-6204 · Augsburg
2024-05-17,BRG-6204,Deep-groove bearing 6204,Bearings,Augsburg,BY,0,0,0,25,BRG-6204 · Augsburg
2024-05-18,BRG-6204,Deep-groove bearing 6204,Bearings,Augsburg,BY,0,0,0,3,BRG-6204 · Augsburg
2024-05-19,BRG-6204,Deep-groove bearing 6204,Bearings,Augsburg,BY,0,0,0,1,BRG-6204 · Augsburg
2024-05-20,BRG-6204,Deep-groove bearing 6204,Bearings,Augsburg,BY,1,0,0,3,BRG-6204 · Augsburg
2024-05-21,BRG-6204,Deep-groove bearing 6204,Bearings,Augsburg,BY,0,0,0,29,BRG-6204 · Augsburg
2024-05-22,BRG-6204,Deep-groove bearing 6204,Bearings,Augsburg,BY,0,0,0,29,BRG-6204 · Augsburg
2024-05-23,BRG-6204,Deep-groove bearing 6204,Bearings,Augsburg,BY,0,0,0,29,BRG-6204 · Augsburg
2024-05-24,BRG-6204,Deep-groove bearing 6204,Bearings,Augsburg,BY,0,0,0,26,BRG-6204 · Augsburg
2024-05-25,BRG-6204,Deep-groove bearing 6204,Bearings,Augsburg,BY,0,0,0,3,BRG-6204 · Augsburg
2024-05-26,BRG-6204,Deep-groove bearing 6204,Bearings,Augsburg,BY,0,0,0,2,BRG-6204 · Augsburg
2024-05-27,BRG-6204,Deep-groove bearing 6204,Bearings,Augsburg,BY,0,0,0,28,BRG-6204 · Augsburg
2024-05-28,BRG-6204,Deep-groove bearing 6204,Bearings,Augsburg,BY,0,0,0,29,BRG-6204 · Augsburg
2024-05-29,BRG-6204,Deep-groove bearing 6204,Bearings,Augsburg,BY,0,0,0,28,BRG-6204 · Augsburg
2024-05-30,BRG-6204,Deep-groove bearing 6204,Bearings,Augsburg,BY,1,0,0,3,BRG-6204 · Augsburg
2024-05-31,BRG-6204,Deep-groove bearing 6204,Bearings,Augsburg,BY,0,0,0,23,BRG-6204 · Augsburg
2024-06-01,BRG-6204,Deep-groove bearing 6204,Bearings,Augsburg,BY,0,0,0,3,BRG-6204 · Augsburg
2024-06-02,BRG-6204,Deep-groove bearing 6204,Bearings,Augsburg,BY,0,0,0,1,BRG-6204 · Augsburg
2024-06-03,BRG-6204,Deep-groove bearing 6204,Bearings,Augsburg,BY,0,0,0,33,BRG-6204 · Augsburg
2024-06-04,BRG-6204,Deep-groove bearing 6204,Bearings,Augsburg,BY,0,0,0,32,BRG-6204 · Augsburg
2024-06-05,BRG-6204,Deep-groove bearing 6204,Bearings,Augsburg,BY,0,0,0,27,BRG-6204 · Augsburg
2024-06-06,BRG-6204,Deep-groove bearing 6204,Bearings,Augsburg,BY,0,0,0,29,BRG-6204 · Augsburg
2024-06-07,BRG-6204,Deep-groove bearing 6204,Bearings,Augsburg,BY,0,0,0,25,BRG-6204 · Augsburg
2024-06-08,BRG-6204,Deep-groove bearing 6204,Bearings,Augsburg,BY,0,0,0,3,BRG-6204 · Augsburg
2024-06-09,BRG-6204,Deep-groove bearing 6204,Bearings,Augsburg,BY,0,0,0,2,BRG-6204 · Augsburg
2024-06-10,BRG-6204,Deep-groove bearing 6204,Bearings,Augsburg,BY,0,0,0,32,BRG-6204 · Augsburg
2024-06-11,BRG-6204,Deep-groove bearing 6204,Bearings,Augsburg,BY,0,0,0,34,BRG-6204 · Augsburg
2024-06-12,BRG-6204,Deep-groove bearing 6204,Bearings,Augsburg,BY,0,0,0,30,BRG-6204 · Augsburg
2024-06-13,BRG-6204,Deep-groove bearing 6204,Bearings,Augsburg,BY,0,0,0,32,BRG-6204 · Augsburg
2024-06-14,BRG-6204,Deep-groove bearing 6204,Bearings,Augsburg,BY,0,0,0,27,BRG-6204 · Augsburg
2024-06-15,BRG-6204,Deep-groove bearing 6204,Bearings,Augsburg,BY,0,0,0,4,BRG-6204 · Augsburg
2024-06-16,BRG-6204,Deep-groove bearing 6204,Bearings,Augsburg,BY,0,0,0,2,BRG-6204 · Augsburg
2024-06-17,BRG-6204,Deep-groove bearing 6204,Bearings,Augsburg,BY,0,0,0,31,BRG-6204 · Augsburg
2024-06-18,BRG-6204,Deep-groove bearing 6204,Bearings,Augsburg,BY,0,0,0,29,BRG-6204 · Augsburg
2024-06-19,BRG-6204,Deep-groove bearing 6204,Bearings,Augsburg,BY,0,0,0,27,BRG-6204 · Augsburg
2024-06-20,BRG-6204,Deep-groove bearing 6204,Bearings,Augsburg,BY,0,0,0,28,BRG-6204 · Augsburg
2024-06-21,BRG-6204,Deep-groove bearing 6204,Bearings,Augsburg,BY,0,0,0,26,BRG-6204 · Augsburg
2024-06-22,BRG-6204,Deep-groove bearing 6204,Bearings,Augsburg,BY,0,0,0,3,BRG-6204 · Augsburg
2024-06-23,BRG-6204,Deep-groove bearing 6204,Bearings,Augsburg,BY,0,0,0,2,BRG-6204 · Augsburg
2024-06-24,BRG-6204,Deep-groove bearing 6204,Bearings,Augsburg,BY,0,0,0,29,BRG-6204 · Augsburg
2024-06-25,BRG-6204,Deep-groove bearing 6204,Bearings,Augsburg,BY,0,0,0,25,BRG-6204 · Augsburg
2024-06-26,BRG-6204,Deep-groove bearing 6204,Bearings,Augsburg,BY,0,0,0,26,BRG-6204 · Augsburg
2024-06-27,BRG-6204,Deep-groove bearing 6204,Bearings,Augsburg,BY,0,0,0,24,BRG-6204 · Augsburg
2024-06-28,BRG-6204,Deep-groove bearing 6204,Bearings,Augsburg,BY,0,0,0,23,BRG-6204 · Augsburg
2024-06-29,BRG-6204,Deep-groove bearing 6204,Bearings,Augsburg,BY,0,0,0,3,BRG-6204 · Augsburg
2024-06-30,BRG-6204,Deep-groove bearing 6204,Bearings,Augsburg,BY,0,0,0,2,BRG-6204 · Augsburg
2024-07-01,BRG-6204,Deep-groove bearing 6204,Bearings,Augsburg,BY,0,0,0,28,BRG-6204 · Augsburg
2024-07-02,BRG-6204,Deep-groove bearing 6204,Bearings,Augsburg,BY,0,0,0,27,BRG-6204 · Augsburg
2024-07-03,BRG-6204,Deep-groove bearing 6204,Bearings,Augsburg,BY,0,0,0,29,BRG-6204 · Augsburg
2024-07-04,BRG-6204,Deep-groove bearing 6204,Bearings,Augsburg,BY,0,0,0,23,BRG-6204 · Augsburg
2024-07-05,BRG-6204,Deep-groove bearing 6204,Bearings,Augsburg,BY,0,0,0,21,BRG-6204 · Augsburg
2024-07-06,BRG-6204,Deep-groove bearing 6204,Bearings,Augsburg,BY,0,0,0,4,BRG-6204 · Augsburg
2024-07-07,BRG-6204,Deep-groove bearing 6204,Bearings,Augsburg,BY,0,0,0,2,BRG-6204 · Augsburg
2024-07-08,BRG-6204,Deep-groove bearing 6204,Bearings,Augsburg,BY,0,0,0,31,BRG-6204 · Augsburg
2024-07-09,BRG-6204,Deep-groove bearing 6204,Bearings,Augsburg,BY,0,0,0,27,BRG-6204 · Augsburg
2024-07-10,BRG-6204,Deep-groove bearing 6204,Bearings,Augsburg,BY,0,0,0,28,BRG-6204 · Augsburg
2024-07-11,BRG-6204,Deep-groove bearing 6204,Bearings,Augsburg,BY,0,0,0,29,BRG-6204 · Augsburg
2024-07-12,BRG-6204,Deep-groove bearing 6204,Bearings,Augsburg,BY,0,0,0,24,BRG-6204 · Augsburg
2024-07-13,BRG-6204,Deep-groove bearing 6204,Bearings,Augsburg,BY,0,0,0,3,BRG-6204 · Augsburg
2024-07-14,BRG-6204,Deep-groove bearing 6204,Bearings,Augsburg,BY,0,0,0,2,BRG-6204 · Augsburg
2024-07-15,BRG-6204,Deep-groove bearing 6204,Bearings,Augsburg,BY,0,0,0,27,BRG-6204 · Augsburg
2024-07-16,BRG-6204,Deep-groove bearing 6204,Bearings,Augsburg,BY,0,0,0,24,BRG-6204 · Augsburg
2024-07-17,BRG-6204,Deep-groove bearing 6204,Bearings,Augsburg,BY,0,0,0,27,BRG-6204 · Augsburg
2024-07-18,BRG-6204,Deep-groove bearing 6204,Bearings,Augsburg,BY,0,0,0,27,BRG-6204 · Augsburg
2024-07-19,BRG-6204,Deep-groove bearing 6204,Bearings,Augsburg,BY,0,0,0,22,BRG-6204 · Augsburg
2024-07-20,BRG-6204,Deep-groove bearing 6204,Bearings,Augsburg,BY,0,0,0,3,BRG-6204 · Augsburg
2024-07-21,BRG-6204,Deep-groove bearing 6204,Bearings,Augsburg,BY,0,0,0,1,BRG-6204 · Augsburg
2024-07-22,BRG-6204,Deep-groove bearing 6204,Bearings,Augsburg,BY,0,0,0,27,BRG-6204 · Augsburg
2024-07-23,BRG-6204,Deep-groove bearing 6204,Bearings,Augsburg,BY,0,0,0,28,BRG-6204 · Augsburg
2024-07-24,BRG-6204,Deep-groove bearing 6204,Bearings,Augsburg,BY,0,0,0,23,BRG-6204 · Augsburg
2024-07-25,BRG-6204,Deep-groove bearing 6204,Bearings,Augsburg,BY,0,0,0,27,BRG-6204 · Augsburg
2024-07-26,BRG-6204,Deep-groove bearing 6204,Bearings,Augsburg,BY,0,0,0,24,BRG-6204 · Augsburg
2024-07-27,BRG-6204,Deep-groove bearing 6204,Bearings,Augsburg,BY,0,0,0,3,BRG-6204 · Augsburg
2024-07-28,BRG-6204,Deep-groove bearing 6204,Bearings,Augsburg,BY,0,0,0,1,BRG-6204 · Augsburg
2024-07-29,BRG-6204,Deep-groove bearing 6204,Bearings,Augsburg,BY,0,0,0,25,BRG-6204 · Augsburg
2024-07-30,BRG-6204,Deep-groove bearing 6204,Bearings,Augsburg,BY,0,0,0,29,BRG-6204 · Augsburg
2024-07-31,BRG-6204,Deep-groove bearing 6204,Bearings,Augsburg,BY,0,0,0,23,BRG-6204 · Augsburg
2024-08-01,BRG-6204,Deep-groove bearing 6204,Bearings,Augsburg,BY,0,0,0,26,BRG-6204 · Augsburg
2024-08-02,BRG-6204,Deep-groove bearing 6204,Bearings,Augsburg,BY,0,0,0,22,BRG-6204 · Augsburg
2024-08-03,BRG-6204,Deep-groove bearing 6204,Bearings,Augsburg,BY,0,0,0,3,BRG-6204 · Augsburg
2024-08-04,BRG-6204,Deep-groove bearing 6204,Bearings,Augsburg,BY,0,0,0,1,BRG-6204 · Augsburg
2024-08-05,BRG-6204,Deep-groove bearing 6204,Bearings,Augsburg,BY,0,1,0,5,BRG-6204 · Augsburg
2024-08-06,BRG-6204,Deep-groove bearing 6204,Bearings,Augsburg,BY,0,1,0,5,BRG-6204 · Augsburg
2024-08-07,BRG-6204,Deep-groove bearing 6204,Bearings,Augsburg,BY,0,1,0,6,BRG-6204 · Augsburg
2024-08-08,BRG-6204,Deep-groove bearing 6204,Bearings,Augsburg,BY,0,1,0,5,BRG-6204 · Augsburg
2024-08-09,BRG-6204,Deep-groove bearing 6204,Bearings,Augsburg,BY,0,1,0,4,BRG-6204 · Augsburg
2024-08-10,BRG-6204,Deep-groove bearing 6204,Bearings,Augsburg,BY,0,1,0,0,BRG-6204 · Augsburg
2024-08-11,BRG-6204,Deep-groove bearing 6204,Bearings,Augsburg,BY,0,1,0,1,BRG-6204 · Augsburg
2024-08-12,BRG-6204,Deep-groove bearing 6204,Bearings,Augsburg,BY,0,1,0,5,BRG-6204 · Augsburg
2024-08-13,BRG-6204,Deep-groove bearing 6204,Bearings,Augsburg,BY,0,1,0,4,BRG-6204 · Augsburg
2024-08-14,BRG-6204,Deep-groove bearing 6204,Bearings,Augsburg,BY,0,1,0,5,BRG-6204 · Augsburg
2024-08-15,BRG-6204,Deep-groove bearing 6204,Bearings,Augsburg,BY,0,1,0,4,BRG-6204 · Augsburg
2024-08-16,BRG-6204,Deep-groove bearing 6204,Bearings,Augsburg,BY,0,1,0,4,BRG-6204 · Augsburg
2024-08-17,BRG-6204,Deep-groove bearing 6204,Bearings,Augsburg,BY,0,1,0,1,BRG-6204 · Augsburg
2024-08-18,BRG-6204,Deep-groove bearing 6204,Bearings,Augsburg,BY,0,1,0,0,BRG-6204 · Augsburg
2024-08-19,BRG-6204,Deep-groove bearing 6204,Bearings,Augsburg,BY,0,0,0,24,BRG-6204 · Augsburg
2024-08-20,BRG-6204,Deep-groove bearing 6204,Bearings,Augsburg,BY,0,0,0,26,BRG-6204 · Augsburg
2024-08-21,BRG-6204,Deep-groove bearing 6204,Bearings,Augsburg,BY,0,0,0,27,BRG-6204 · Augsburg
2024-08-22,BRG-6204,Deep-groove bearing 6204,Bearings,Augsburg,BY,0,0,0,22,BRG-6204 · Augsburg
2024-08-23,BRG-6204,Deep-groove bearing 6204,Bearings,Augsburg,BY,0,0,0,21,BRG-6204 · Augsburg
2024-08-24,BRG-6204,Deep-groove bearing 6204,Bearings,Augsburg,BY,0,0,0,3,BRG-6204 · Augsburg
2024-08-25,BRG-6204,Deep-groove bearing 6204,Bearings,Augsburg,BY,0,0,0,2,BRG-6204 · Augsburg
2024-08-26,BRG-6204,Deep-groove bearing 6204,Bearings,Augsburg,BY,0,0,0,28,BRG-6204 · Augsburg
2024-08-27,BRG-6204,Deep-groove bearing 6204,Bearings,Augsburg,BY,0,0,0,29,BRG-6204 · Augsburg
2024-08-28,BRG-6204,Deep-groove bearing 6204,Bearings,Augsburg,BY,0,0,0,27,BRG-6204 · Augsburg
2024-08-29,BRG-6204,Deep-groove bearing 6204,Bearings,Augsburg,BY,0,0,0,27,BRG-6204 · Augsburg
2024-08-30,BRG-6204,Deep-groove bearing 6204,Bearings,Augsburg,BY,0,0,0,27,BRG-6204 · Augsburg
2024-08-31,BRG-6204,Deep-groove bearing 6204,Bearings,Augsburg,BY,0,0,0,3,BRG-6204 · Augsburg
2024-09-01,BRG-6204,Deep-groove bearing 6204,Bearings,Augsburg,BY,0,0,0,1,BRG-6204 · Augsburg
2024-09-02,BRG-6204,Deep-groove bearing 6204,Bearings,Augsburg,BY,0,0,0,27,BRG-6204 · Augsburg
2024-09-03,BRG-6204,Deep-groove bearing 6204,Bearings,Augsburg,BY,0,0,0,27,BRG-6204 · Augsburg
2024-09-04,BRG-6204,Deep-groove bearing 6204,Bearings,Augsburg,BY,0,0,0,24,BRG-6204 · Augsburg
2024-09-05,BRG-6204,Deep-groove bearing 6204,Bearings,Augsburg,BY,0,0,0,23,BRG-6204 · Augsburg
2024-09-06,BRG-6204,Deep-groove bearing 6204,Bearings,Augsburg,BY,0,0,0,25,BRG-6204 · Augsburg
2024-09-07,BRG-6204,Deep-groove bearing 6204,Bearings,Augsburg,BY,0,0,0,3,BRG-6204 · Augsburg
2024-09-08,BRG-6204,Deep-groove bearing 6204,Bearings,Augsburg,BY,0,0,0,1,BRG-6204 · Augsburg
2024-09-09,BRG-6204,Deep-groove bearing 6204,Bearings,Augsburg,BY,0,0,0,28,BRG-6204 · Augsburg
2024-09-10,BRG-6204,Deep-groove bearing 6204,Bearings,Augsburg,BY,0,0,0,25,BRG-6204 · Augsburg
2024-09-11,BRG-6204,Deep-groove bearing 6204,Bearings,Augsburg,BY,0,0,0,26,BRG-6204 · Augsburg
2024-09-12,BRG-6204,Deep-groove bearing 6204,Bearings,Augsburg,BY,0,0,0,26,BRG-6204 · Augsburg
2024-09-13,BRG-6204,Deep-groove bearing 6204,Bearings,Augsburg,BY,0,0,0,21,BRG-6204 · Augsburg
2024-09-14,BRG-6204,Deep-groove bearing 6204,Bearings,Augsburg,BY,0,0,0,3,BRG-6204 · Augsburg
2024-09-15,BRG-6204,Deep-groove bearing 6204,Bearings,Augsburg,BY,0,0,0,2,BRG-6204 · Augsburg
2024-09-16,BRG-6204,Deep-groove bearing 6204,Bearings,Augsburg,BY,0,0,0,28,BRG-6204 · Augsburg
2024-09-17,BRG-6204,Deep-groove bearing 6204,Bearings,Augsburg,BY,0,0,0,26,BRG-6204 · Augsburg
2024-09-18,BRG-6204,Deep-groove bearing 6204,Bearings,Augsburg,BY,0,0,0,25,BRG-6204 · Augsburg
2024-09-19,BRG-6204,Deep-groove bearing 6204,Bearings,Augsburg,BY,0,0,0,25,BRG-6204 · Augsburg
2024-09-20,BRG-6204,Deep-groove bearing 6204,Bearings,Augsburg,BY,0,0,0,22,BRG-6204 · Augsburg
2024-09-21,BRG-6204,Deep-groove bearing 6204,Bearings,Augsburg,BY,0,0,0,3,BRG-6204 · Augsburg
2024-09-22,BRG-6204,Deep-groove bearing 6204,Bearings,Augsburg,BY,0,0,0,2,BRG-6204 · Augsburg
2024-09-23,BRG-6204,Deep-groove bearing 6204,Bearings,Augsburg,BY,0,0,0,26,BRG-6204 · Augsburg
2024-09-24,BRG-6204,Deep-groove bearing 6204,Bearings,Augsburg,BY,0,0,0,29,BRG-6204 · Augsburg
2024-09-25,BRG-6204,Deep-groove bearing 6204,Bearings,Augsburg,BY,0,0,0,25,BRG-6204 · Augsburg
2024-09-26,BRG-6204,Deep-groove bearing 6204,Bearings,Augsburg,BY,0,0,0,26,BRG-6204 · Augsburg
2024-09-27,BRG-6204,Deep-groove bearing 6204,Bearings,Augsburg,BY,0,0,0,21,BRG-6204 · Augsburg
2024-09-28,BRG-6204,Deep-groove bearing 6204,Bearings,Augsburg,BY,0,0,0,4,BRG-6204 · Augsburg
2024-09-29,BRG-6204,Deep-groove bearing 6204,Bearings,Augsburg,BY,0,0,0,2,BRG-6204 · Augsburg
2024-09-30,BRG-6204,Deep-groove bearing 6204,Bearings,Augsburg,BY,0,0,0,28,BRG-6204 · Augsburg
2024-10-01,BRG-6204,Deep-groove bearing 6204,Bearings,Augsburg,BY,0,0,1,24,BRG-6204 · Augsburg
2024-10-02,BRG-6204,Deep-groove bearing 6204,Bearings,Augsburg,BY,0,0,1,26,BRG-6204 · Augsburg
2024-10-03,BRG-6204,Deep-groove bearing 6204,Bearings,Augsburg,BY,1,0,1,3,BRG-6204 · Augsburg
2024-10-04,BRG-6204,Deep-groove bearing 6204,Bearings,Augsburg,BY,0,0,1,22,BRG-6204 · Augsburg
2024-10-05,BRG-6204,Deep-groove bearing 6204,Bearings,Augsburg,BY,0,0,1,3,BRG-6204 · Augsburg
2024-10-06,BRG-6204,Deep-groove bearing 6204,Bearings,Augsburg,BY,0,0,1,2,BRG-6204 · Augsburg
2024-10-07,BRG-6204,Deep-groove bearing 6204,Bearings,Augsburg,BY,0,0,1,29,BRG-6204 · Augsburg
2024-10-08,BRG-6204,Deep-groove bearing 6204,Bearings,Augsburg,BY,0,0,0,28,BRG-6204 · Augsburg
2024-10-09,BRG-6204,Deep-groove bearing 6204,Bearings,Augsburg,BY,0,0,0,27,BRG-6204 · Augsburg
2024-10-10,BRG-6204,Deep-groove bearing 6204,Bearings,Augsburg,BY,0,0,0,28,BRG-6204 · Augsburg
2024-10-11,BRG-6204,Deep-groove bearing 6204,Bearings,Augsburg,BY,0,0,0,24,BRG-6204 · Augsburg
2024-10-12,BRG-6204,Deep-groove bearing 6204,Bearings,Augsburg,BY,0,0,0,2,BRG-6204 · Augsburg
2024-10-13,BRG-6204,Deep-groove bearing 6204,Bearings,Augsburg,BY,0,0,0,2,BRG-6204 · Augsburg
2024-10-14,BRG-6204,Deep-groove bearing 6204,Bearings,Augsburg,BY,0,0,0,30,BRG-6204 · Augsburg
2024-10-15,BRG-6204,Deep-groove bearing 6204,Bearings,Augsburg,BY,0,0,0,25,BRG-6204 · Augsburg
2024-10-16,BRG-6204,Deep-groove bearing 6204,Bearings,Augsburg,BY,0,0,0,28,BRG-6204 · Augsburg
2024-10-17,BRG-6204,Deep-groove bearing 6204,Bearings,Augsburg,BY,0,0,0,29,BRG-6204 · Augsburg
2024-10-18,BRG-6204,Deep-groove bearing 6204,Bearings,Augsburg,BY,0,0,0,22,BRG-6204 · Augsburg
2024-10-19,BRG-6204,Deep-groove bearing 6204,Bearings,Augsburg,BY,0,0,0,3,BRG-6204 · Augsburg
2024-10-20,BRG-6204,Deep-groove bearing 6204,Bearings,Augsburg,BY,0,0,0,2,BRG-6204 · Augsburg
2024-10-21,BRG-6204,Deep-groove bearing 6204,Bearings,Augsburg,BY,0,0,0,28,BRG-6204 · Augsburg
2024-10-22,BRG-6204,Deep-groove bearing 6204,Bearings,Augsburg,BY,0,0,0,29,BRG-6204 · Augsburg
2024-10-23,BRG-6204,Deep-groove bearing 6204,Bearings,Augsburg,BY,0,0,0,26,BRG-6204 · Augsburg
2024-10-24,BRG-6204,Deep-groove bearing 6204,Bearings,Augsburg,BY,0,0,0,26,BRG-6204 · Augsburg
2024-10-25,BRG-6204,Deep-groove bearing 6204,Bearings,Augsburg,BY,0,0,0,20,BRG-6204 · Augsburg
2024-10-26,BRG-6204,Deep-groove bearing 6204,Bearings,Augsburg,BY,0,0,0,4,BRG-6204 · Augsburg
2024-10-27,BRG-6204,Deep-groove bearing 6204,Bearings,Augsburg,BY,0,0,0,2,BRG-6204 · Augsburg
2024-10-28,BRG-6204,Deep-groove bearing 6204,Bearings,Augsburg,BY,0,0,0,25,BRG-6204 · Augsburg
2024-10-29,BRG-6204,Deep-groove bearing 6204,Bearings,Augsburg,BY,0,0,0,26,BRG-6204 · Augsburg
2024-10-30,BRG-6204,Deep-groove bearing 6204,Bearings,Augsburg,BY,0,0,0,23,BRG-6204 · Augsburg
2024-10-31,BRG-6204,Deep-groove bearing 6204,Bearings,Augsburg,BY,0,0,0,24,BRG-6204 · Augsburg
2024-11-01,BRG-6204,Deep-groove bearing 6204,Bearings,Augsburg,BY,1,0,0,2,BRG-6204 · Augsburg
2024-11-02,BRG-6204,Deep-groove bearing 6204,Bearings,Augsburg,BY,0,0,0,3,BRG-6204 · Augsburg
2024-11-03,BRG-6204,Deep-groove bearing 6204,Bearings,Augsburg,BY,0,0,0,1,BRG-6204 · Augsburg
2024-11-04,BRG-6204,Deep-groove bearing 6204,Bearings,Augsburg,BY,0,0,0,24,BRG-6204 · Augsburg
2024-11-05,BRG-6204,Deep-groove bearing 6204,Bearings,Augsburg,BY,0,0,0,26,BRG-6204 · Augsburg
2024-11-06,BRG-6204,Deep-groove bearing 6204,Bearings,Augsburg,BY,0,0,0,26,BRG-6204 · Augsburg
2024-11-07,BRG-6204,Deep-groove bearing 6204,Bearings,Augsburg,BY,0,0,0,27,BRG-6204 · Augsburg
2024-11-08,BRG-6204,Deep-groove bearing 6204,Bearings,Augsburg,BY,0,0,0,24,BRG-6204 · Augsburg
2024-11-09,BRG-6204,Deep-groove bearing 6204,Bearings,Augsburg,BY,0,0,0,3,BRG-6204 · Augsburg
2024-11-10,BRG-6204,Deep-groove bearing 6204,Bearings,Augsburg,BY,0,0,0,2,BRG-6204 · Augsburg
2024-11-11,BRG-6204,Deep-groove bearing 6204,Bearings,Augsburg,BY,0,0,0,33,BRG-6204 · Augsburg
2024-11-12,BRG-6204,Deep-groove bearing 6204,Bearings,Augsburg,BY,0,0,0,27,BRG-6204 · Augsburg
2024-11-13,BRG-6204,Deep-groove bearing 6204,Bearings,Augsburg,BY,0,0,0,31,BRG-6204 · Augsburg
2024-11-14,BRG-6204,Deep-groove bearing 6204,Bearings,Augsburg,BY,0,0,0,30,BRG-6204 · Augsburg
2024-11-15,BRG-6204,Deep-groove bearing 6204,Bearings,Augsburg,BY,0,0,0,24,BRG-6204 · Augsburg
2024-11-16,BRG-6204,Deep-groove bearing 6204,Bearings,Augsburg,BY,0,0,0,4,BRG-6204 · Augsburg
2024-11-17,BRG-6204,Deep-groove bearing 6204,Bearings,Augsburg,BY,0,0,0,2,BRG-6204 · Augsburg
2024-11-18,BRG-6204,Deep-groove bearing 6204,Bearings,Augsburg,BY,0,0,0,33,BRG-6204 · Augsburg
2024-11-19,BRG-6204,Deep-groove bearing 6204,Bearings,Augsburg,BY,0,0,0,30,BRG-6204 · Augsburg
2024-11-20,BRG-6204,Deep-groove bearing 6204,Bearings,Augsburg,BY,0,0,0,28,BRG-6204 · Augsburg
2024-11-21,BRG-6204,Deep-groove bearing 6204,Bearings,Augsburg,BY,0,0,0,28,BRG-6204 · Augsburg
2024-11-22,BRG-6204,Deep-groove bearing 6204,Bearings,Augsburg,BY,0,0,0,25,BRG-6204 · Augsburg
2024-11-23,BRG-6204,Deep-groove bearing 6204,Bearings,Augsburg,BY,0,0,0,4,BRG-6204 · Augsburg
2024-11-24,BRG-6204,Deep-groove bearing 6204,Bearings,Augsburg,BY,0,0,0,2,BRG-6204 · Augsburg
2024-11-25,BRG-6204,Deep-groove bearing 6204,Bearings,Augsburg,BY,0,0,0,27,BRG-6204 · Augsburg
2024-11-26,BRG-6204,Deep-groove bearing 6204,Bearings,Augsburg,BY,0,0,0,28,BRG-6204 · Augsburg
2024-11-27,BRG-6204,Deep-groove bearing 6204,Bearings,Augsburg,BY,0,0,0,26,BRG-6204 · Augsburg
2024-11-28,BRG-6204,Deep-groove bearing 6204,Bearings,Augsburg,BY,0,0,0,25,BRG-6204 · Augsburg
2024-11-29,BRG-6204,Deep-groove bearing 6204,Bearings,Augsburg,BY,0,0,0,22,BRG-6204 · Augsburg
2024-11-30,BRG-6204,Deep-groove bearing 6204,Bearings,Augsburg,BY,0,0,0,3,BRG-6204 · Augsburg
2024-12-01,BRG-6204,Deep-groove bearing 6204,Bearings,Augsburg,BY,0,0,0,1,BRG-6204 · Augsburg
2024-12-02,BRG-6204,Deep-groove bearing 6204,Bearings,Augsburg,BY,0,0,0,26,BRG-6204 · Augsburg
2024-12-03,BRG-6204,Deep-groove bearing 6204,Bearings,Augsburg,BY,0,0,0,24,BRG-6204 · Augsburg
2024-12-04,BRG-6204,Deep-groove bearing 6204,Bearings,Augsburg,BY,0,0,0,26,BRG-6204 · Augsburg
2024-12-05,BRG-6204,Deep-groove bearing 6204,Bearings,Augsburg,BY,0,0,0,26,BRG-6204 · Augsburg
2024-12-06,BRG-6204,Deep-groove bearing 6204,Bearings,Augsburg,BY,0,0,0,22,BRG-6204 · Augsburg
2024-12-07,BRG-6204,Deep-groove bearing 6204,Bearings,Augsburg,BY,0,0,0,2,BRG-6204 · Augsburg
2024-12-08,BRG-6204,Deep-groove bearing 6204,Bearings,Augsburg,BY,0,0,0,1,BRG-6204 · Augsburg
2024-12-09,BRG-6204,Deep-groove bearing 6204,Bearings,Augsburg,BY,0,0,0,29,BRG-6204 · Augsburg
2024-12-10,BRG-6204,Deep-groove bearing 6204,Bearings,Augsburg,BY,0,0,0,27,BRG-6204 · Augsburg
2024-12-11,BRG-6204,Deep-groove bearing 6204,Bearings,Augsburg,BY,0,0,0,28,BRG-6204 · Augsburg
2024-12-12,BRG-6204,Deep-groove bearing 6204,Bearings,Augsburg,BY,0,0,0,25,BRG-6204 · Augsburg
2024-12-13,BRG-6204,Deep-groove bearing 6204,Bearings,Augsburg,BY,0,0,0,26,BRG-6204 · Augsburg
2024-12-14,BRG-6204,Deep-groove bearing 6204,Bearings,Augsburg,BY,0,0,0,3,BRG-6204 · Augsburg
2024-12-15,BRG-6204,Deep-groove bearing 6204,Bearings,Augsburg,BY,0,0,0,2,BRG-6204 · Augsburg
2024-12-16,BRG-6204,Deep-groove bearing 6204,Bearings,Augsburg,BY,0,0,0,31,BRG-6204 · Augsburg
2024-12-17,BRG-6204,Deep-groove bearing 6204,Bearings,Augsburg,BY,0,0,0,28,BRG-6204 · Augsburg
2024-12-18,BRG-6204,Deep-groove bearing 6204,Bearings,Augsburg,BY,0,0,0,26,BRG-6204 · Augsburg
2024-12-19,BRG-6204,Deep-groove bearing 6204,Bearings,Augsburg,BY,0,0,0,25,BRG-6204 · Augsburg
2024-12-20,BRG-6204,Deep-groove bearing 6204,Bearings,Augsburg,BY,0,0,0,22,BRG-6204 · Augsburg
2024-12-21,BRG-6204,Deep-groove bearing 6204,Bearings,Augsburg,BY,0,0,0,3,BRG-6204 · Augsburg
2024-12-22,BRG-6204,Deep-groove bearing 6204,Bearings,Augsburg,BY,0,0,0,2,BRG-6204 · Augsburg
2024-12-23,BRG-6204,Deep-groove bearing 6204,Bearings,Augsburg,BY,0,0,0,27,BRG-6204 · Augsburg
2024-12-24,BRG-6204,Deep-groove bearing 6204,Bearings,Augsburg,BY,0,1,0,6,BRG-6204 · Augsburg
2024-12-25,BRG-6204,Deep-groove bearing 6204,Bearings,Augsburg,BY,1,1,0,1,BRG-6204 · Augsburg
2024-12-26,BRG-6204,Deep-groove bearing 6204,Bearings,Augsburg,BY,1,1,0,1,BRG-6204 · Augsburg
2024-12-27,BRG-6204,Deep-groove bearing 6204,Bearings,Augsburg,BY,0,1,0,4,BRG-6204 · Augsburg
2024-12-28,BRG-6204,Deep-groove bearing 6204,Bearings,Augsburg,BY,0,1,0,1,BRG-6204 · Augsburg
2024-12-29,BRG-6204,Deep-groove bearing 6204,Bearings,Augsburg,BY,0,1,0,0,BRG-6204 · Augsburg
2024-12-30,BRG-6204,Deep-groove bearing 6204,Bearings,Augsburg,BY,0,1,0,6,BRG-6204 · Augsburg
2024-12-31,BRG-6204,Deep-groove bearing 6204,Bearings,Augsburg,BY,0,1,0,4,BRG-6204 · Augsburg
2023-01-01,BRG-6204,Deep-groove bearing 6204,Bearings,Bremen,HB,1,1,0,0,BRG-6204 · Bremen
2023-01-02,BRG-6204,Deep-groove bearing 6204,Bearings,Bremen,HB,0,1,0,4,BRG-6204 · Bremen
2023-01-03,BRG-6204,Deep-groove bearing 6204,Bearings,Bremen,HB,0,0,0,23,BRG-6204 · Bremen
2023-01-04,BRG-6204,Deep-groove bearing 6204,Bearings,Bremen,HB,0,0,0,22,BRG-6204 · Bremen
2023-01-05,BRG-6204,Deep-groove bearing 6204,Bearings,Bremen,HB,0,0,0,21,BRG-6204 · Bremen
2023-01-06,BRG-6204,Deep-groove bearing 6204,Bearings,Bremen,HB,0,0,0,17,BRG-6204 · Bremen
2023-01-07,BRG-6204,Deep-groove bearing 6204,Bearings,Bremen,HB,0,0,0,3,BRG-6204 · Bremen
2023-01-08,BRG-6204,Deep-groove bearing 6204,Bearings,Bremen,HB,0,0,0,2,BRG-6204 · Bremen
2023-01-09,BRG-6204,Deep-groove bearing 6204,Bearings,Bremen,HB,0,0,0,25,BRG-6204 · Bremen
2023-01-10,BRG-6204,Deep-groove bearing 6204,Bearings,Bremen,HB,0,0,0,22,BRG-6204 · Bremen
2023-01-11,BRG-6204,Deep-groove bearing 6204,Bearings,Bremen,HB,0,0,0,20,BRG-6204 · Bremen
2023-01-12,BRG-6204,Deep-groove bearing 6204,Bearings,Bremen,HB,0,0,0,24,BRG-6204 · Bremen
2023-01-13,BRG-6204,Deep-groove bearing 6204,Bearings,Bremen,HB,0,0,0,20,BRG-6204 · Bremen
2023-01-14,BRG-6204,Deep-groove bearing 6204,Bearings,Bremen,HB,0,0,0,2,BRG-6204 · Bremen
2023-01-15,BRG-6204,Deep-groove bearing 6204,Bearings,Bremen,HB,0,0,0,2,BRG-6204 · Bremen
2023-01-16,BRG-6204,Deep-groove bearing 6204,Bearings,Bremen,HB,0,0,0,26,BRG-6204 · Bremen
2023-01-17,BRG-6204,Deep-groove bearing 6204,Bearings,Bremen,HB,0,0,0,23,BRG-6204 · Bremen
2023-01-18,BRG-6204,Deep-groove bearing 6204,Bearings,Bremen,HB,0,0,0,18,BRG-6204 · Bremen
2023-01-19,BRG-6204,Deep-groove bearing 6204,Bearings,Bremen,HB,0,0,0,25,BRG-6204 · Bremen
2023-01-20,BRG-6204,Deep-groove bearing 6204,Bearings,Bremen,HB,0,0,0,16,BRG-6204 · Bremen
2023-01-21,BRG-6204,Deep-groove bearing 6204,Bearings,Bremen,HB,0,0,0,2,BRG-6204 · Bremen
2023-01-22,BRG-6204,Deep-groove bearing 6204,Bearings,Bremen,HB,0,0,0,1,BRG-6204 · Bremen
2023-01-23,BRG-6204,Deep-groove bearing 6204,Bearings,Bremen,HB,0,0,0,23,BRG-6204 · Bremen
2023-01-24,BRG-6204,Deep-groove bearing 6204,Bearings,Bremen,HB,0,0,0,23,BRG-6204 · Bremen
2023-01-25,BRG-6204,Deep-groove bearing 6204,Bearings,Bremen,HB,0,0,0,20,BRG-6204 · Bremen
2023-01-26,BRG-6204,Deep-groove bearing 6204,Bearings,Bremen,HB,0,0,0,21,BRG-6204 · Bremen
2023-01-27,BRG-6204,Deep-groove bearing 6204,Bearings,Bremen,HB,0,0,0,21,BRG-6204 · Bremen
2023-01-28,BRG-6204,Deep-groove bearing 6204,Bearings,Bremen,HB,0,0,0,2,BRG-6204 · Bremen
2023-01-29,BRG-6204,Deep-groove bearing 6204,Bearings,Bremen,HB,0,0,0,1,BRG-6204 · Bremen
2023-01-30,BRG-6204,Deep-groove bearing 6204,Bearings,Bremen,HB,0,0,0,22,BRG-6204 · Bremen
2023-01-31,BRG-6204,Deep-groove bearing 6204,Bearings,Bremen,HB,0,0,0,20,BRG-6204 · Bremen
2023-02-01,BRG-6204,Deep-groove bearing 6204,Bearings,Bremen,HB,0,0,0,20,BRG-6204 · Bremen
2023-02-02,BRG-6204,Deep-groove bearing 6204,Bearings,Bremen,HB,0,0,0,19,BRG-6204 · Bremen
2023-02-03,BRG-6204,Deep-groove bearing 6204,Bearings,Bremen,HB,0,0,0,20,BRG-6204 · Bremen
2023-02-04,BRG-6204,Deep-groove bearing 6204,Bearings,Bremen,HB,0,0,0,3,BRG-6204 · Bremen
2023-02-05,BRG-6204,Deep-groove bearing 6204,Bearings,Bremen,HB,0,0,0,1,BRG-6204 · Bremen
2023-02-06,BRG-6204,Deep-groove bearing 6204,Bearings,Bremen,HB,0,0,0,23,BRG-6204 · Bremen
2023-02-07,BRG-6204,Deep-groove bearing 6204,Bearings,Bremen,HB,0,0,0,24,BRG-6204 · Bremen
2023-02-08,BRG-6204,Deep-groove bearing 6204,Bearings,Bremen,HB,0,0,0,21,BRG-6204 · Bremen
2023-02-09,BRG-6204,Deep-groove bearing 6204,Bearings,Bremen,HB,0,0,0,23,BRG-6204 · Bremen
2023-02-10,BRG-6204,Deep-groove bearing 6204,Bearings,Bremen,HB,0,0,0,21,BRG-6204 · Bremen
2023-02-11,BRG-6204,Deep-groove bearing 6204,Bearings,Bremen,HB,0,0,0,3,BRG-6204 · Bremen
2023-02-12,BRG-6204,Deep-groove bearing 6204,Bearings,Bremen,HB,0,0,0,1,BRG-6204 · Bremen
2023-02-13,BRG-6204,Deep-groove bearing 6204,Bearings,Bremen,HB,0,0,0,25,BRG-6204 · Bremen
2023-02-14,BRG-6204,Deep-groove bearing 6204,Bearings,Bremen,HB,0,0,0,23,BRG-6204 · Bremen
2023-02-15,BRG-6204,Deep-groove bearing 6204,Bearings,Bremen,HB,0,0,0,24,BRG-6204 · Bremen
2023-02-16,BRG-6204,Deep-groove bearing 6204,Bearings,Bremen,HB,0,0,0,25,BRG-6204 · Bremen
2023-02-17,BRG-6204,Deep-groove bearing 6204,Bearings,Bremen,HB,0,0,0,22,BRG-6204 · Bremen
2023-02-18,BRG-6204,Deep-groove bearing 6204,Bearings,Bremen,HB,0,0,0,3,BRG-6204 · Bremen
2023-02-19,BRG-6204,Deep-groove bearing 6204,Bearings,Bremen,HB,0,0,0,2,BRG-6204 · Bremen
2023-02-20,BRG-6204,Deep-groove bearing 6204,Bearings,Bremen,HB,0,0,0,28,BRG-6204 · Bremen
2023-02-21,BRG-6204,Deep-groove bearing 6204,Bearings,Bremen,HB,0,0,0,27,BRG-6204 · Bremen
2023-02-22,BRG-6204,Deep-groove bearing 6204,Bearings,Bremen,HB,0,0,0,26,BRG-6204 · Bremen
2023-02-23,BRG-6204,Deep-groove bearing 6204,Bearings,Bremen,HB,0,0,0,23,BRG-6204 · Bremen
2023-02-24,BRG-6204,Deep-groove bearing 6204,Bearings,Bremen,HB,0,0,0,20,BRG-6204 · Bremen
2023-02-25,BRG-6204,Deep-groove bearing 6204,Bearings,Bremen,HB,0,0,0,3,BRG-6204 · Bremen
2023-02-26,BRG-6204,Deep-groove bearing 6204,Bearings,Bremen,HB,0,0,0,2,BRG-6204 · Bremen
2023-02-27,BRG-6204,Deep-groove bearing 6204,Bearings,Bremen,HB,0,0,0,24,BRG-6204 · Bremen
2023-02-28,BRG-6204,Deep-groove bearing 6204,Bearings,Bremen,HB,0,0,0,24,BRG-6204 · Bremen
2023-03-01,BRG-6204,Deep-groove bearing 6204,Bearings,Bremen,HB,0,0,0,23,BRG-6204 · Bremen
2023-03-02,BRG-6204,Deep-groove bearing 6204,Bearings,Bremen,HB,0,0,0,25,BRG-6204 · Bremen
2023-03-03,BRG-6204,Deep-groove bearing 6204,Bearings,Bremen,HB,0,0,0,22,BRG-6204 · Bremen
2023-03-04,BRG-6204,Deep-groove bearing 6204,Bearings,Bremen,HB,0,0,0,3,BRG-6204 · Bremen
2023-03-05,BRG-6204,Deep-groove bearing 6204,Bearings,Bremen,HB,0,0,0,2,BRG-6204 · Bremen
2023-03-06,BRG-6204,Deep-groove bearing 6204,Bearings,Bremen,HB,0,0,0,23,BRG-6204 · Bremen
2023-03-07,BRG-6204,Deep-groove bearing 6204,Bearings,Bremen,HB,0,0,0,21,BRG-6204 · Bremen
2023-03-08,BRG-6204,Deep-groove bearing 6204,Bearings,Bremen,HB,0,0,0,21,BRG-6204 · Bremen
2023-03-09,BRG-6204,Deep-groove bearing 6204,Bearings,Bremen,HB,0,0,0,21,BRG-6204 · Bremen
2023-03-10,BRG-6204,Deep-groove bearing 6204,Bearings,Bremen,HB,0,0,0,19,BRG-6204 · Bremen
2023-03-11,BRG-6204,Deep-groove bearing 6204,Bearings,Bremen,HB,0,0,0,3,BRG-6204 · Bremen
2023-03-12,BRG-6204,Deep-groove bearing 6204,Bearings,Bremen,HB,0,0,0,2,BRG-6204 · Bremen
2023-03-13,BRG-6204,Deep-groove bearing 6204,Bearings,Bremen,HB,0,0,0,23,BRG-6204 · Bremen
2023-03-14,BRG-6204,Deep-groove bearing 6204,Bearings,Bremen,HB,0,0,0,23,BRG-6204 · Bremen
2023-03-15,BRG-6204,Deep-groove bearing 6204,Bearings,Bremen,HB,0,0,0,21,BRG-6204 · Bremen
2023-03-16,BRG-6204,Deep-groove bearing 6204,Bearings,Bremen,HB,0,0,0,21,BRG-6204 · Bremen
2023-03-17,BRG-6204,Deep-groove bearing 6204,Bearings,Bremen,HB,0,0,0,19,BRG-6204 · Bremen
2023-03-18,BRG-6204,Deep-groove bearing 6204,Bearings,Bremen,HB,0,0,0,3,BRG-6204 · Bremen
2023-03-19,BRG-6204,Deep-groove bearing 6204,Bearings,Bremen,HB,0,0,0,2,BRG-6204 · Bremen
2023-03-20,BRG-6204,Deep-groove bearing 6204,Bearings,Bremen,HB,0,0,0,24,BRG-6204 · Bremen
2023-03-21,BRG-6204,Deep-groove bearing 6204,Bearings,Bremen,HB,0,0,0,22,BRG-6204 · Bremen
2023-03-22,BRG-6204,Deep-groove bearing 6204,Bearings,Bremen,HB,0,0,0,23,BRG-6204 · Bremen
2023-03-23,BRG-6204,Deep-groove bearing 6204,Bearings,Bremen,HB,0,0,0,24,BRG-6204 · Bremen
2023-03-24,BRG-6204,Deep-groove bearing 6204,Bearings,Bremen,HB,0,0,0,17,BRG-6204 · Bremen
2023-03-25,BRG-6204,Deep-groove bearing 6204,Bearings,Bremen,HB,0,0,0,3,BRG-6204 · Bremen
2023-03-26,BRG-6204,Deep-groove bearing 6204,Bearings,Bremen,HB,0,0,0,2,BRG-6204 · Bremen
2023-03-27,BRG-6204,Deep-groove bearing 6204,Bearings,Bremen,HB,0,0,0,24,BRG-6204 · Bremen
2023-03-28,BRG-6204,Deep-groove bearing 6204,Bearings,Bremen,HB,0,0,0,22,BRG-6204 · Bremen
2023-03-29,BRG-6204,Deep-groove bearing 6204,Bearings,Bremen,HB,0,0,0,26,BRG-6204 · Bremen
2023-03-30,BRG-6204,Deep-groove bearing 6204,Bearings,Bremen,HB,0,0,0,25,BRG-6204 · Bremen
2023-03-31,BRG-6204,Deep-groove bearing 6204,Bearings,Bremen,HB,0,0,0,21,BRG-6204 · Bremen
2023-04-01,BRG-6204,Deep-groove bearing 6204,Bearings,Bremen,HB,0,0,1,3,BRG-6204 · Bremen
2023-04-02,BRG-6204,Deep-groove bearing 6204,Bearings,Bremen,HB,0,0,1,1,BRG-6204 · Bremen
2023-04-03,BRG-6204,Deep-groove bearing 6204,Bearings,Bremen,HB,0,0,1,25,BRG-6204 · Bremen
2023-04-04,BRG-6204,Deep-groove bearing 6204,Bearings,Bremen,HB,0,0,1,24,BRG-6204 · Bremen
2023-04-05,BRG-6204,Deep-groove bearing 6204,Bearings,Bremen,HB,0,0,1,24,BRG-6204 · Bremen
2023-04-06,BRG-6204,Deep-groove bearing 6204,Bearings,Bremen,HB,0,0,1,25,BRG-6204 · Bremen
2023-04-07,BRG-6204,Deep-groove bearing 6204,Bearings,Bremen,HB,1,0,1,2,BRG-6204 · Bremen
2023-04-08,BRG-6204,Deep-groove bearing 6204,Bearings,Bremen,HB,0,0,0,2,BRG-6204 · Bremen
2023-04-09,BRG-6204,Deep-groove bearing 6204,Bearings,Bremen,HB,0,0,0,1,BRG-6204 · Bremen
2023-04-10,BRG-6204,Deep-groove bearing 6204,Bearings,Bremen,HB,1,0,0,3,BRG-6204 · Bremen
2023-04-11,BRG-6204,Deep-groove bearing 6204,Bearings,Bremen,HB,0,0,0,24,BRG-6204 · Bremen
2023-04-12,BRG-6204,Deep-groove bearing 6204,Bearings,Bremen,HB,0,0,0,25,BRG-6204 · Bremen
2023-04-13,BRG-6204,Deep-groove bearing 6204,Bearings,Bremen,HB,0,0,0,21,BRG-6204 · Bremen
2023-04-14,BRG-6204,Deep-groove bearing 6204,Bearings,Bremen,HB,0,0,0,20,BRG-6204 · Bremen
2023-04-15,BRG-6204,Deep-groove bearing 6204,Bearings,Bremen,HB,0,0,0,2,BRG-6204 · Bremen
2023-04-16,BRG-6204,Deep-groove bearing 6204,Bearings,Bremen,HB,0,0,0,2,BRG-6204 · Bremen
2023-04-17,BRG-6204,Deep-groove bearing 6204,Bearings,Bremen,HB,0,0,0,24,BRG-6204 · Bremen
2023-04-18,BRG-6204,Deep-groove bearing 6204,Bearings,Bremen,HB,0,0,0,25,BRG-6204 · Bremen
2023-04-19,BRG-6204,Deep-groove bearing 6204,Bearings,Bremen,HB,0,0,0,22,BRG-6204 · Bremen
2023-04-20,BRG-6204,Deep-groove bearing 6204,Bearings,Bremen,HB,0,0,0,24,BRG-6204 · Bremen
2023-04-21,BRG-6204,Deep-groove bearing 6204,Bearings,Bremen,HB,0,0,0,21,BRG-6204 · Bremen
2023-04-22,BRG-6204,Deep-groove bearing 6204,Bearings,Bremen,HB,0,0,0,3,BRG-6204 · Bremen
2023-04-23,BRG-6204,Deep-groove bearing 6204,Bearings,Bremen,HB,0,0,0,2,BRG-6204 · Bremen
2023-04-24,BRG-6204,Deep-groove bearing 6204,Bearings,Bremen,HB,0,0,0,25,BRG-6204 · Bremen
2023-04-25,BRG-6204,Deep-groove bearing 6204,Bearings,Bremen,HB,0,0,0,26,BRG-6204 · Bremen
2023-04-26,BRG-6204,Deep-groove bearing 6204,Bearings,Bremen,HB,0,0,0,26,BRG-6204 · Bremen
2023-04-27,BRG-6204,Deep-groove bearing 6204,Bearings,Bremen,HB,0,0,0,24,BRG-6204 · Bremen
2023-04-28,BRG-6204,Deep-groove bearing 6204,Bearings,Bremen,HB,0,0,0,21,BRG-6204 · Bremen
2023-04-29,BRG-6204,Deep-groove bearing 6204,Bearings,Bremen,HB,0,0,0,3,BRG-6204 · Bremen
2023-04-30,BRG-6204,Deep-groove bearing 6204,Bearings,Bremen,HB,0,0,0,2,BRG-6204 · Bremen
2023-05-01,BRG-6204,Deep-groove bearing 6204,Bearings,Bremen,HB,1,0,0,4,BRG-6204 · Bremen
2023-05-02,BRG-6204,Deep-groove bearing 6204,Bearings,Bremen,HB,0,0,0,25,BRG-6204 · Bremen
2023-05-03,BRG-6204,Deep-groove bearing 6204,Bearings,Bremen,HB,0,0,0,24,BRG-6204 · Bremen
2023-05-04,BRG-6204,Deep-groove bearing 6204,Bearings,Bremen,HB,0,0,0,23,BRG-6204 · Bremen
2023-05-05,BRG-6204,Deep-groove bearing 6204,Bearings,Bremen,HB,0,0,0,24,BRG-6204 · Bremen
2023-05-06,BRG-6204,Deep-groove bearing 6204,Bearings,Bremen,HB,0,0,0,3,BRG-6204 · Bremen
2023-05-07,BRG-6204,Deep-groove bearing 6204,Bearings,Bremen,HB,0,0,0,2,BRG-6204 · Bremen
2023-05-08,BRG-6204,Deep-groove bearing 6204,Bearings,Bremen,HB,0,0,0,26,BRG-6204 · Bremen
2023-05-09,BRG-6204,Deep-groove bearing 6204,Bearings,Bremen,HB,0,0,0,23,BRG-6204 · Bremen
2023-05-10,BRG-6204,Deep-groove bearing 6204,Bearings,Bremen,HB,0,0,0,26,BRG-6204 · Bremen
2023-05-11,BRG-6204,Deep-groove bearing 6204,Bearings,Bremen,HB,0,0,0,21,BRG-6204 · Bremen
2023-05-12,BRG-6204,Deep-groove bearing 6204,Bearings,Bremen,HB,0,0,0,23,BRG-6204 · Bremen
2023-05-13,BRG-6204,Deep-groove bearing 6204,Bearings,Bremen,HB,0,0,0,3,BRG-6204 · Bremen
2023-05-14,BRG-6204,Deep-groove bearing 6204,Bearings,Bremen,HB,0,0,0,1,BRG-6204 · Bremen
2023-05-15,BRG-6204,Deep-groove bearing 6204,Bearings,Bremen,HB,0,0,0,28,BRG-6204 · Bremen
2023-05-16,BRG-6204,Deep-groove bearing 6204,Bearings,Bremen,HB,0,0,0,27,BRG-6204 · Bremen
2023-05-17,BRG-6204,Deep-groove bearing 6204,Bearings,Bremen,HB,0,0,0,24,BRG-6204 · Bremen
2023-05-18,BRG-6204,Deep-groove bearing 6204,Bearings,Bremen,HB,1,0,0,2,BRG-6204 · Bremen
2023-05-19,BRG-6204,Deep-groove bearing 6204,Bearings,Bremen,HB,0,0,0,20,BRG-6204 · Bremen
2023-05-20,BRG-6204,Deep-groove bearing 6204,Bearings,Bremen,HB,0,0,0,4,BRG-6204 · Bremen
2023-05-21,BRG-6204,Deep-groove bearing 6204,Bearings,Bremen,HB,0,0,0,1,BRG-6204 · Bremen
2023-05-22,BRG-6204,Deep-groove bearing 6204,Bearings,Bremen,HB,0,0,0,25,BRG-6204 · Bremen
2023-05-23,BRG-6204,Deep-groove bearing 6204,Bearings,Bremen,HB,0,0,0,26,BRG-6204 · Bremen
2023-05-24,BRG-6204,Deep-groove bearing 6204,Bearings,Bremen,HB,0,0,0,24,BRG-6204 · Bremen
2023-05-25,BRG-6204,Deep-groove bearing 6204,Bearings,Bremen,HB,0,0,0,24,BRG-6204 · Bremen
2023-05-26,BRG-6204,Deep-groove bearing 6204,Bearings,Bremen,HB,0,0,0,24,BRG-6204 · Bremen
2023-05-27,BRG-6204,Deep-groove bearing 6204,Bearings,Bremen,HB,0,0,0,3,BRG-6204 · Bremen
2023-05-28,BRG-6204,Deep-groove bearing 6204,Bearings,Bremen,HB,0,0,0,2,BRG-6204 · Bremen
2023-05-29,BRG-6204,Deep-groove bearing 6204,Bearings,Bremen,HB,1,0,0,3,BRG-6204 · Bremen
2023-05-30,BRG-6204,Deep-groove bearing 6204,Bearings,Bremen,HB,0,0,0,24,BRG-6204 · Bremen
2023-05-31,BRG-6204,Deep-groove bearing 6204,Bearings,Bremen,HB,0,0,0,25,BRG-6204 · Bremen
2023-06-01,BRG-6204,Deep-groove bearing 6204,Bearings,Bremen,HB,0,0,0,23,BRG-6204 · Bremen
2023-06-02,BRG-6204,Deep-groove bearing 6204,Bearings,Bremen,HB,0,0,0,21,BRG-6204 · Bremen
2023-06-03,BRG-6204,Deep-groove bearing 6204,Bearings,Bremen,HB,0,0,0,3,BRG-6204 · Bremen
2023-06-04,BRG-6204,Deep-groove bearing 6204,Bearings,Bremen,HB,0,0,0,1,BRG-6204 · Bremen
2023-06-05,BRG-6204,Deep-groove bearing 6204,Bearings,Bremen,HB,0,0,0,26,BRG-6204 · Bremen
2023-06-06,BRG-6204,Deep-groove bearing 6204,Bearings,Bremen,HB,0,0,0,24,BRG-6204 · Bremen
2023-06-07,BRG-6204,Deep-groove bearing 6204,Bearings,Bremen,HB,0,0,0,21,BRG-6204 · Bremen
2023-06-08,BRG-6204,Deep-groove bearing 6204,Bearings,Bremen,HB,0,0,0,20,BRG-6204 · Bremen
2023-06-09,BRG-6204,Deep-groove bearing 6204,Bearings,Bremen,HB,0,0,0,20,BRG-6204 · Bremen
2023-06-10,BRG-6204,Deep-groove bearing 6204,Bearings,Bremen,HB,0,0,0,4,BRG-6204 · Bremen
2023-06-11,BRG-6204,Deep-groove bearing 6204,Bearings,Bremen,HB,0,0,0,1,BRG-6204 · Bremen
2023-06-12,BRG-6204,Deep-groove bearing 6204,Bearings,Bremen,HB,0,0,0,22,BRG-6204 · Bremen
2023-06-13,BRG-6204,Deep-groove bearing 6204,Bearings,Bremen,HB,0,0,0,22,BRG-6204 · Bremen
2023-06-14,BRG-6204,Deep-groove bearing 6204,Bearings,Bremen,HB,0,0,0,22,BRG-6204 · Bremen
2023-06-15,BRG-6204,Deep-groove bearing 6204,Bearings,Bremen,HB,0,0,0,21,BRG-6204 · Bremen
2023-06-16,BRG-6204,Deep-groove bearing 6204,Bearings,Bremen,HB,0,0,0,22,BRG-6204 · Bremen
2023-06-17,BRG-6204,Deep-groove bearing 6204,Bearings,Bremen,HB,0,0,0,3,BRG-6204 · Bremen
2023-06-18,BRG-6204,Deep-groove bearing 6204,Bearings,Bremen,HB,0,0,0,2,BRG-6204 · Bremen
2023-06-19,BRG-6204,Deep-groove bearing 6204,Bearings,Bremen,HB,0,0,0,29,BRG-6204 · Bremen
2023-06-20,BRG-6204,Deep-groove bearing 6204,Bearings,Bremen,HB,0,0,0,27,BRG-6204 · Bremen
2023-06-21,BRG-6204,Deep-groove bearing 6204,Bearings,Bremen,HB,0,0,0,25,BRG-6204 · Bremen
2023-06-22,BRG-6204,Deep-groove bearing 6204,Bearings,Bremen,HB,0,0,0,24,BRG-6204 · Bremen
2023-06-23,BRG-6204,Deep-groove bearing 6204,Bearings,Bremen,HB,0,0,0,23,BRG-6204 · Bremen
2023-06-24,BRG-6204,Deep-groove bearing 6204,Bearings,Bremen,HB,0,0,0,3,BRG-6204 · Bremen
2023-06-25,BRG-6204,Deep-groove bearing 6204,Bearings,Bremen,HB,0,0,0,1,BRG-6204 · Bremen
2023-06-26,BRG-6204,Deep-groove bearing 6204,Bearings,Bremen,HB,0,0,0,25,BRG-6204 · Bremen
2023-06-27,BRG-6204,Deep-groove bearing 6204,Bearings,Bremen,HB,0,0,0,24,BRG-6204 · Bremen
2023-06-28,BRG-6204,Deep-groove bearing 6204,Bearings,Bremen,HB,0,0,0,25,BRG-6204 · Bremen
2023-06-29,BRG-6204,Deep-groove bearing 6204,Bearings,Bremen,HB,0,0,0,20,BRG-6204 · Bremen
2023-06-30,BRG-6204,Deep-groove bearing 6204,Bearings,Bremen,HB,0,0,0,20,BRG-6204 · Bremen
2023-07-01,BRG-6204,Deep-groove bearing 6204,Bearings,Bremen,HB,0,0,0,2,BRG-6204 · Bremen
2023-07-02,BRG-6204,Deep-groove bearing 6204,Bearings,Bremen,HB,0,0,0,2,BRG-6204 · Bremen
2023-07-03,BRG-6204,Deep-groove bearing 6204,Bearings,Bremen,HB,0,0,0,23,BRG-6204 · Bremen
2023-07-04,BRG-6204,Deep-groove bearing 6204,Bearings,Bremen,HB,0,0,0,23,BRG-6204 · Bremen
2023-07-05,BRG-6204,Deep-groove bearing 6204,Bearings,Bremen,HB,0,0,0,21,BRG-6204 · Bremen
2023-07-06,BRG-6204,Deep-groove bearing 6204,Bearings,Bremen,HB,0,0,0,22,BRG-6204 · Bremen
2023-07-07,BRG-6204,Deep-groove bearing 6204,Bearings,Bremen,HB,0,0,0,19,BRG-6204 · Bremen
2023-07-08,BRG-6204,Deep-groove bearing 6204,Bearings,Bremen,HB,0,0,0,3,BRG-6204 · Bremen
2023-07-09,BRG-6204,Deep-groove bearing 6204,Bearings,Bremen,HB,0,0,0,2,BRG-6204 · Bremen
2023-07-10,BRG-6204,Deep-groove bearing 6204,Bearings,Bremen,HB,0,0,0,22,BRG-6204 · Bremen
2023-07-11,BRG-6204,Deep-groove bearing 6204,Bearings,Bremen,HB,0,0,0,23,BRG-6204 · Bremen
2023-07-12,BRG-6204,Deep-groove bearing 6204,Bearings,Bremen,HB,0,0,0,23,BRG-6204 · Bremen
2023-07-13,BRG-6204,Deep-groove bearing 6204,Bearings,Bremen,HB,0,0,0,22,BRG-6204 · Bremen
2023-07-14,BRG-6204,Deep-groove bearing 6204,Bearings,Bremen,HB,0,0,0,23,BRG-6204 · Bremen
2023-07-15,BRG-6204,Deep-groove bearing 6204,Bearings,Bremen,HB,0,0,0,3,BRG-6204 · Bremen
2023-07-16,BRG-6204,Deep-groove bearing 6204,Bearings,Bremen,HB,0,0,0,1,BRG-6204 · Bremen
2023-07-17,BRG-6204,Deep-groove bearing 6204,Bearings,Bremen,HB,0,0,0,25,BRG-6204 · Bremen
2023-07-18,BRG-6204,Deep-groove bearing 6204,Bearings,Bremen,HB,0,0,0,22,BRG-6204 · Bremen
2023-07-19,BRG-6204,Deep-groove bearing 6204,Bearings,Bremen,HB,0,0,0,19,BRG-6204 · Bremen
2023-07-20,BRG-6204,Deep-groove bearing 6204,Bearings,Bremen,HB,0,0,0,20,BRG-6204 · Bremen
2023-07-21,BRG-6204,Deep-groove bearing 6204,Bearings,Bremen,HB,0,0,0,17,BRG-6204 · Bremen
2023-07-22,BRG-6204,Deep-groove bearing 6204,Bearings,Bremen,HB,0,0,0,2,BRG-6204 · Bremen
2023-07-23,BRG-6204,Deep-groove bearing 6204,Bearings,Bremen,HB,0,0,0,1,BRG-6204 · Bremen
2023-07-24,BRG-6204,Deep-groove bearing 6204,Bearings,Bremen,HB,0,0,0,23,BRG-6204 · Bremen
2023-07-25,BRG-6204,Deep-groove bearing 6204,Bearings,Bremen,HB,0,0,0,25,BRG-6204 · Bremen
2023-07-26,BRG-6204,Deep-groove bearing 6204,Bearings,Bremen,HB,0,0,0,23,BRG-6204 · Bremen
2023-07-27,BRG-6204,Deep-groove bearing 6204,Bearings,Bremen,HB,0,0,0,23,BRG-6204 · Bremen
2023-07-28,BRG-6204,Deep-groove bearing 6204,Bearings,Bremen,HB,0,0,0,18,BRG-6204 · Bremen
2023-07-29,BRG-6204,Deep-groove bearing 6204,Bearings,Bremen,HB,0,0,0,3,BRG-6204 · Bremen
2023-07-30,BRG-6204,Deep-groove bearing 6204,Bearings,Bremen,HB,0,0,0,2,BRG-6204 · Bremen
2023-07-31,BRG-6204,Deep-groove bearing 6204,Bearings,Bremen,HB,0,0,0,24,BRG-6204 · Bremen
2023-08-01,BRG-6204,Deep-groove bearing 6204,Bearings,Bremen,HB,0,0,0,23,BRG-6204 · Bremen
2023-08-02,BRG-6204,Deep-groove bearing 6204,Bearings,Bremen,HB,0,0,0,19,BRG-6204 · Bremen
2023-08-03,BRG-6204,Deep-groove bearing 6204,Bearings,Bremen,HB,0,0,0,21,BRG-6204 · Bremen
2023-08-04,BRG-6204,Deep-groove bearing 6204,Bearings,Bremen,HB,0,0,0,19,BRG-6204 · Bremen
2023-08-05,BRG-6204,Deep-groove bearing 6204,Bearings,Bremen,HB,0,0,0,3,BRG-6204 · Bremen
2023-08-06,BRG-6204,Deep-groove bearing 6204,Bearings,Bremen,HB,0,0,0,1,BRG-6204 · Bremen
2023-08-07,BRG-6204,Deep-groove bearing 6204,Bearings,Bremen,HB,0,1,0,4,BRG-6204 · Bremen
2023-08-08,BRG-6204,Deep-groove bearing 6204,Bearings,Bremen,HB,0,1,0,4,BRG-6204 · Bremen
2023-08-09,BRG-6204,Deep-groove bearing 6204,Bearings,Bremen,HB,0,1,0,4,BRG-6204 · Bremen
2023-08-10,BRG-6204,Deep-groove bearing 6204,Bearings,Bremen,HB,0,1,0,4,BRG-6204 · Bremen
2023-08-11,BRG-6204,Deep-groove bearing 6204,Bearings,Bremen,HB,0,1,0,3,BRG-6204 · Bremen
2023-08-12,BRG-6204,Deep-groove bearing 6204,Bearings,Bremen,HB,0,1,0,1,BRG-6204 · Bremen
2023-08-13,BRG-6204,Deep-groove bearing 6204,Bearings,Bremen,HB,0,1,0,0,BRG-6204 · Bremen
2023-08-14,BRG-6204,Deep-groove bearing 6204,Bearings,Bremen,HB,0,1,0,3,BRG-6204 · Bremen
2023-08-15,BRG-6204,Deep-groove bearing 6204,Bearings,Bremen,HB,0,1,0,4,BRG-6204 · Bremen
2023-08-16,BRG-6204,Deep-groove bearing 6204,Bearings,Bremen,HB,0,1,0,3,BRG-6204 · Bremen
2023-08-17,BRG-6204,Deep-groove bearing 6204,Bearings,Bremen,HB,0,1,0,3,BRG-6204 · Bremen
2023-08-18,BRG-6204,Deep-groove bearing 6204,Bearings,Bremen,HB,0,1,0,4,BRG-6204 · Bremen
2023-08-19,BRG-6204,Deep-groove bearing 6204,Bearings,Bremen,HB,0,1,0,1,BRG-6204 · Bremen
2023-08-20,BRG-6204,Deep-groove bearing 6204,Bearings,Bremen,HB,0,1,0,0,BRG-6204 · Bremen
2023-08-21,BRG-6204,Deep-groove bearing 6204,Bearings,Bremen,HB,0,0,0,23,BRG-6204 · Bremen
2023-08-22,BRG-6204,Deep-groove bearing 6204,Bearings,Bremen,HB,0,0,0,20,BRG-6204 · Bremen
2023-08-23,BRG-6204,Deep-groove bearing 6204,Bearings,Bremen,HB,0,0,0,22,BRG-6204 · Bremen
2023-08-24,BRG-6204,Deep-groove bearing 6204,Bearings,Bremen,HB,0,0,0,20,BRG-6204 · Bremen
2023-08-25,BRG-6204,Deep-groove bearing 6204,Bearings,Bremen,HB,0,0,0,20,BRG-6204 · Bremen
2023-08-26,BRG-6204,Deep-groove bearing 6204,Bearings,Bremen,HB,0,0,0,2,BRG-6204 · Bremen
2023-08-27,BRG-6204,Deep-groove bearing 6204,Bearings,Bremen,HB,0,0,0,2,BRG-6204 · Bremen
2023-08-28,BRG-6204,Deep-groove bearing 6204,Bearings,Bremen,HB,0,0,0,21,BRG-6204 · Bremen
2023-08-29,BRG-6204,Deep-groove bearing 6204,Bearings,Bremen,HB,0,0,0,21,BRG-6204 · Bremen
2023-08-30,BRG-6204,Deep-groove bearing 6204,Bearings,Bremen,HB,0,0,0,37,BRG-6204 · Bremen
2023-08-31,BRG-6204,Deep-groove bearing 6204,Bearings,Bremen,HB,0,0,0,21,BRG-6204 · Bremen
2023-09-01,BRG-6204,Deep-groove bearing 6204,Bearings,Bremen,HB,0,0,0,17,BRG-6204 · Bremen
2023-09-02,BRG-6204,Deep-groove bearing 6204,Bearings,Bremen,HB,0,0,0,3,BRG-6204 · Bremen
2023-09-03,BRG-6204,Deep-groove bearing 6204,Bearings,Bremen,HB,0,0,0,1,BRG-6204 · Bremen
2023-09-04,BRG-6204,Deep-groove bearing 6204,Bearings,Bremen,HB,0,0,0,21,BRG-6204 · Bremen
2023-09-05,BRG-6204,Deep-groove bearing 6204,Bearings,Bremen,HB,0,0,0,23,BRG-6204 · Bremen
2023-09-06,BRG-6204,Deep-groove bearing 6204,Bearings,Bremen,HB,0,0,0,21,BRG-6204 · Bremen
2023-09-07,BRG-6204,Deep-groove bearing 6204,Bearings,Bremen,HB,0,0,0,20,BRG-6204 · Bremen
2023-09-08,BRG-6204,Deep-groove bearing 6204,Bearings,Bremen,HB,0,0,0,19,BRG-6204 · Bremen
2023-09-09,BRG-6204,Deep-groove bearing 6204,Bearings,Bremen,HB,0,0,0,3,BRG-6204 · Bremen
2023-09-10,BRG-6204,Deep-groove bearing 6204,Bearings,Bremen,HB,0,0,0,1,BRG-6204 · Bremen
2023-09-11,BRG-6204,Deep-groove bearing 6204,Bearings,Bremen,HB,0,0,0,22,BRG-6204 · Bremen
2023-09-12,BRG-6204,Deep-groove bearing 6204,Bearings,Bremen,HB,0,0,0,23,BRG-6204 · Bremen
2023-09-13,BRG-6204,Deep-groove bearing 6204,Bearings,Bremen,HB,0,0,0,21,BRG-6204 · Bremen
2023-09-14,BRG-6204,Deep-groove bearing 6204,Bearings,Bremen,HB,0,0,0,19,BRG-6204 · Bremen
2023-09-15,BRG-6204,Deep-groove bearing 6204,Bearings,Bremen,HB,0,0,0,21,BRG-6204 · Bremen
2023-09-16,BRG-6204,Deep-groove bearing 6204,Bearings,Bremen,HB,0,0,0,2,BRG-6204 · Bremen
2023-09-17,BRG-6204,Deep-groove bearing 6204,Bearings,Bremen,HB,0,0,0,1,BRG-6204 · Bremen
2023-09-18,BRG-6204,Deep-groove bearing 6204,Bearings,Bremen,HB,0,0,0,21,BRG-6204 · Bremen
2023-09-19,BRG-6204,Deep-groove bearing 6204,Bearings,Bremen,HB,0,0,0,21,BRG-6204 · Bremen
2023-09-20,BRG-6204,Deep-groove bearing 6204,Bearings,Bremen,HB,0,0,0,20,BRG-6204 · Bremen
2023-09-21,BRG-6204,Deep-groove bearing 6204,Bearings,Bremen,HB,0,0,0,22,BRG-6204 · Bremen
2023-09-22,BRG-6204,Deep-groove bearing 6204,Bearings,Bremen,HB,0,0,0,19,BRG-6204 · Bremen
2023-09-23,BRG-6204,Deep-groove bearing 6204,Bearings,Bremen,HB,0,0,0,3,BRG-6204 · Bremen
2023-09-24,BRG-6204,Deep-groove bearing 6204,Bearings,Bremen,HB,0,0,0,1,BRG-6204 · Bremen
2023-09-25,BRG-6204,Deep-groove bearing 6204,Bearings,Bremen,HB,0,0,0,25,BRG-6204 · Bremen
2023-09-26,BRG-6204,Deep-groove bearing 6204,Bearings,Bremen,HB,0,0,0,19,BRG-6204 · Bremen
2023-09-27,BRG-6204,Deep-groove bearing 6204,Bearings,Bremen,HB,0,0,0,18,BRG-6204 · Bremen
2023-09-28,BRG-6204,Deep-groove bearing 6204,Bearings,Bremen,HB,0,0,0,22,BRG-6204 · Bremen
2023-09-29,BRG-6204,Deep-groove bearing 6204,Bearings,Bremen,HB,0,0,0,19,BRG-6204 · Bremen
2023-09-30,BRG-6204,Deep-groove bearing 6204,Bearings,Bremen,HB,0,0,0,3,BRG-6204 · Bremen
2023-10-01,BRG-6204,Deep-groove bearing 6204,Bearings,Bremen,HB,0,0,1,2,BRG-6204 · Bremen
2023-10-02,BRG-6204,Deep-groove bearing 6204,Bearings,Bremen,HB,0,0,1,23,BRG-6204 · Bremen
2023-10-03,BRG-6204,Deep-groove bearing 6204,Bearings,Bremen,HB,1,0,1,3,BRG-6204 · Bremen
2023-10-04,BRG-6204,Deep-groove bearing 6204,Bearings,Bremen,HB,0,0,1,19,BRG-6204 · Bremen
2023-10-05,BRG-6204,Deep-groove bearing 6204,Bearings,Bremen,HB,0,0,1,21,BRG-6204 · Bremen
2023-10-06,BRG-6204,Deep-groove bearing 6204,Bearings,Bremen,HB,0,0,1,19,BRG-6204 · Bremen
2023-10-07,BRG-6204,Deep-groove bearing 6204,Bearings,Bremen,HB,0,0,1,3,BRG-6204 · Bremen
2023-10-08,BRG-6204,Deep-groove bearing 6204,Bearings,Bremen,HB,0,0,0,2,BRG-6204 · Bremen
2023-10-09,BRG-6204,Deep-groove bearing 6204,Bearings,Bremen,HB,0,0,0,23,BRG-6204 · Bremen
2023-10-10,BRG-6204,Deep-groove bearing 6204,Bearings,Bremen,HB,0,0,0,21,BRG-6204 · Bremen
2023-10-11,BRG-6204,Deep-groove bearing 6204,Bearings,Bremen,HB,0,0,0,24,BRG-6204 · Bremen
2023-10-12,BRG-6204,Deep-groove bearing 6204,Bearings,Bremen,HB,0,0,0,21,BRG-6204 · Bremen
2023-10-13,BRG-6204,Deep-groove bearing 6204,Bearings,Bremen,HB,0,0,0,20,BRG-6204 · Bremen
2023-10-14,BRG-6204,Deep-groove bearing 6204,Bearings,Bremen,HB,0,0,0,2,BRG-6204 · Bremen
2023-10-15,BRG-6204,Deep-groove bearing 6204,Bearings,Bremen,HB,0,0,0,1,BRG-6204 · Bremen
2023-10-16,BRG-6204,Deep-groove bearing 6204,Bearings,Bremen,HB,0,0,0,24,BRG-6204 · Bremen
2023-10-17,BRG-6204,Deep-groove bearing 6204,Bearings,Bremen,HB,0,0,0,23,BRG-6204 · Bremen
2023-10-18,BRG-6204,Deep-groove bearing 6204,Bearings,Bremen,HB,0,0,0,23,BRG-6204 · Bremen
2023-10-19,BRG-6204,Deep-groove bearing 6204,Bearings,Bremen,HB,0,0,0,20,BRG-6204 · Bremen
2023-10-20,BRG-6204,Deep-groove bearing 6204,Bearings,Bremen,HB,0,0,0,19,BRG-6204 · Bremen
2023-10-21,BRG-6204,Deep-groove bearing 6204,Bearings,Bremen,HB,0,0,0,2,BRG-6204 · Bremen
2023-10-22,BRG-6204,Deep-groove bearing 6204,Bearings,Bremen,HB,0,0,0,1,BRG-6204 · Bremen
2023-10-23,BRG-6204,Deep-groove bearing 6204,Bearings,Bremen,HB,0,0,0,24,BRG-6204 · Bremen
2023-10-24,BRG-6204,Deep-groove bearing 6204,Bearings,Bremen,HB,0,0,0,26,BRG-6204 · Bremen
2023-10-25,BRG-6204,Deep-groove bearing 6204,Bearings,Bremen,HB,0,0,0,22,BRG-6204 · Bremen
2023-10-26,BRG-6204,Deep-groove bearing 6204,Bearings,Bremen,HB,0,0,0,19,BRG-6204 · Bremen
2023-10-27,BRG-6204,Deep-groove bearing 6204,Bearings,Bremen,HB,0,0,0,21,BRG-6204 · Bremen
2023-10-28,BRG-6204,Deep-groove bearing 6204,Bearings,Bremen,HB,0,0,0,3,BRG-6204 · Bremen
2023-10-29,BRG-6204,Deep-groove bearing 6204,Bearings,Bremen,HB,0,0,0,1,BRG-6204 · Bremen
2023-10-30,BRG-6204,Deep-groove bearing 6204,Bearings,Bremen,HB,0,0,0,22,BRG-6204 · Bremen
2023-10-31,BRG-6204,Deep-groove bearing 6204,Bearings,Bremen,HB,1,0,0,2,BRG-6204 · Bremen
2023-11-01,BRG-6204,Deep-groove bearing 6204,Bearings,Bremen,HB,0,0,0,25,BRG-6204 · Bremen
2023-11-02,BRG-6204,Deep-groove bearing 6204,Bearings,Bremen,HB,0,0,0,22,BRG-6204 · Bremen
2023-11-03,BRG-6204,Deep-groove bearing 6204,Bearings,Bremen,HB,0,0,0,18,BRG-6204 · Bremen
2023-11-04,BRG-6204,Deep-groove bearing 6204,Bearings,Bremen,HB,0,0,0,3,BRG-6204 · Bremen
2023-11-05,BRG-6204,Deep-groove bearing 6204,Bearings,Bremen,HB,0,0,0,2,BRG-6204 · Bremen
2023-11-06,BRG-6204,Deep-groove bearing 6204,Bearings,Bremen,HB,0,0,0,26,BRG-6204 · Bremen
2023-11-07,BRG-6204,Deep-groove bearing 6204,Bearings,Bremen,HB,0,0,0,23,BRG-6204 · Bremen
2023-11-08,BRG-6204,Deep-groove bearing 6204,Bearings,Bremen,HB,0,0,0,23,BRG-6204 · Bremen
2023-11-09,BRG-6204,Deep-groove bearing 6204,Bearings,Bremen,HB,0,0,0,22,BRG-6204 · Bremen
2023-11-10,BRG-6204,Deep-groove bearing 6204,Bearings,Bremen,HB,0,0,0,22,BRG-6204 · Bremen
2023-11-11,BRG-6204,Deep-groove bearing 6204,Bearings,Bremen,HB,0,0,0,3,BRG-6204 · Bremen
2023-11-12,BRG-6204,Deep-groove bearing 6204,Bearings,Bremen,HB,0,0,0,1,BRG-6204 · Bremen
2023-11-13,BRG-6204,Deep-groove bearing 6204,Bearings,Bremen,HB,0,0,0,23,BRG-6204 · Bremen
2023-11-14,BRG-6204,Deep-groove bearing 6204,Bearings,Bremen,HB,0,0,0,22,BRG-6204 · Bremen
2023-11-15,BRG-6204,Deep-groove bearing 6204,Bearings,Bremen,HB,0,0,0,20,BRG-6204 · Bremen
2023-11-16,BRG-6204,Deep-groove bearing 6204,Bearings,Bremen,HB,0,0,0,19,BRG-6204 · Bremen
2023-11-17,BRG-6204,Deep-groove bearing 6204,Bearings,Bremen,HB,0,0,0,17,BRG-6204 · Bremen
2023-11-18,BRG-6204,Deep-groove bearing 6204,Bearings,Bremen,HB,0,0,0,3,BRG-6204 · Bremen
2023-11-19,BRG-6204,Deep-groove bearing 6204,Bearings,Bremen,HB,0,0,0,2,BRG-6204 · Bremen
2023-11-20,BRG-6204,Deep-groove bearing 6204,Bearings,Bremen,HB,0,0,0,25,BRG-6204 · Bremen
2023-11-21,BRG-6204,Deep-groove bearing 6204,Bearings,Bremen,HB,0,0,0,23,BRG-6204 · Bremen
2023-11-22,BRG-6204,Deep-groove bearing 6204,Bearings,Bremen,HB,0,0,0,23,BRG-6204 · Bremen
2023-11-23,BRG-6204,Deep-groove bearing 6204,Bearings,Bremen,HB,0,0,0,21,BRG-6204 · Bremen
2023-11-24,BRG-6204,Deep-groove bearing 6204,Bearings,Bremen,HB,0,0,0,19,BRG-6204 · Bremen
2023-11-25,BRG-6204,Deep-groove bearing 6204,Bearings,Bremen,HB,0,0,0,3,BRG-6204 · Bremen
2023-11-26,BRG-6204,Deep-groove bearing 6204,Bearings,Bremen,HB,0,0,0,2,BRG-6204 · Bremen
2023-11-27,BRG-6204,Deep-groove bearing 6204,Bearings,Bremen,HB,0,0,0,21,BRG-6204 · Bremen
2023-11-28,BRG-6204,Deep-groove bearing 6204,Bearings,Bremen,HB,0,0,0,22,BRG-6204 · Bremen
2023-11-29,BRG-6204,Deep-groove bearing 6204,Bearings,Bremen,HB,0,0,0,23,BRG-6204 · Bremen
2023-11-30,BRG-6204,Deep-groove bearing 6204,Bearings,Bremen,HB,0,0,0,25,BRG-6204 · Bremen
2023-12-01,BRG-6204,Deep-groove bearing 6204,Bearings,Bremen,HB,0,0,0,23,BRG-6204 · Bremen
2023-12-02,BRG-6204,Deep-groove bearing 6204,Bearings,Bremen,HB,0,0,0,2,BRG-6204 · Bremen
2023-12-03,BRG-6204,Deep-groove bearing 6204,Bearings,Bremen,HB,0,0,0,2,BRG-6204 · Bremen
2023-12-04,BRG-6204,Deep-groove bearing 6204,Bearings,Bremen,HB,0,0,0,24,BRG-6204 · Bremen
2023-12-05,BRG-6204,Deep-groove bearing 6204,Bearings,Bremen,HB,0,0,0,24,BRG-6204 · Bremen
2023-12-06,BRG-6204,Deep-groove bearing 6204,Bearings,Bremen,HB,0,0,0,23,BRG-6204 · Bremen
2023-12-07,BRG-6204,Deep-groove bearing 6204,Bearings,Bremen,HB,0,0,0,18,BRG-6204 · Bremen
2023-12-08,BRG-6204,Deep-groove bearing 6204,Bearings,Bremen,HB,0,0,0,18,BRG-6204 · Bremen
2023-12-09,BRG-6204,Deep-groove bearing 6204,Bearings,Bremen,HB,0,0,0,3,BRG-6204 · Bremen
2023-12-10,BRG-6204,Deep-groove bearing 6204,Bearings,Bremen,HB,0,0,0,1,BRG-6204 · Bremen
2023-12-11,BRG-6204,Deep-groove bearing 6204,Bearings,Bremen,HB,0,0,0,22,BRG-6204 · Bremen
2023-12-12,BRG-6204,Deep-groove bearing 6204,Bearings,Bremen,HB,0,0,0,20,BRG-6204 · Bremen
2023-12-13,BRG-6204,Deep-groove bearing 6204,Bearings,Bremen,HB,0,0,0,21,BRG-6204 · Bremen
2023-12-14,BRG-6204,Deep-groove bearing 6204,Bearings,Bremen,HB,0,0,0,20,BRG-6204 · Bremen
2023-12-15,BRG-6204,Deep-groove bearing 6204,Bearings,Bremen,HB,0,0,0,18,BRG-6204 · Bremen
2023-12-16,BRG-6204,Deep-groove bearing 6204,Bearings,Bremen,HB,0,0,0,2,BRG-6204 · Bremen
2023-12-17,BRG-6204,Deep-groove bearing 6204,Bearings,Bremen,HB,0,0,0,1,BRG-6204 · Bremen
2023-12-18,BRG-6204,Deep-groove bearing 6204,Bearings,Bremen,HB,0,0,0,21,BRG-6204 · Bremen
2023-12-19,BRG-6204,Deep-groove bearing 6204,Bearings,Bremen,HB,0,0,0,22,BRG-6204 · Bremen
2023-12-20,BRG-6204,Deep-groove bearing 6204,Bearings,Bremen,HB,0,0,0,19,BRG-6204 · Bremen
2023-12-21,BRG-6204,Deep-groove bearing 6204,Bearings,Bremen,HB,0,0,0,22,BRG-6204 · Bremen
2023-12-22,BRG-6204,Deep-groove bearing 6204,Bearings,Bremen,HB,0,0,0,20,BRG-6204 · Bremen
2023-12-23,BRG-6204,Deep-groove bearing 6204,Bearings,Bremen,HB,0,0,0,2,BRG-6204 · Bremen
2023-12-24,BRG-6204,Deep-groove bearing 6204,Bearings,Bremen,HB,0,1,0,0,BRG-6204 · Bremen
2023-12-25,BRG-6204,Deep-groove bearing 6204,Bearings,Bremen,HB,1,1,0,1,BRG-6204 · Bremen
2023-12-26,BRG-6204,Deep-groove bearing 6204,Bearings,Bremen,HB,1,1,0,1,BRG-6204 · Bremen
2023-12-27,BRG-6204,Deep-groove bearing 6204,Bearings,Bremen,HB,0,1,0,4,BRG-6204 · Bremen
2023-12-28,BRG-6204,Deep-groove bearing 6204,Bearings,Bremen,HB,0,1,0,4,BRG-6204 · Bremen
2023-12-29,BRG-6204,Deep-groove bearing 6204,Bearings,Bremen,HB,0,1,0,4,BRG-6204 · Bremen
2023-12-30,BRG-6204,Deep-groove bearing 6204,Bearings,Bremen,HB,0,1,0,1,BRG-6204 · Bremen
2023-12-31,BRG-6204,Deep-groove bearing 6204,Bearings,Bremen,HB,0,1,0,0,BRG-6204 · Bremen
2024-01-01,BRG-6204,Deep-groove bearing 6204,Bearings,Bremen,HB,1,1,0,0,BRG-6204 · Bremen
2024-01-02,BRG-6204,Deep-groove bearing 6204,Bearings,Bremen,HB,0,1,0,4,BRG-6204 · Bremen
2024-01-03,BRG-6204,Deep-groove bearing 6204,Bearings,Bremen,HB,0,0,0,24,BRG-6204 · Bremen
2024-01-04,BRG-6204,Deep-groove bearing 6204,Bearings,Bremen,HB,0,0,0,22,BRG-6204 · Bremen
2024-01-05,BRG-6204,Deep-groove bearing 6204,Bearings,Bremen,HB,0,0,0,21,BRG-6204 · Bremen
2024-01-06,BRG-6204,Deep-groove bearing 6204,Bearings,Bremen,HB,0,0,0,3,BRG-6204 · Bremen
2024-01-07,BRG-6204,Deep-groove bearing 6204,Bearings,Bremen,HB,0,0,0,2,BRG-6204 · Bremen
2024-01-08,BRG-6204,Deep-groove bearing 6204,Bearings,Bremen,HB,0,0,0,27,BRG-6204 · Bremen
2024-01-09,BRG-6204,Deep-groove bearing 6204,Bearings,Bremen,HB,0,0,0,27,BRG-6204 · Bremen
2024-01-10,BRG-6204,Deep-groove bearing 6204,Bearings,Bremen,HB,0,0,0,27,BRG-6204 · Bremen
2024-01-11,BRG-6204,Deep-groove bearing 6204,Bearings,Bremen,HB,0,0,0,22,BRG-6204 · Bremen
2024-01-12,BRG-6204,Deep-groove bearing 6204,Bearings,Bremen,HB,0,0,0,24,BRG-6204 · Bremen
2024-01-13,BRG-6204,Deep-groove bearing 6204,Bearings,Bremen,HB,0,0,0,3,BRG-6204 · Bremen
2024-01-14,BRG-6204,Deep-groove bearing 6204,Bearings,Bremen,HB,0,0,0,2,BRG-6204 · Bremen
2024-01-15,BRG-6204,Deep-groove bearing 6204,Bearings,Bremen,HB,0,0,0,22,BRG-6204 · Bremen
2024-01-16,BRG-6204,Deep-groove bearing 6204,Bearings,Bremen,HB,0,0,0,25,BRG-6204 · Bremen
2024-01-17,BRG-6204,Deep-groove bearing 6204,Bearings,Bremen,HB,0,0,0,23,BRG-6204 · Bremen
2024-01-18,BRG-6204,Deep-groove bearing 6204,Bearings,Bremen,HB,0,0,0,24,BRG-6204 · Bremen
2024-01-19,BRG-6204,Deep-groove bearing 6204,Bearings,Bremen,HB,0,0,0,19,BRG-6204 · Bremen
2024-01-20,BRG-6204,Deep-groove bearing 6204,Bearings,Bremen,HB,0,0,0,4,BRG-6204 · Bremen
2024-01-21,BRG-6204,Deep-groove bearing 6204,Bearings,Bremen,HB,0,0,0,2,BRG-6204 · Bremen
2024-01-22,BRG-6204,Deep-groove bearing 6204,Bearings,Bremen,HB,0,0,0,29,BRG-6204 · Bremen
2024-01-23,BRG-6204,Deep-groove bearing 6204,Bearings,Bremen,HB,0,0,0,24,BRG-6204 · Bremen
2024-01-24,BRG-6204,Deep-groove bearing 6204,Bearings,Bremen,HB,0,0,0,26,BRG-6204 · Bremen
2024-01-25,BRG-6204,Deep-groove bearing 6204,Bearings,Bremen,HB,0,0,0,21,BRG-6204 · Bremen
2024-01-26,BRG-6204,Deep-groove bearing 6204,Bearings,Bremen,HB,0,0,0,21,BRG-6204 · Bremen
2024-01-27,BRG-6204,Deep-groove bearing 6204,Bearings,Bremen,HB,0,0,0,2,BRG-6204 · Bremen
2024-01-28,BRG-6204,Deep-groove bearing 6204,Bearings,Bremen,HB,0,0,0,1,BRG-6204 · Bremen
2024-01-29,BRG-6204,Deep-groove bearing 6204,Bearings,Bremen,HB,0,0,0,25,BRG-6204 · Bremen
2024-01-30,BRG-6204,Deep-groove bearing 6204,Bearings,Bremen,HB,0,0,0,23,BRG-6204 · Bremen
2024-01-31,BRG-6204,Deep-groove bearing 6204,Bearings,Bremen,HB,0,0,0,23,BRG-6204 · Bremen
2024-02-01,BRG-6204,Deep-groove bearing 6204,Bearings,Bremen,HB,0,0,0,23,BRG-6204 · Bremen
2024-02-02,BRG-6204,Deep-groove bearing 6204,Bearings,Bremen,HB,0,0,0,22,BRG-6204 · Bremen
2024-02-03,BRG-6204,Deep-groove bearing 6204,Bearings,Bremen,HB,0,0,0,4,BRG-6204 · Bremen
2024-02-04,BRG-6204,Deep-groove bearing 6204,Bearings,Bremen,HB,0,0,0,2,BRG-6204 · Bremen
2024-02-05,BRG-6204,Deep-groove bearing 6204,Bearings,Bremen,HB,0,0,0,28,BRG-6204 · Bremen
2024-02-06,BRG-6204,Deep-groove bearing 6204,Bearings,Bremen,HB,0,0,0,23,BRG-6204 · Bremen
2024-02-07,BRG-6204,Deep-groove bearing 6204,Bearings,Bremen,HB,0,0,0,24,BRG-6204 · Bremen
2024-02-08,BRG-6204,Deep-groove bearing 6204,Bearings,Bremen,HB,0,0,0,24,BRG-6204 · Bremen
2024-02-09,BRG-6204,Deep-groove bearing 6204,Bearings,Bremen,HB,0,0,0,20,BRG-6204 · Bremen
2024-02-10,BRG-6204,Deep-groove bearing 6204,Bearings,Bremen,HB,0,0,0,2,BRG-6204 · Bremen
2024-02-11,BRG-6204,Deep-groove bearing 6204,Bearings,Bremen,HB,0,0,0,2,BRG-6204 · Bremen
2024-02-12,BRG-6204,Deep-groove bearing 6204,Bearings,Bremen,HB,0,0,0,22,BRG-6204 · Bremen
2024-02-13,BRG-6204,Deep-groove bearing 6204,Bearings,Bremen,HB,0,0,0,21,BRG-6204 · Bremen
2024-02-14,BRG-6204,Deep-groove bearing 6204,Bearings,Bremen,HB,0,0,0,23,BRG-6204 · Bremen
2024-02-15,BRG-6204,Deep-groove bearing 6204,Bearings,Bremen,HB,0,0,0,21,BRG-6204 · Bremen
2024-02-16,BRG-6204,Deep-groove bearing 6204,Bearings,Bremen,HB,0,0,0,18,BRG-6204 · Bremen
2024-02-17,BRG-6204,Deep-groove bearing 6204,Bearings,Bremen,HB,0,0,0,2,BRG-6204 · Bremen
2024-02-18,BRG-6204,Deep-groove bearing 6204,Bearings,Bremen,HB,0,0,0,1,BRG-6204 · Bremen
2024-02-19,BRG-6204,Deep-groove bearing 6204,Bearings,Bremen,HB,0,0,0,22,BRG-6204 · Bremen
2024-02-20,BRG-6204,Deep-groove bearing 6204,Bearings,Bremen,HB,0,0,0,23,BRG-6204 · Bremen
2024-02-21,BRG-6204,Deep-groove bearing 6204,Bearings,Bremen,HB,0,0,0,22,BRG-6204 · Bremen
2024-02-22,BRG-6204,Deep-groove bearing 6204,Bearings,Bremen,HB,0,0,0,22,BRG-6204 · Bremen
2024-02-23,BRG-6204,Deep-groove bearing 6204,Bearings,Bremen,HB,0,0,0,19,BRG-6204 · Bremen
2024-02-24,BRG-6204,Deep-groove bearing 6204,Bearings,Bremen,HB,0,0,0,2,BRG-6204 · Bremen
2024-02-25,BRG-6204,Deep-groove bearing 6204,Bearings,Bremen,HB,0,0,0,1,BRG-6204 · Bremen
2024-02-26,BRG-6204,Deep-groove bearing 6204,Bearings,Bremen,HB,0,0,0,21,BRG-6204 · Bremen
2024-02-27,BRG-6204,Deep-groove bearing 6204,Bearings,Bremen,HB,0,0,0,21,BRG-6204 · Bremen
2024-02-28,BRG-6204,Deep-groove bearing 6204,Bearings,Bremen,HB,0,0,0,20,BRG-6204 · Bremen
2024-02-29,BRG-6204,Deep-groove bearing 6204,Bearings,Bremen,HB,0,0,0,22,BRG-6204 · Bremen
2024-03-01,BRG-6204,Deep-groove bearing 6204,Bearings,Bremen,HB,0,0,0,20,BRG-6204 · Bremen
2024-03-02,BRG-6204,Deep-groove bearing 6204,Bearings,Bremen,HB,0,0,0,4,BRG-6204 · Bremen
2024-03-03,BRG-6204,Deep-groove bearing 6204,Bearings,Bremen,HB,0,0,0,1,BRG-6204 · Bremen
2024-03-04,BRG-6204,Deep-groove bearing 6204,Bearings,Bremen,HB,0,0,0,27,BRG-6204 · Bremen
2024-03-05,BRG-6204,Deep-groove bearing 6204,Bearings,Bremen,HB,0,0,0,26,BRG-6204 · Bremen
2024-03-06,BRG-6204,Deep-groove bearing 6204,Bearings,Bremen,HB,0,0,0,23,BRG-6204 · Bremen
2024-03-07,BRG-6204,Deep-groove bearing 6204,Bearings,Bremen,HB,0,0,0,24,BRG-6204 · Bremen
2024-03-08,BRG-6204,Deep-groove bearing 6204,Bearings,Bremen,HB,0,0,0,22,BRG-6204 · Bremen
2024-03-09,BRG-6204,Deep-groove bearing 6204,Bearings,Bremen,HB,0,0,0,3,BRG-6204 · Bremen
2024-03-10,BRG-6204,Deep-groove bearing 6204,Bearings,Bremen,HB,0,0,0,2,BRG-6204 · Bremen
2024-03-11,BRG-6204,Deep-groove bearing 6204,Bearings,Bremen,HB,0,0,0,24,BRG-6204 · Bremen
2024-03-12,BRG-6204,Deep-groove bearing 6204,Bearings,Bremen,HB,0,0,0,22,BRG-6204 · Bremen
2024-03-13,BRG-6204,Deep-groove bearing 6204,Bearings,Bremen,HB,0,0,0,43,BRG-6204 · Bremen
2024-03-14,BRG-6204,Deep-groove bearing 6204,Bearings,Bremen,HB,0,0,0,23,BRG-6204 · Bremen
2024-03-15,BRG-6204,Deep-groove bearing 6204,Bearings,Bremen,HB,0,0,0,19,BRG-6204 · Bremen
2024-03-16,BRG-6204,Deep-groove bearing 6204,Bearings,Bremen,HB,0,0,0,3,BRG-6204 · Bremen
2024-03-17,BRG-6204,Deep-groove bearing 6204,Bearings,Bremen,HB,0,0,0,1,BRG-6204 · Bremen
2024-03-18,BRG-6204,Deep-groove bearing 6204,Bearings,Bremen,HB,0,0,0,26,BRG-6204 · Bremen
2024-03-19,BRG-6204,Deep-groove bearing 6204,Bearings,Bremen,HB,0,0,0,24,BRG-6204 · Bremen
2024-03-20,BRG-6204,Deep-groove bearing 6204,Bearings,Bremen,HB,0,0,0,23,BRG-6204 · Bremen
2024-03-21,BRG-6204,Deep-groove bearing 6204,Bearings,Bremen,HB,0,0,0,22,BRG-6204 · Bremen
2024-03-22,BRG-6204,Deep-groove bearing 6204,Bearings,Bremen,HB,0,0,0,18,BRG-6204 · Bremen
2024-03-23,BRG-6204,Deep-groove bearing 6204,Bearings,Bremen,HB,0,0,0,3,BRG-6204 · Bremen
2024-03-24,BRG-6204,Deep-groove bearing 6204,Bearings,Bremen,HB,0,0,0,2,BRG-6204 · Bremen
2024-03-25,BRG-6204,Deep-groove bearing 6204,Bearings,Bremen,HB,0,0,0,22,BRG-6204 · Bremen
2024-03-26,BRG-6204,Deep-groove bearing 6204,Bearings,Bremen,HB,0,0,0,21,BRG-6204 · Bremen
2024-03-27,BRG-6204,Deep-groove bearing 6204,Bearings,Bremen,HB,0,0,0,20,BRG-6204 · Bremen
2024-03-28,BRG-6204,Deep-groove bearing 6204,Bearings,Bremen,HB,0,0,0,38,BRG-6204 · Bremen
2024-03-29,BRG-6204,Deep-groove bearing 6204,Bearings,Bremen,HB,1,0,0,3,BRG-6204 · Bremen
2024-03-30,BRG-6204,Deep-groove bearing 6204,Bearings,Bremen,HB,0,0,0,3,BRG-6204 · Bremen
2024-03-31,BRG-6204,Deep-groove bearing 6204,Bearings,Bremen,HB,0,0,0,1,BRG-6204 · Bremen
2024-04-01,BRG-6204,Deep-groove bearing 6204,Bearings,Bremen,HB,1,0,1,3,BRG-6204 · Bremen
2024-04-02,BRG-6204,Deep-groove bearing 6204,Bearings,Bremen,HB,0,0,1,24,BRG-6204 · Bremen
2024-04-03,BRG-6204,Deep-groove bearing 6204,Bearings,Bremen,HB,0,0,1,24,BRG-6204 · Bremen
2024-04-04,BRG-6204,Deep-groove bearing 6204,Bearings,Bremen,HB,0,0,1,22,BRG-6204 · Bremen
2024-04-05,BRG-6204,Deep-groove bearing 6204,Bearings,Bremen,HB,0,0,1,19,BRG-6204 · Bremen
2024-04-06,BRG-6204,Deep-groove bearing 6204,Bearings,Bremen,HB,0,0,1,2,BRG-6204 · Bremen
2024-04-07,BRG-6204,Deep-groove bearing 6204,Bearings,Bremen,HB,0,0,1,1,BRG-6204 · Bremen
2024-04-08,BRG-6204,Deep-groove bearing 6204,Bearings,Bremen,HB,0,0,0,26,BRG-6204 · Bremen
2024-04-09,BRG-6204,Deep-groove bearing 6204,Bearings,Bremen,HB,0,0,0,23,BRG-6204 · Bremen
2024-04-10,BRG-6204,Deep-groove bearing 6204,Bearings,Bremen,HB,0,0,0,23,BRG-6204 · Bremen
2024-04-11,BRG-6204,Deep-groove bearing 6204,Bearings,Bremen,HB,0,0,0,21,BRG-6204 · Bremen
2024-04-12,BRG-6204,Deep-groove bearing 6204,Bearings,Bremen,HB,0,0,0,18,BRG-6204 · Bremen
2024-04-13,BRG-6204,Deep-groove bearing 6204,Bearings,Bremen,HB,0,0,0,3,BRG-6204 · Bremen
2024-04-14,BRG-6204,Deep-groove bearing 6204,Bearings,Bremen,HB,0,0,0,1,BRG-6204 · Bremen
2024-04-15,BRG-6204,Deep-groove bearing 6204,Bearings,Bremen,HB,0,0,0,24,BRG-6204 · Bremen
2024-04-16,BRG-6204,Deep-groove bearing 6204,Bearings,Bremen,HB,0,0,0,21,BRG-6204 · Bremen
2024-04-17,BRG-6204,Deep-groove bearing 6204,Bearings,Bremen,HB,0,0,0,25,BRG-6204 · Bremen
2024-04-18,BRG-6204,Deep-groove bearing 6204,Bearings,Bremen,HB,0,0,0,19,BRG-6204 · Bremen
2024-04-19,BRG-6204,Deep-groove bearing 6204,Bearings,Bremen,HB,0,0,0,21,BRG-6204 · Bremen
2024-04-20,BRG-6204,Deep-groove bearing 6204,Bearings,Bremen,HB,0,0,0,3,BRG-6204 · Bremen
2024-04-21,BRG-6204,Deep-groove bearing 6204,Bearings,Bremen,HB,0,0,0,1,BRG-6204 · Bremen
2024-04-22,BRG-6204,Deep-groove bearing 6204,Bearings,Bremen,HB,0,0,0,22,BRG-6204 · Bremen
2024-04-23,BRG-6204,Deep-groove bearing 6204,Bearings,Bremen,HB,0,0,0,21,BRG-6204 · Bremen
2024-04-24,BRG-6204,Deep-groove bearing 6204,Bearings,Bremen,HB,0,0,0,21,BRG-6204 · Bremen
2024-04-25,BRG-6204,Deep-groove bearing 6204,Bearings,Bremen,HB,0,0,0,21,BRG-6204 · Bremen
2024-04-26,BRG-6204,Deep-groove bearing 6204,Bearings,Bremen,HB,0,0,0,20,BRG-6204 · Bremen
2024-04-27,BRG-6204,Deep-groove bearing 6204,Bearings,Bremen,HB,0,0,0,2,BRG-6204 · Bremen
2024-04-28,BRG-6204,Deep-groove bearing 6204,Bearings,Bremen,HB,0,0,0,2,BRG-6204 · Bremen
2024-04-29,BRG-6204,Deep-groove bearing 6204,Bearings,Bremen,HB,0,0,0,24,BRG-6204 · Bremen
2024-04-30,BRG-6204,Deep-groove bearing 6204,Bearings,Bremen,HB,0,0,0,24,BRG-6204 · Bremen
2024-05-01,BRG-6204,Deep-groove bearing 6204,Bearings,Bremen,HB,1,0,0,3,BRG-6204 · Bremen
2024-05-02,BRG-6204,Deep-groove bearing 6204,Bearings,Bremen,HB,0,0,0,22,BRG-6204 · Bremen
2024-05-03,BRG-6204,Deep-groove bearing 6204,Bearings,Bremen,HB,0,0,0,20,BRG-6204 · Bremen
2024-05-04,BRG-6204,Deep-groove bearing 6204,Bearings,Bremen,HB,0,0,0,3,BRG-6204 · Bremen
2024-05-05,BRG-6204,Deep-groove bearing 6204,Bearings,Bremen,HB,0,0,0,2,BRG-6204 · Bremen
2024-05-06,BRG-6204,Deep-groove bearing 6204,Bearings,Bremen,HB,0,0,0,24,BRG-6204 · Bremen
2024-05-07,BRG-6204,Deep-groove bearing 6204,Bearings,Bremen,HB,0,0,0,23,BRG-6204 · Bremen
2024-05-08,BRG-6204,Deep-groove bearing 6204,Bearings,Bremen,HB,0,0,0,24,BRG-6204 · Bremen
2024-05-09,BRG-6204,Deep-groove bearing 6204,Bearings,Bremen,HB,1,0,0,3,BRG-6204 · Bremen
2024-05-10,BRG-6204,Deep-groove bearing 6204,Bearings,Bremen,HB,0,0,0,20,BRG-6204 · Bremen
2024-05-11,BRG-6204,Deep-groove bearing 6204,Bearings,Bremen,HB,0,0,0,3,BRG-6204 · Bremen
2024-05-12,BRG-6204,Deep-groove bearing 6204,Bearings,Bremen,HB,0,0,0,2,BRG-6204 · Bremen
2024-05-13,BRG-6204,Deep-groove bearing 6204,Bearings,Bremen,HB,0,0,0,24,BRG-6204 · Bremen
2024-05-14,BRG-6204,Deep-groove bearing 6204,Bearings,Bremen,HB,0,0,0,23,BRG-6204 · Bremen
2024-05-15,BRG-6204,Deep-groove bearing 6204,Bearings,Bremen,HB,0,0,0,23,BRG-6204 · Bremen
2024-05-16,BRG-6204,Deep-groove bearing 6204,Bearings,Bremen,HB,0,0,0,22,BRG-6204 · Bremen
2024-05-17,BRG-6204,Deep-groove bearing 6204,Bearings,Bremen,HB,0,0,0,20,BRG-6204 · Bremen
2024-05-18,BRG-6204,Deep-groove bearing 6204,Bearings,Bremen,HB,0,0,0,3,BRG-6204 · Bremen
2024-05-19,BRG-6204,Deep-groove bearing 6204,Bearings,Bremen,HB,0,0,0,1,BRG-6204 · Bremen
2024-05-20,BRG-6204,Deep-groove bearing 6204,Bearings,Bremen,HB,1,0,0,3,BRG-6204 · Bremen
2024-05-21,BRG-6204,Deep-groove bearing 6204,Bearings,Bremen,HB,0,0,0,25,BRG-6204 · Bremen
2024-05-22,BRG-6204,Deep-groove bearing 6204,Bearings,Bremen,HB,0,0,0,25,BRG-6204 · Bremen
2024-05-23,BRG-6204,Deep-groove bearing 6204,Bearings,Bremen,HB,0,0,0,22,BRG-6204 · Bremen
2024-05-24,BRG-6204,Deep-groove bearing 6204,Bearings,Bremen,HB,0,0,0,21,BRG-6204 · Bremen
2024-05-25,BRG-6204,Deep-groove bearing 6204,Bearings,Bremen,HB,0,0,0,2,BRG-6204 · Bremen
2024-05-26,BRG-6204,Deep-groove bearing 6204,Bearings,Bremen,HB,0,0,0,2,BRG-6204 · Bremen
2024-05-27,BRG-6204,Deep-groove bearing 6204,Bearings,Bremen,HB,0,0,0,22,BRG-6204 · Bremen
2024-05-28,BRG-6204,Deep-groove bearing 6204,Bearings,Bremen,HB,0,0,0,21,BRG-6204 · Bremen
2024-05-29,BRG-6204,Deep-groove bearing 6204,Bearings,Bremen,HB,0,0,0,22,BRG-6204 · Bremen
2024-05-30,BRG-6204,Deep-groove bearing 6204,Bearings,Bremen,HB,0,0,0,20,BRG-6204 · Bremen
2024-05-31,BRG-6204,Deep-groove bearing 6204,Bearings,Bremen,HB,0,0,0,18,BRG-6204 · Bremen
2024-06-01,BRG-6204,Deep-groove bearing 6204,Bearings,Bremen,HB,0,0,0,2,BRG-6204 · Bremen
2024-06-02,BRG-6204,Deep-groove bearing 6204,Bearings,Bremen,HB,0,0,0,2,BRG-6204 · Bremen
2024-06-03,BRG-6204,Deep-groove bearing 6204,Bearings,Bremen,HB,0,0,0,19,BRG-6204 · Bremen
2024-06-04,BRG-6204,Deep-groove bearing 6204,Bearings,Bremen,HB,0,0,0,20,BRG-6204 · Bremen
2024-06-05,BRG-6204,Deep-groove bearing 6204,Bearings,Bremen,HB,0,0,0,19,BRG-6204 · Bremen
2024-06-06,BRG-6204,Deep-groove bearing 6204,Bearings,Bremen,HB,0,0,0,19,BRG-6204 · Bremen
2024-06-07,BRG-6204,Deep-groove bearing 6204,Bearings,Bremen,HB,0,0,0,17,BRG-6204 · Bremen
2024-06-08,BRG-6204,Deep-groove bearing 6204,Bearings,Bremen,HB,0,0,0,1,BRG-6204 · Bremen
2024-06-09,BRG-6204,Deep-groove bearing 6204,Bearings,Bremen,HB,0,0,0,2,BRG-6204 · Bremen
2024-06-10,BRG-6204,Deep-groove bearing 6204,Bearings,Bremen,HB,0,0,0,20,BRG-6204 · Bremen
2024-06-11,BRG-6204,Deep-groove bearing 6204,Bearings,Bremen,HB,0,0,0,20,BRG-6204 · Bremen
2024-06-12,BRG-6204,Deep-groove bearing 6204,Bearings,Bremen,HB,0,0,0,19,BRG-6204 · Bremen
2024-06-13,BRG-6204,Deep-groove bearing 6204,Bearings,Bremen,HB,0,0,0,20,BRG-6204 · Bremen
2024-06-14,BRG-6204,Deep-groove bearing 6204,Bearings,Bremen,HB,0,0,0,21,BRG-6204 · Bremen
2024-06-15,BRG-6204,Deep-groove bearing 6204,Bearings,Bremen,HB,0,0,0,2,BRG-6204 · Bremen
2024-06-16,BRG-6204,Deep-groove bearing 6204,Bearings,Bremen,HB,0,0,0,1,BRG-6204 · Bremen
2024-06-17,BRG-6204,Deep-groove bearing 6204,Bearings,Bremen,HB,0,0,0,22,BRG-6204 · Bremen
2024-06-18,BRG-6204,Deep-groove bearing 6204,Bearings,Bremen,HB,0,0,0,20,BRG-6204 · Bremen
2024-06-19,BRG-6204,Deep-groove bearing 6204,Bearings,Bremen,HB,0,0,0,24,BRG-6204 · Bremen
2024-06-20,BRG-6204,Deep-groove bearing 6204,Bearings,Bremen,HB,0,0,0,21,BRG-6204 · Bremen
2024-06-21,BRG-6204,Deep-groove bearing 6204,Bearings,Bremen,HB,0,0,0,18,BRG-6204 · Bremen
2024-06-22,BRG-6204,Deep-groove bearing 6204,Bearings,Bremen,HB,0,0,0,2,BRG-6204 · Bremen
2024-06-23,BRG-6204,Deep-groove bearing 6204,Bearings,Bremen,HB,0,0,0,2,BRG-6204 · Bremen
2024-06-24,BRG-6204,Deep-groove bearing 6204,Bearings,Bremen,HB,0,0,0,24,BRG-6204 · Bremen
2024-06-25,BRG-6204,Deep-groove bearing 6204,Bearings,Bremen,HB,0,0,0,22,BRG-6204 · Bremen
2024-06-26,BRG-6204,Deep-groove bearing 6204,Bearings,Bremen,HB,0,0,0,24,BRG-6204 · Bremen
2024-06-27,BRG-6204,Deep-groove bearing 6204,Bearings,Bremen,HB,0,0,0,22,BRG-6204 · Bremen
2024-06-28,BRG-6204,Deep-groove bearing 6204,Bearings,Bremen,HB,0,0,0,19,BRG-6204 · Bremen
2024-06-29,BRG-6204,Deep-groove bearing 6204,Bearings,Bremen,HB,0,0,0,2,BRG-6204 · Bremen
2024-06-30,BRG-6204,Deep-groove bearing 6204,Bearings,Bremen,HB,0,0,0,2,BRG-6204 · Bremen
2024-07-01,BRG-6204,Deep-groove bearing 6204,Bearings,Bremen,HB,0,0,0,21,BRG-6204 · Bremen
2024-07-02,BRG-6204,Deep-groove bearing 6204,Bearings,Bremen,HB,0,0,0,21,BRG-6204 · Bremen
2024-07-03,BRG-6204,Deep-groove bearing 6204,Bearings,Bremen,HB,0,0,0,24,BRG-6204 · Bremen
2024-07-04,BRG-6204,Deep-groove bearing 6204,Bearings,Bremen,HB,0,0,0,22,BRG-6204 · Bremen
2024-07-05,BRG-6204,Deep-groove bearing 6204,Bearings,Bremen,HB,0,0,0,18,BRG-6204 · Bremen
2024-07-06,BRG-6204,Deep-groove bearing 6204,Bearings,Bremen,HB,0,0,0,3,BRG-6204 · Bremen
2024-07-07,BRG-6204,Deep-groove bearing 6204,Bearings,Bremen,HB,0,0,0,2,BRG-6204 · Bremen
2024-07-08,BRG-6204,Deep-groove bearing 6204,Bearings,Bremen,HB,0,0,0,23,BRG-6204 · Bremen
2024-07-09,BRG-6204,Deep-groove bearing 6204,Bearings,Bremen,HB,0,0,0,21,BRG-6204 · Bremen
2024-07-10,BRG-6204,Deep-groove bearing 6204,Bearings,Bremen,HB,0,0,0,22,BRG-6204 · Bremen
2024-07-11,BRG-6204,Deep-groove bearing 6204,Bearings,Bremen,HB,0,0,0,22,BRG-6204 · Bremen
2024-07-12,BRG-6204,Deep-groove bearing 6204,Bearings,Bremen,HB,0,0,0,18,BRG-6204 · Bremen
2024-07-13,BRG-6204,Deep-groove bearing 6204,Bearings,Bremen,HB,0,0,0,3,BRG-6204 · Bremen
2024-07-14,BRG-6204,Deep-groove bearing 6204,Bearings,Bremen,HB,0,0,0,2,BRG-6204 · Bremen
2024-07-15,BRG-6204,Deep-groove bearing 6204,Bearings,Bremen,HB,0,0,0,22,BRG-6204 · Bremen
2024-07-16,BRG-6204,Deep-groove bearing 6204,Bearings,Bremen,HB,0,0,0,23,BRG-6204 · Bremen
2024-07-17,BRG-6204,Deep-groove bearing 6204,Bearings,Bremen,HB,0,0,0,24,BRG-6204 · Bremen
2024-07-18,BRG-6204,Deep-groove bearing 6204,Bearings,Bremen,HB,0,0,0,24,BRG-6204 · Bremen
2024-07-19,BRG-6204,Deep-groove bearing 6204,Bearings,Bremen,HB,0,0,0,22,BRG-6204 · Bremen
2024-07-20,BRG-6204,Deep-groove bearing 6204,Bearings,Bremen,HB,0,0,0,2,BRG-6204 · Bremen
2024-07-21,BRG-6204,Deep-groove bearing 6204,Bearings,Bremen,HB,0,0,0,1,BRG-6204 · Bremen
2024-07-22,BRG-6204,Deep-groove bearing 6204,Bearings,Bremen,HB,0,0,0,25,BRG-6204 · Bremen
2024-07-23,BRG-6204,Deep-groove bearing 6204,Bearings,Bremen,HB,0,0,0,23,BRG-6204 · Bremen
2024-07-24,BRG-6204,Deep-groove bearing 6204,Bearings,Bremen,HB,0,0,0,26,BRG-6204 · Bremen
2024-07-25,BRG-6204,Deep-groove bearing 6204,Bearings,Bremen,HB,0,0,0,24,BRG-6204 · Bremen
2024-07-26,BRG-6204,Deep-groove bearing 6204,Bearings,Bremen,HB,0,0,0,18,BRG-6204 · Bremen
2024-07-27,BRG-6204,Deep-groove bearing 6204,Bearings,Bremen,HB,0,0,0,2,BRG-6204 · Bremen
2024-07-28,BRG-6204,Deep-groove bearing 6204,Bearings,Bremen,HB,0,0,0,1,BRG-6204 · Bremen
2024-07-29,BRG-6204,Deep-groove bearing 6204,Bearings,Bremen,HB,0,0,0,21,BRG-6204 · Bremen
2024-07-30,BRG-6204,Deep-groove bearing 6204,Bearings,Bremen,HB,0,0,0,21,BRG-6204 · Bremen
2024-07-31,BRG-6204,Deep-groove bearing 6204,Bearings,Bremen,HB,0,0,0,22,BRG-6204 · Bremen
2024-08-01,BRG-6204,Deep-groove bearing 6204,Bearings,Bremen,HB,0,0,0,19,BRG-6204 · Bremen
2024-08-02,BRG-6204,Deep-groove bearing 6204,Bearings,Bremen,HB,0,0,0,15,BRG-6204 · Bremen
2024-08-03,BRG-6204,Deep-groove bearing 6204,Bearings,Bremen,HB,0,0,0,2,BRG-6204 · Bremen
2024-08-04,BRG-6204,Deep-groove bearing 6204,Bearings,Bremen,HB,0,0,0,1,BRG-6204 · Bremen
2024-08-05,BRG-6204,Deep-groove bearing 6204,Bearings,Bremen,HB,0,1,0,3,BRG-6204 · Bremen
2024-08-06,BRG-6204,Deep-groove bearing 6204,Bearings,Bremen,HB,0,1,0,4,BRG-6204 · Bremen
2024-08-07,BRG-6204,Deep-groove bearing 6204,Bearings,Bremen,HB,0,1,0,3,BRG-6204 · Bremen
2024-08-08,BRG-6204,Deep-groove bearing 6204,Bearings,Bremen,HB,0,1,0,3,BRG-6204 · Bremen
2024-08-09,BRG-6204,Deep-groove bearing 6204,Bearings,Bremen,HB,0,1,0,3,BRG-6204 · Bremen
2024-08-10,BRG-6204,Deep-groove bearing 6204,Bearings,Bremen,HB,0,1,0,0,BRG-6204 · Bremen
2024-08-11,BRG-6204,Deep-groove bearing 6204,Bearings,Bremen,HB,0,1,0,0,BRG-6204 · Bremen
2024-08-12,BRG-6204,Deep-groove bearing 6204,Bearings,Bremen,HB,0,1,0,3,BRG-6204 · Bremen
2024-08-13,BRG-6204,Deep-groove bearing 6204,Bearings,Bremen,HB,0,1,0,4,BRG-6204 · Bremen
2024-08-14,BRG-6204,Deep-groove bearing 6204,Bearings,Bremen,HB,0,1,0,3,BRG-6204 · Bremen
2024-08-15,BRG-6204,Deep-groove bearing 6204,Bearings,Bremen,HB,0,1,0,3,BRG-6204 · Bremen
2024-08-16,BRG-6204,Deep-groove bearing 6204,Bearings,Bremen,HB,0,1,0,3,BRG-6204 · Bremen
2024-08-17,BRG-6204,Deep-groove bearing 6204,Bearings,Bremen,HB,0,1,0,1,BRG-6204 · Bremen
2024-08-18,BRG-6204,Deep-groove bearing 6204,Bearings,Bremen,HB,0,1,0,0,BRG-6204 · Bremen
2024-08-19,BRG-6204,Deep-groove bearing 6204,Bearings,Bremen,HB,0,0,0,23,BRG-6204 · Bremen
2024-08-20,BRG-6204,Deep-groove bearing 6204,Bearings,Bremen,HB,0,0,0,19,BRG-6204 · Bremen
2024-08-21,BRG-6204,Deep-groove bearing 6204,Bearings,Bremen,HB,0,0,0,21,BRG-6204 · Bremen
2024-08-22,BRG-6204,Deep-groove bearing 6204,Bearings,Bremen,HB,0,0,0,20,BRG-6204 · Bremen
2024-08-23,BRG-6204,Deep-groove bearing 6204,Bearings,Bremen,HB,0,0,0,17,BRG-6204 · Bremen
2024-08-24,BRG-6204,Deep-groove bearing 6204,Bearings,Bremen,HB,0,0,0,2,BRG-6204 · Bremen
2024-08-25,BRG-6204,Deep-groove bearing 6204,Bearings,Bremen,HB,0,0,0,2,BRG-6204 · Bremen
2024-08-26,BRG-6204,Deep-groove bearing 6204,Bearings,Bremen,HB,0,0,0,21,BRG-6204 · Bremen
2024-08-27,BRG-6204,Deep-groove bearing 6204,Bearings,Bremen,HB,0,0,0,21,BRG-6204 · Bremen
2024-08-28,BRG-6204,Deep-groove bearing 6204,Bearings,Bremen,HB,0,0,0,19,BRG-6204 · Bremen
2024-08-29,BRG-6204,Deep-groove bearing 6204,Bearings,Bremen,HB,0,0,0,18,BRG-6204 · Bremen
2024-08-30,BRG-6204,Deep-groove bearing 6204,Bearings,Bremen,HB,0,0,0,17,BRG-6204 · Bremen
2024-08-31,BRG-6204,Deep-groove bearing 6204,Bearings,Bremen,HB,0,0,0,2,BRG-6204 · Bremen
2024-09-01,BRG-6204,Deep-groove bearing 6204,Bearings,Bremen,HB,0,0,0,1,BRG-6204 · Bremen
2024-09-02,BRG-6204,Deep-groove bearing 6204,Bearings,Bremen,HB,0,0,0,21,BRG-6204 · Bremen
2024-09-03,BRG-6204,Deep-groove bearing 6204,Bearings,Bremen,HB,0,0,0,18,BRG-6204 · Bremen
2024-09-04,BRG-6204,Deep-groove bearing 6204,Bearings,Bremen,HB,0,0,0,20,BRG-6204 · Bremen
2024-09-05,BRG-6204,Deep-groove bearing 6204,Bearings,Bremen,HB,0,0,0,21,BRG-6204 · Bremen
2024-09-06,BRG-6204,Deep-groove bearing 6204,Bearings,Bremen,HB,0,0,0,16,BRG-6204 · Bremen
2024-09-07,BRG-6204,Deep-groove bearing 6204,Bearings,Bremen,HB,0,0,0,2,BRG-6204 · Bremen
2024-09-08,BRG-6204,Deep-groove bearing 6204,Bearings,Bremen,HB,0,0,0,2,BRG-6204 · Bremen
2024-09-09,BRG-6204,Deep-groove bearing 6204,Bearings,Bremen,HB,0,0,0,20,BRG-6204 · Bremen
2024-09-10,BRG-6204,Deep-groove bearing 6204,Bearings,Bremen,HB,0,0,0,21,BRG-6204 · Bremen
2024-09-11,BRG-6204,Deep-groove bearing 6204,Bearings,Bremen,HB,0,0,0,19,BRG-6204 · Bremen
2024-09-12,BRG-6204,Deep-groove bearing 6204,Bearings,Bremen,HB,0,0,0,20,BRG-6204 · Bremen
2024-09-13,BRG-6204,Deep-groove bearing 6204,Bearings,Bremen,HB,0,0,0,19,BRG-6204 · Bremen
2024-09-14,BRG-6204,Deep-groove bearing 6204,Bearings,Bremen,HB,0,0,0,3,BRG-6204 · Bremen
2024-09-15,BRG-6204,Deep-groove bearing 6204,Bearings,Bremen,HB,0,0,0,2,BRG-6204 · Bremen
2024-09-16,BRG-6204,Deep-groove bearing 6204,Bearings,Bremen,HB,0,0,0,21,BRG-6204 · Bremen
2024-09-17,BRG-6204,Deep-groove bearing 6204,Bearings,Bremen,HB,0,0,0,20,BRG-6204 · Bremen
2024-09-18,BRG-6204,Deep-groove bearing 6204,Bearings,Bremen,HB,0,0,0,22,BRG-6204 · Bremen
2024-09-19,BRG-6204,Deep-groove bearing 6204,Bearings,Bremen,HB,0,0,0,23,BRG-6204 · Bremen
2024-09-20,BRG-6204,Deep-groove bearing 6204,Bearings,Bremen,HB,0,0,0,17,BRG-6204 · Bremen
2024-09-21,BRG-6204,Deep-groove bearing 6204,Bearings,Bremen,HB,0,0,0,2,BRG-6204 · Bremen
2024-09-22,BRG-6204,Deep-groove bearing 6204,Bearings,Bremen,HB,0,0,0,2,BRG-6204 · Bremen
2024-09-23,BRG-6204,Deep-groove bearing 6204,Bearings,Bremen,HB,0,0,0,22,BRG-6204 · Bremen
2024-09-24,BRG-6204,Deep-groove bearing 6204,Bearings,Bremen,HB,0,0,0,23,BRG-6204 · Bremen
2024-09-25,BRG-6204,Deep-groove bearing 6204,Bearings,Bremen,HB,0,0,0,22,BRG-6204 · Bremen
2024-09-26,BRG-6204,Deep-groove bearing 6204,Bearings,Bremen,HB,0,0,0,20,BRG-6204 · Bremen
2024-09-27,BRG-6204,Deep-groove bearing 6204,Bearings,Bremen,HB,0,0,0,20,BRG-6204 · Bremen
2024-09-28,BRG-6204,Deep-groove bearing 6204,Bearings,Bremen,HB,0,0,0,3,BRG-6204 · Bremen
2024-09-29,BRG-6204,Deep-groove bearing 6204,Bearings,Bremen,HB,0,0,0,1,BRG-6204 · Bremen
2024-09-30,BRG-6204,Deep-groove bearing 6204,Bearings,Bremen,HB,0,0,0,20,BRG-6204 · Bremen
2024-10-01,BRG-6204,Deep-groove bearing 6204,Bearings,Bremen,HB,0,0,1,20,BRG-6204 · Bremen
2024-10-02,BRG-6204,Deep-groove bearing 6204,Bearings,Bremen,HB,0,0,1,22,BRG-6204 · Bremen
2024-10-03,BRG-6204,Deep-groove bearing 6204,Bearings,Bremen,HB,1,0,1,3,BRG-6204 · Bremen
2024-10-04,BRG-6204,Deep-groove bearing 6204,Bearings,Bremen,HB,0,0,1,19,BRG-6204 · Bremen
2024-10-05,BRG-6204,Deep-groove bearing 6204,Bearings,Bremen,HB,0,0,1,3,BRG-6204 · Bremen
2024-10-06,BRG-6204,Deep-groove bearing 6204,Bearings,Bremen,HB,0,0,1,1,BRG-6204 · Bremen
2024-10-07,BRG-6204,Deep-groove bearing 6204,Bearings,Bremen,HB,0,0,1,22,BRG-6204 · Bremen
2024-10-08,BRG-6204,Deep-groove bearing 6204,Bearings,Bremen,HB,0,0,0,22,BRG-6204 · Bremen
2024-10-09,BRG-6204,Deep-groove bearing 6204,Bearings,Bremen,HB,0,0,0,22,BRG-6204 · Bremen
2024-10-10,BRG-6204,Deep-groove bearing 6204,Bearings,Bremen,HB,0,0,0,19,BRG-6204 · Bremen
2024-10-11,BRG-6204,Deep-groove bearing 6204,Bearings,Bremen,HB,0,0,0,17,BRG-6204 · Bremen
2024-10-12,BRG-6204,Deep-groove bearing 6204,Bearings,Bremen,HB,0,0,0,2,BRG-6204 · Bremen
2024-10-13,BRG-6204,Deep-groove bearing 6204,Bearings,Bremen,HB,0,0,0,2,BRG-6204 · Bremen
2024-10-14,BRG-6204,Deep-groove bearing 6204,Bearings,Bremen,HB,0,0,0,25,BRG-6204 · Bremen
2024-10-15,BRG-6204,Deep-groove bearing 6204,Bearings,Bremen,HB,0,0,0,19,BRG-6204 · Bremen
2024-10-16,BRG-6204,Deep-groove bearing 6204,Bearings,Bremen,HB,0,0,0,23,BRG-6204 · Bremen
2024-10-17,BRG-6204,Deep-groove bearing 6204,Bearings,Bremen,HB,0,0,0,20,BRG-6204 · Bremen
2024-10-18,BRG-6204,Deep-groove bearing 6204,Bearings,Bremen,HB,0,0,0,19,BRG-6204 · Bremen
2024-10-19,BRG-6204,Deep-groove bearing 6204,Bearings,Bremen,HB,0,0,0,3,BRG-6204 · Bremen
2024-10-20,BRG-6204,Deep-groove bearing 6204,Bearings,Bremen,HB,0,0,0,2,BRG-6204 · Bremen
2024-10-21,BRG-6204,Deep-groove bearing 6204,Bearings,Bremen,HB,0,0,0,22,BRG-6204 · Bremen
2024-10-22,BRG-6204,Deep-groove bearing 6204,Bearings,Bremen,HB,0,0,0,19,BRG-6204 · Bremen
2024-10-23,BRG-6204,Deep-groove bearing 6204,Bearings,Bremen,HB,0,0,0,21,BRG-6204 · Bremen
2024-10-24,BRG-6204,Deep-groove bearing 6204,Bearings,Bremen,HB,0,0,0,20,BRG-6204 · Bremen
2024-10-25,BRG-6204,Deep-groove bearing 6204,Bearings,Bremen,HB,0,0,0,18,BRG-6204 · Bremen
2024-10-26,BRG-6204,Deep-groove bearing 6204,Bearings,Bremen,HB,0,0,0,3,BRG-6204 · Bremen
2024-10-27,BRG-6204,Deep-groove bearing 6204,Bearings,Bremen,HB,0,0,0,1,BRG-6204 · Bremen
2024-10-28,BRG-6204,Deep-groove bearing 6204,Bearings,Bremen,HB,0,0,0,21,BRG-6204 · Bremen
2024-10-29,BRG-6204,Deep-groove bearing 6204,Bearings,Bremen,HB,0,0,0,20,BRG-6204 · Bremen
2024-10-30,BRG-6204,Deep-groove bearing 6204,Bearings,Bremen,HB,0,0,0,19,BRG-6204 · Bremen
2024-10-31,BRG-6204,Deep-groove bearing 6204,Bearings,Bremen,HB,1,0,0,2,BRG-6204 · Bremen
2024-11-01,BRG-6204,Deep-groove bearing 6204,Bearings,Bremen,HB,0,0,0,15,BRG-6204 · Bremen
2024-11-02,BRG-6204,Deep-groove bearing 6204,Bearings,Bremen,HB,0,0,0,2,BRG-6204 · Bremen
2024-11-03,BRG-6204,Deep-groove bearing 6204,Bearings,Bremen,HB,0,0,0,1,BRG-6204 · Bremen
2024-11-04,BRG-6204,Deep-groove bearing 6204,Bearings,Bremen,HB,0,0,0,22,BRG-6204 · Bremen
2024-11-05,BRG-6204,Deep-groove bearing 6204,Bearings,Bremen,HB,0,0,0,23,BRG-6204 · Bremen
2024-11-06,BRG-6204,Deep-groove bearing 6204,Bearings,Bremen,HB,0,0,0,18,BRG-6204 · Bremen
2024-11-07,BRG-6204,Deep-groove bearing 6204,Bearings,Bremen,HB,0,0,0,20,BRG-6204 · Bremen
2024-11-08,BRG-6204,Deep-groove bearing 6204,Bearings,Bremen,HB,0,0,0,21,BRG-6204 · Bremen
2024-11-09,BRG-6204,Deep-groove bearing 6204,Bearings,Bremen,HB,0,0,0,3,BRG-6204 · Bremen
2024-11-10,BRG-6204,Deep-groove bearing 6204,Bearings,Bremen,HB,0,0,0,2,BRG-6204 · Bremen
2024-11-11,BRG-6204,Deep-groove bearing 6204,Bearings,Bremen,HB,0,0,0,24,BRG-6204 · Bremen
2024-11-12,BRG-6204,Deep-groove bearing 6204,Bearings,Bremen,HB,0,0,0,20,BRG-6204 · Bremen
2024-11-13,BRG-6204,Deep-groove bearing 6204,Bearings,Bremen,HB,0,0,0,19,BRG-6204 · Bremen
2024-11-14,BRG-6204,Deep-groove bearing 6204,Bearings,Bremen,HB,0,0,0,21,BRG-6204 · Bremen
2024-11-15,BRG-6204,Deep-groove bearing 6204,Bearings,Bremen,HB,0,0,0,19,BRG-6204 · Bremen
2024-11-16,BRG-6204,Deep-groove bearing 6204,Bearings,Bremen,HB,0,0,0,3,BRG-6204 · Bremen
2024-11-17,BRG-6204,Deep-groove bearing 6204,Bearings,Bremen,HB,0,0,0,1,BRG-6204 · Bremen
2024-11-18,BRG-6204,Deep-groove bearing 6204,Bearings,Bremen,HB,0,0,0,23,BRG-6204 · Bremen
2024-11-19,BRG-6204,Deep-groove bearing 6204,Bearings,Bremen,HB,0,0,0,23,BRG-6204 · Bremen
2024-11-20,BRG-6204,Deep-groove bearing 6204,Bearings,Bremen,HB,0,0,0,22,BRG-6204 · Bremen
2024-11-21,BRG-6204,Deep-groove bearing 6204,Bearings,Bremen,HB,0,0,0,23,BRG-6204 · Bremen
2024-11-22,BRG-6204,Deep-groove bearing 6204,Bearings,Bremen,HB,0,0,0,19,BRG-6204 · Bremen
2024-11-23,BRG-6204,Deep-groove bearing 6204,Bearings,Bremen,HB,0,0,0,3,BRG-6204 · Bremen
2024-11-24,BRG-6204,Deep-groove bearing 6204,Bearings,Bremen,HB,0,0,0,2,BRG-6204 · Bremen
2024-11-25,BRG-6204,Deep-groove bearing 6204,Bearings,Bremen,HB,0,0,0,24,BRG-6204 · Bremen
2024-11-26,BRG-6204,Deep-groove bearing 6204,Bearings,Bremen,HB,0,0,0,25,BRG-6204 · Bremen
2024-11-27,BRG-6204,Deep-groove bearing 6204,Bearings,Bremen,HB,0,0,0,25,BRG-6204 · Bremen
2024-11-28,BRG-6204,Deep-groove bearing 6204,Bearings,Bremen,HB,0,0,0,24,BRG-6204 · Bremen
2024-11-29,BRG-6204,Deep-groove bearing 6204,Bearings,Bremen,HB,0,0,0,19,BRG-6204 · Bremen
2024-11-30,BRG-6204,Deep-groove bearing 6204,Bearings,Bremen,HB,0,0,0,3,BRG-6204 · Bremen
2024-12-01,BRG-6204,Deep-groove bearing 6204,Bearings,Bremen,HB,0,0,0,1,BRG-6204 · Bremen
2024-12-02,BRG-6204,Deep-groove bearing 6204,Bearings,Bremen,HB,0,0,0,25,BRG-6204 · Bremen
2024-12-03,BRG-6204,Deep-groove bearing 6204,Bearings,Bremen,HB,0,0,0,23,BRG-6204 · Bremen
2024-12-04,BRG-6204,Deep-groove bearing 6204,Bearings,Bremen,HB,0,0,0,25,BRG-6204 · Bremen
2024-12-05,BRG-6204,Deep-groove bearing 6204,Bearings,Bremen,HB,0,0,0,24,BRG-6204 · Bremen
2024-12-06,BRG-6204,Deep-groove bearing 6204,Bearings,Bremen,HB,0,0,0,21,BRG-6204 · Bremen
2024-12-07,BRG-6204,Deep-groove bearing 6204,Bearings,Bremen,HB,0,0,0,3,BRG-6204 · Bremen
2024-12-08,BRG-6204,Deep-groove bearing 6204,Bearings,Bremen,HB,0,0,0,1,BRG-6204 · Bremen
2024-12-09,BRG-6204,Deep-groove bearing 6204,Bearings,Bremen,HB,0,0,0,23,BRG-6204 · Bremen
2024-12-10,BRG-6204,Deep-groove bearing 6204,Bearings,Bremen,HB,0,0,0,26,BRG-6204 · Bremen
2024-12-11,BRG-6204,Deep-groove bearing 6204,Bearings,Bremen,HB,0,0,0,24,BRG-6204 · Bremen
2024-12-12,BRG-6204,Deep-groove bearing 6204,Bearings,Bremen,HB,0,0,0,22,BRG-6204 · Bremen
2024-12-13,BRG-6204,Deep-groove bearing 6204,Bearings,Bremen,HB,0,0,0,22,BRG-6204 · Bremen
2024-12-14,BRG-6204,Deep-groove bearing 6204,Bearings,Bremen,HB,0,0,0,3,BRG-6204 · Bremen
2024-12-15,BRG-6204,Deep-groove bearing 6204,Bearings,Bremen,HB,0,0,0,2,BRG-6204 · Bremen
2024-12-16,BRG-6204,Deep-groove bearing 6204,Bearings,Bremen,HB,0,0,0,25,BRG-6204 · Bremen
2024-12-17,BRG-6204,Deep-groove bearing 6204,Bearings,Bremen,HB,0,0,0,24,BRG-6204 · Bremen
2024-12-18,BRG-6204,Deep-groove bearing 6204,Bearings,Bremen,HB,0,0,0,25,BRG-6204 · Bremen
2024-12-19,BRG-6204,Deep-groove bearing 6204,Bearings,Bremen,HB,0,0,0,21,BRG-6204 · Bremen
2024-12-20,BRG-6204,Deep-groove bearing 6204,Bearings,Bremen,HB,0,0,0,20,BRG-6204 · Bremen
2024-12-21,BRG-6204,Deep-groove bearing 6204,Bearings,Bremen,HB,0,0,0,2,BRG-6204 · Bremen
2024-12-22,BRG-6204,Deep-groove bearing 6204,Bearings,Bremen,HB,0,0,0,1,BRG-6204 · Bremen
2024-12-23,BRG-6204,Deep-groove bearing 6204,Bearings,Bremen,HB,0,0,0,25,BRG-6204 · Bremen
2024-12-24,BRG-6204,Deep-groove bearing 6204,Bearings,Bremen,HB,0,1,0,4,BRG-6204 · Bremen
2024-12-25,BRG-6204,Deep-groove bearing 6204,Bearings,Bremen,HB,1,1,0,1,BRG-6204 · Bremen
2024-12-26,BRG-6204,Deep-groove bearing 6204,Bearings,Bremen,HB,1,1,0,1,BRG-6204 · Bremen
2024-12-27,BRG-6204,Deep-groove bearing 6204,Bearings,Bremen,HB,0,1,0,4,BRG-6204 · Bremen
2024-12-28,BRG-6204,Deep-groove bearing 6204,Bearings,Bremen,HB,0,1,0,0,BRG-6204 · Bremen
2024-12-29,BRG-6204,Deep-groove bearing 6204,Bearings,Bremen,HB,0,1,0,0,BRG-6204 · Bremen
2024-12-30,BRG-6204,Deep-groove bearing 6204,Bearings,Bremen,HB,0,1,0,5,BRG-6204 · Bremen
2024-12-31,BRG-6204,Deep-groove bearing 6204,Bearings,Bremen,HB,0,1,0,5,BRG-6204 · Bremen
2023-01-01,BRG-6305,Deep-groove bearing 6305,Bearings,Augsburg,BY,1,1,0,1,BRG-6305 · Augsburg
2023-01-02,BRG-6305,Deep-groove bearing 6305,Bearings,Augsburg,BY,0,1,0,6,BRG-6305 · Augsburg
2023-01-03,BRG-6305,Deep-groove bearing 6305,Bearings,Augsburg,BY,0,0,0,27,BRG-6305 · Augsburg
2023-01-04,BRG-6305,Deep-groove bearing 6305,Bearings,Augsburg,BY,0,0,0,19,BRG-6305 · Augsburg
2023-01-05,BRG-6305,Deep-groove bearing 6305,Bearings,Augsburg,BY,0,0,0,24,BRG-6305 · Augsburg
2023-01-06,BRG-6305,Deep-groove bearing 6305,Bearings,Augsburg,BY,1,0,0,2,BRG-6305 · Augsburg
2023-01-07,BRG-6305,Deep-groove bearing 6305,Bearings,Augsburg,BY,0,0,0,3,BRG-6305 · Augsburg
2023-01-08,BRG-6305,Deep-groove bearing 6305,Bearings,Augsburg,BY,0,0,0,1,BRG-6305 · Augsburg
2023-01-09,BRG-6305,Deep-groove bearing 6305,Bearings,Augsburg,BY,0,0,0,21,BRG-6305 · Augsburg
2023-01-10,BRG-6305,Deep-groove bearing 6305,Bearings,Augsburg,BY,0,0,0,21,BRG-6305 · Augsburg
2023-01-11,BRG-6305,Deep-groove bearing 6305,Bearings,Augsburg,BY,0,0,0,24,BRG-6305 · Augsburg
2023-01-12,BRG-6305,Deep-groove bearing 6305,Bearings,Augsburg,BY,0,0,0,23,BRG-6305 · Augsburg
2023-01-13,BRG-6305,Deep-groove bearing 6305,Bearings,Augsburg,BY,0,0,0,19,BRG-6305 · Augsburg
2023-01-14,BRG-6305,Deep-groove bearing 6305,Bearings,Augsburg,BY,0,0,0,1,BRG-6305 · Augsburg
2023-01-15,BRG-6305,Deep-groove bearing 6305,Bearings,Augsburg,BY,0,0,0,1,BRG-6305 · Augsburg
2023-01-16,BRG-6305,Deep-groove bearing 6305,Bearings,Augsburg,BY,0,0,0,20,BRG-6305 · Augsburg
2023-01-17,BRG-6305,Deep-groove bearing 6305,Bearings,Augsburg,BY,0,0,0,23,BRG-6305 · Augsburg
2023-01-18,BRG-6305,Deep-groove bearing 6305,Bearings,Augsburg,BY,0,0,0,24,BRG-6305 · Augsburg
2023-01-19,BRG-6305,Deep-groove bearing 6305,Bearings,Augsburg,BY,0,0,0,23,BRG-6305 · Augsburg
2023-01-20,BRG-6305,Deep-groove bearing 6305,Bearings,Augsburg,BY,0,0,0,17,BRG-6305 · Augsburg
2023-01-21,BRG-6305,Deep-groove bearing 6305,Bearings,Augsburg,BY,0,0,0,0,BRG-6305 · Augsburg
2023-01-22,BRG-6305,Deep-groove bearing 6305,Bearings,Augsburg,BY,0,0,0,0,BRG-6305 · Augsburg
2023-01-23,BRG-6305,Deep-groove bearing 6305,Bearings,Augsburg,BY,0,0,0,27,BRG-6305 · Augsburg
2023-01-24,BRG-6305,Deep-groove bearing 6305,Bearings,Augsburg,BY,0,0,0,21,BRG-6305 · Augsburg
2023-01-25,BRG-6305,Deep-groove bearing 6305,Bearings,Augsburg,BY,0,0,0,20,BRG-6305 · Augsburg
2023-01-26,BRG-6305,Deep-groove bearing 6305,Bearings,Augsburg,BY,0,0,0,26,BRG-6305 · Augsburg
2023-01-27,BRG-6305,Deep-groove bearing 6305,Bearings,Augsburg,BY,0,0,0,23,BRG-6305 · Augsburg
2023-01-28,BRG-6305,Deep-groove bearing 6305,Bearings,Augsburg,BY,0,0,0,3,BRG-6305 · Augsburg
2023-01-29,BRG-6305,Deep-groove bearing 6305,Bearings,Augsburg,BY,0,0,0,1,BRG-6305 · Augsburg
2023-01-30,BRG-6305,Deep-groove bearing 6305,Bearings,Augsburg,BY,0,0,0,26,BRG-6305 · Augsburg
2023-01-31,BRG-6305,Deep-groove bearing 6305,Bearings,Augsburg,BY,0,0,0,25,BRG-6305 · Augsburg
2023-02-01,BRG-6305,Deep-groove bearing 6305,Bearings,Augsburg,BY,0,0,0,28,BRG-6305 · Augsburg
2023-02-02,BRG-6305,Deep-groove bearing 6305,Bearings,Augsburg,BY,0,0,0,24,BRG-6305 · Augsburg
2023-02-03,BRG-6305,Deep-groove bearing 6305,Bearings,Augsburg,BY,0,0,0,22,BRG-6305 · Augsburg
2023-02-04,BRG-6305,Deep-groove bearing 6305,Bearings,Augsburg,BY,0,0,0,4,BRG-6305 · Augsburg
2023-02-05,BRG-6305,Deep-groove bearing 6305,Bearings,Augsburg,BY,0,0,0,1,BRG-6305 · Augsburg
2023-02-06,BRG-6305,Deep-groove bearing 6305,Bearings,Augsburg,BY,0,0,0,25,BRG-6305 · Augsburg
2023-02-07,BRG-6305,Deep-groove bearing 6305,Bearings,Augsburg,BY,0,0,0,21,BRG-6305 · Augsburg
2023-02-08,BRG-6305,Deep-groove bearing 6305,Bearings,Augsburg,BY,0,0,0,15,BRG-6305 · Augsburg
2023-02-09,BRG-6305,Deep-groove bearing 6305,Bearings,Augsburg,BY,0,0,0,16,BRG-6305 · Augsburg
2023-02-10,BRG-6305,Deep-groove bearing 6305,Bearings,Augsburg,BY,0,0,0,16,BRG-6305 · Augsburg
2023-02-11,BRG-6305,Deep-groove bearing 6305,Bearings,Augsburg,BY,0,0,0,3,BRG-6305 · Augsburg
2023-02-12,BRG-6305,Deep-groove bearing 6305,Bearings,Augsburg,BY,0,0,0,2,BRG-6305 · Augsburg
2023-02-13,BRG-6305,Deep-groove bearing 6305,Bearings,Augsburg,BY,0,0,0,23,BRG-6305 · Augsburg
2023-02-14,BRG-6305,Deep-groove bearing 6305,Bearings,Augsburg,BY,0,0,0,29,BRG-6305 · Augsburg
2023-02-15,BRG-6305,Deep-groove bearing 6305,Bearings,Augsburg,BY,0,0,0,20,BRG-6305 · Augsburg
2023-02-16,BRG-6305,Deep-groove bearing 6305,Bearings,Augsburg,BY,0,0,0,23,BRG-6305 · Augsburg
2023-02-17,BRG-6305,Deep-groove bearing 6305,Bearings,Augsburg,BY,0,0,0,21,BRG-6305 · Augsburg
2023-02-18,BRG-6305,Deep-groove bearing 6305,Bearings,Augsburg,BY,0,0,0,2,BRG-6305 · Augsburg
2023-02-19,BRG-6305,Deep-groove bearing 6305,Bearings,Augsburg,BY,0,0,0,2,BRG-6305 · Augsburg
2023-02-20,BRG-6305,Deep-groove bearing 6305,Bearings,Augsburg,BY,0,0,0,19,BRG-6305 · Augsburg
2023-02-21,BRG-6305,Deep-groove bearing 6305,Bearings,Augsburg,BY,0,0,0,26,BRG-6305 · Augsburg
2023-02-22,BRG-6305,Deep-groove bearing 6305,Bearings,Augsburg,BY,0,0,0,20,BRG-6305 · Augsburg
2023-02-23,BRG-6305,Deep-groove bearing 6305,Bearings,Augsburg,BY,0,0,0,26,BRG-6305 · Augsburg
2023-02-24,BRG-6305,Deep-groove bearing 6305,Bearings,Augsburg,BY,0,0,0,19,BRG-6305 · Augsburg
2023-02-25,BRG-6305,Deep-groove bearing 6305,Bearings,Augsburg,BY,0,0,0,3,BRG-6305 · Augsburg
2023-02-26,BRG-6305,Deep-groove bearing 6305,Bearings,Augsburg,BY,0,0,0,1,BRG-6305 · Augsburg
2023-02-27,BRG-6305,Deep-groove bearing 6305,Bearings,Augsburg,BY,0,0,0,23,BRG-6305 · Augsburg
2023-02-28,BRG-6305,Deep-groove bearing 6305,Bearings,Augsburg,BY,0,0,0,20,BRG-6305 · Augsburg
2023-03-01,BRG-6305,Deep-groove bearing 6305,Bearings,Augsburg,BY,0,0,0,22,BRG-6305 · Augsburg
2023-03-02,BRG-6305,Deep-groove bearing 6305,Bearings,Augsburg,BY,0,0,0,22,BRG-6305 · Augsburg
2023-03-03,BRG-6305,Deep-groove bearing 6305,Bearings,Augsburg,BY,0,0,0,17,BRG-6305 · Augsburg
2023-03-04,BRG-6305,Deep-groove bearing 6305,Bearings,Augsburg,BY,0,0,0,2,BRG-6305 · Augsburg
2023-03-05,BRG-6305,Deep-groove bearing 6305,Bearings,Augsburg,BY,0,0,0,1,BRG-6305 · Augsburg
2023-03-06,BRG-6305,Deep-groove bearing 6305,Bearings,Augsburg,BY,0,0,0,28,BRG-6305 · Augsburg
2023-03-07,BRG-6305,Deep-groove bearing 6305,Bearings,Augsburg,BY,0,0,0,22,BRG-6305 · Augsburg
2023-03-08,BRG-6305,Deep-groove bearing 6305,Bearings,Augsburg,BY,0,0,0,25,BRG-6305 · Augsburg
2023-03-09,BRG-6305,Deep-groove bearing 6305,Bearings,Augsburg,BY,0,0,0,20,BRG-6305 · Augsburg
2023-03-10,BRG-6305,Deep-groove bearing 6305,Bearings,Augsburg,BY,0,0,0,19,BRG-6305 · Augsburg
2023-03-11,BRG-6305,Deep-groove bearing 6305,Bearings,Augsburg,BY,0,0,0,1,BRG-6305 · Augsburg
2023-03-12,BRG-6305,Deep-groove bearing 6305,Bearings,Augsburg,BY,0,0,0,1,BRG-6305 · Augsburg
2023-03-13,BRG-6305,Deep-groove bearing 6305,Bearings,Augsburg,BY,0,0,0,22,BRG-6305 · Augsburg
2023-03-14,BRG-6305,Deep-groove bearing 6305,Bearings,Augsburg,BY,0,0,0,25,BRG-6305 · Augsburg
2023-03-15,BRG-6305,Deep-groove bearing 6305,Bearings,Augsburg,BY,0,0,0,22,BRG-6305 · Augsburg
2023-03-16,BRG-6305,Deep-groove bearing 6305,Bearings,Augsburg,BY,0,0,0,25,BRG-6305 · Augsburg
2023-03-17,BRG-6305,Deep-groove bearing 6305,Bearings,Augsburg,BY,0,0,0,21,BRG-6305 · Augsburg
2023-03-18,BRG-6305,Deep-groove bearing 6305,Bearings,Augsburg,BY,0,0,0,4,BRG-6305 · Augsburg
2023-03-19,BRG-6305,Deep-groove bearing 6305,Bearings,Augsburg,BY,0,0,0,1,BRG-6305 · Augsburg
2023-03-20,BRG-6305,Deep-groove bearing 6305,Bearings,Augsburg,BY,0,0,0,28,BRG-6305 · Augsburg
2023-03-21,BRG-6305,Deep-groove bearing 6305,Bearings,Augsburg,BY,0,0,0,20,BRG-6305 · Augsburg
2023-03-22,BRG-6305,Deep-groove bearing 6305,Bearings,Augsburg,BY,0,0,0,19,BRG-6305 · Augsburg
2023-03-23,BRG-6305,Deep-groove bearing 6305,Bearings,Augsburg,BY,0,0,0,18,BRG-6305 · Augsburg
2023-03-24,BRG-6305,Deep-groove bearing 6305,Bearings,Augsburg,BY,0,0,0,25,BRG-6305 · Augsburg
2023-03-25,BRG-6305,Deep-groove bearing 6305,Bearings,Augsburg,BY,0,0,0,3,BRG-6305 · Augsburg
2023-03-26,BRG-6305,Deep-groove bearing 6305,Bearings,Augsburg,BY,0,0,0,1,BRG-6305 · Augsburg
2023-03-27,BRG-6305,Deep-groove bearing 6305,Bearings,Augsburg,BY,0,0,0,25,BRG-6305 · Augsburg
2023-03-28,BRG-6305,Deep-groove bearing 6305,Bearings,Augsburg,BY,0,0,0,23,BRG-6305 · Augsburg
2023-03-29,BRG-6305,Deep-groove bearing 6305,Bearings,Augsburg,BY,0,0,0,26,BRG-6305 · Augsburg
2023-03-30,BRG-6305,Deep-groove bearing 6305,Bearings,Augsburg,BY,0,0,0,17,BRG-6305 · Augsburg
2023-03-31,BRG-6305,Deep-groove bearing 6305,Bearings,Augsburg,BY,0,0,0,18,BRG-6305 · Augsburg
2023-04-01,BRG-6305,Deep-groove bearing 6305,Bearings,Augsburg,BY,0,0,1,2,BRG-6305 · Augsburg
2023-04-02,BRG-6305,Deep-groove bearing 6305,Bearings,Augsburg,BY,0,0,1,0,BRG-6305 · Augsburg
2023-04-03,BRG-6305,Deep-groove bearing 6305,Bearings,Augsburg,BY,0,0,1,23,BRG-6305 · Augsburg
2023-04-04,BRG-6305,Deep-groove bearing 6305,Bearings,Augsburg,BY,0,0,1,20,BRG-6305 · Augsburg
2023-04-05,BRG-6305,Deep-groove bearing 6305,Bearings,Augsburg,BY,0,0,1,22,BRG-6305 · Augsburg
2023-04-06,BRG-6305,Deep-groove bearing 6305,Bearings,Augsburg,BY,0,0,1,25,BRG-6305 · Augsburg
2023-04-07,BRG-6305,Deep-groove bearing 6305,Bearings,Augsburg,BY,1,0,1,2,BRG-6305 · Augsburg
2023-04-08,BRG-6305,Deep-groove bearing 6305,Bearings,Augsburg,BY,0,0,0,2,BRG-6305 · Augsburg
2023-04-09,BRG-6305,Deep-groove bearing 6305,Bearings,Augsburg,BY,0,0,0,2,BRG-6305 · Augsburg
2023-04-10,BRG-6305,Deep-groove bearing 6305,Bearings,Augsburg,BY,1,0,0,4,BRG-6305 · Augsburg
2023-04-11,BRG-6305,Deep-groove bearing 6305,Bearings,Augsburg,BY,0,0,0,21,BRG-6305 · Augsburg
2023-04-12,BRG-6305,Deep-groove bearing 6305,Bearings,Augsburg,BY,0,0,0,20,BRG-6305 · Augsburg
2023-04-13,BRG-6305,Deep-groove bearing 6305,Bearings,Augsburg,BY,0,0,0,24,BRG-6305 · Augsburg
2023-04-14,BRG-6305,Deep-groove bearing 6305,Bearings,Augsburg,BY,0,0,0,21,BRG-6305 · Augsburg
2023-04-15,BRG-6305,Deep-groove bearing 6305,Bearings,Augsburg,BY,0,0,0,1,BRG-6305 · Augsburg
2023-04-16,BRG-6305,Deep-groove bearing 6305,Bearings,Augsburg,BY,0,0,0,1,BRG-6305 · Augsburg
2023-04-17,BRG-6305,Deep-groove bearing 6305,Bearings,Augsburg,BY,0,0,0,28,BRG-6305 · Augsburg
2023-04-18,BRG-6305,Deep-groove bearing 6305,Bearings,Augsburg,BY,0,0,0,25,BRG-6305 · Augsburg
2023-04-19,BRG-6305,Deep-groove bearing 6305,Bearings,Augsburg,BY,0,0,0,22,BRG-6305 · Augsburg
2023-04-20,BRG-6305,Deep-groove bearing 6305,Bearings,Augsburg,BY,0,0,0,22,BRG-6305 · Augsburg
2023-04-21,BRG-6305,Deep-groove bearing 6305,Bearings,Augsburg,BY,0,0,0,21,BRG-6305 · Augsburg
2023-04-22,BRG-6305,Deep-groove bearing 6305,Bearings,Augsburg,BY,0,0,0,3,BRG-6305 · Augsburg
2023-04-23,BRG-6305,Deep-groove bearing 6305,Bearings,Augsburg,BY,0,0,0,1,BRG-6305 · Augsburg
2023-04-24,BRG-6305,Deep-groove bearing 6305,Bearings,Augsburg,BY,0,0,0,23,BRG-6305 · Augsburg
2023-04-25,BRG-6305,Deep-groove bearing 6305,Bearings,Augsburg,BY,0,0,0,25,BRG-6305 · Augsburg
2023-04-26,BRG-6305,Deep-groove bearing 6305,Bearings,Augsburg,BY,0,0,0,23,BRG-6305 · Augsburg
2023-04-27,BRG-6305,Deep-groove bearing 6305,Bearings,Augsburg,BY,0,0,0,23,BRG-6305 · Augsburg
2023-04-28,BRG-6305,Deep-groove bearing 6305,Bearings,Augsburg,BY,0,0,0,16,BRG-6305 · Augsburg
2023-04-29,BRG-6305,Deep-groove bearing 6305,Bearings,Augsburg,BY,0,0,0,3,BRG-6305 · Augsburg
2023-04-30,BRG-6305,Deep-groove bearing 6305,Bearings,Augsburg,BY,0,0,0,2,BRG-6305 · Augsburg
2023-05-01,BRG-6305,Deep-groove bearing 6305,Bearings,Augsburg,BY,1,0,0,3,BRG-6305 · Augsburg
2023-05-02,BRG-6305,Deep-groove bearing 6305,Bearings,Augsburg,BY,0,0,0,21,BRG-6305 · Augsburg
2023-05-03,BRG-6305,Deep-groove bearing 6305,Bearings,Augsburg,BY,0,0,0,21,BRG-6305 · Augsburg
2023-05-04,BRG-6305,Deep-groove bearing 6305,Bearings,Augsburg,BY,0,0,0,18,BRG-6305 · Augsburg
2023-05-05,BRG-6305,Deep-groove bearing 6305,Bearings,Augsburg,BY,0,0,0,19,BRG-6305 · Augsburg
2023-05-06,BRG-6305,Deep-groove bearing 6305,Bearings,Augsburg,BY,0,0,0,4,BRG-6305 · Augsburg
2023-05-07,BRG-6305,Deep-groove bearing 6305,Bearings,Augsburg,BY,0,0,0,1,BRG-6305 · Augsburg
2023-05-08,BRG-6305,Deep-groove bearing 6305,Bearings,Augsburg,BY,0,0,0,21,BRG-6305 · Augsburg
2023-05-09,BRG-6305,Deep-groove bearing 6305,Bearings,Augsburg,BY,0,0,0,22,BRG-6305 · Augsburg
2023-05-10,BRG-6305,Deep-groove bearing 6305,Bearings,Augsburg,BY,0,0,0,23,BRG-6305 · Augsburg
2023-05-11,BRG-6305,Deep-groove bearing 6305,Bearings,Augsburg,BY,0,0,0,21,BRG-6305 · Augsburg
2023-05-12,BRG-6305,Deep-groove bearing 6305,Bearings,Augsburg,BY,0,0,0,21,BRG-6305 · Augsburg
2023-05-13,BRG-6305,Deep-groove bearing 6305,Bearings,Augsburg,BY,0,0,0,3,BRG-6305 · Augsburg
2023-05-14,BRG-6305,Deep-groove bearing 6305,Bearings,Augsburg,BY,0,0,0,2,BRG-6305 · Augsburg
2023-05-15,BRG-6305,Deep-groove bearing 6305,Bearings,Augsburg,BY,0,0,0,28,BRG-6305 · Augsburg
2023-05-16,BRG-6305,Deep-groove bearing 6305,Bearings,Augsburg,BY,0,0,0,26,BRG-6305 · Augsburg
2023-05-17,BRG-6305,Deep-groove bearing 6305,Bearings,Augsburg,BY,0,0,0,20,BRG-6305 · Augsburg
2023-05-18,BRG-6305,Deep-groove bearing 6305,Bearings,Augsburg,BY,1,0,0,2,BRG-6305 · Augsburg
2023-05-19,BRG-6305,Deep-groove bearing 6305,Bearings,Augsburg,BY,0,0,0,20,BRG-6305 · Augsburg
2023-05-20,BRG-6305,Deep-groove bearing 6305,Bearings,Augsburg,BY,0,0,0,2,BRG-6305 · Augsburg
2023-05-21,BRG-6305,Deep-groove bearing 6305,Bearings,Augsburg,BY,0,0,0,1,BRG-6305 · Augsburg
2023-05-22,BRG-6305,Deep-groove bearing 6305,Bearings,Augsburg,BY,0,0,0,21,BRG-6305 · Augsburg
2023-05-23,BRG-6305,Deep-groove bearing 6305,Bearings,Augsburg,BY,0,0,0,19,BRG-6305 · Augsburg
2023-05-24,BRG-6305,Deep-groove bearing 6305,Bearings,Augsburg,BY,0,0,0,33,BRG-6305 · Augsburg
2023-05-25,BRG-6305,Deep-groove bearing 6305,Bearings,Augsburg,BY,0,0,0,19,BRG-6305 · Augsburg
2023-05-26,BRG-6305,Deep-groove bearing 6305,Bearings,Augsburg,BY,0,0,0,21,BRG-6305 · Augsburg
2023-05-27,BRG-6305,Deep-groove bearing 6305,Bearings,Augsburg,BY,0,0,0,3,BRG-6305 · Augsburg
2023-05-28,BRG-6305,Deep-groove bearing 6305,Bearings,Augsburg,BY,0,0,0,3,BRG-6305 · Augsburg
2023-05-29,BRG-6305,Deep-groove bearing 6305,Bearings,Augsburg,BY,1,0,0,3,BRG-6305 · Augsburg
2023-05-30,BRG-6305,Deep-groove bearing 6305,Bearings,Augsburg,BY,0,0,0,19,BRG-6305 · Augsburg
2023-05-31,BRG-6305,Deep-groove bearing 6305,Bearings,Augsburg,BY,0,0,0,20,BRG-6305 · Augsburg
2023-06-01,BRG-6305,Deep-groove bearing 6305,Bearings,Augsburg,BY,0,0,0,20,BRG-6305 · Augsburg
2023-06-02,BRG-6305,Deep-groove bearing 6305,Bearings,Augsburg,BY,0,0,0,19,BRG-6305 · Augsburg
2023-06-03,BRG-6305,Deep-groove bearing 6305,Bearings,Augsburg,BY,0,0,0,4,BRG-6305 · Augsburg
2023-06-04,BRG-6305,Deep-groove bearing 6305,Bearings,Augsburg,BY,0,0,0,1,BRG-6305 · Augsburg
2023-06-05,BRG-6305,Deep-groove bearing 6305,Bearings,Augsburg,BY,0,0,0,25,BRG-6305 · Augsburg
2023-06-06,BRG-6305,Deep-groove bearing 6305,Bearings,Augsburg,BY,0,0,0,23,BRG-6305 · Augsburg
2023-06-07,BRG-6305,Deep-groove bearing 6305,Bearings,Augsburg,BY,0,0,0,18,BRG-6305 · Augsburg
2023-06-08,BRG-6305,Deep-groove bearing 6305,Bearings,Augsburg,BY,1,0,0,3,BRG-6305 · Augsburg
2023-06-09,BRG-6305,Deep-groove bearing 6305,Bearings,Augsburg,BY,0,0,0,21,BRG-6305 · Augsburg
2023-06-10,BRG-6305,Deep-groove bearing 6305,Bearings,Augsburg,BY,0,0,0,2,BRG-6305 · Augsburg
2023-06-11,BRG-6305,Deep-groove bearing 6305,Bearings,Augsburg,BY,0,0,0,1,BRG-6305 · Augsburg
2023-06-12,BRG-6305,Deep-groove bearing 6305,Bearings,Augsburg,BY,0,0,0,16,BRG-6305 · Augsburg
2023-06-13,BRG-6305,Deep-groove bearing 6305,Bearings,Augsburg,BY,0,0,0,17,BRG-6305 · Augsburg
2023-06-14,BRG-6305,Deep-groove bearing 6305,Bearings,Augsburg,BY,0,0,0,23,BRG-6305 · Augsburg
2023-06-15,BRG-6305,Deep-groove bearing 6305,Bearings,Augsburg,BY,0,0,0,19,BRG-6305 · Augsburg
2023-06-16,BRG-6305,Deep-groove bearing 6305,Bearings,Augsburg,BY,0,0,0,15,BRG-6305 · Augsburg
2023-06-17,BRG-6305,Deep-groove bearing 6305,Bearings,Augsburg,BY,0,0,0,3,BRG-6305 · Augsburg
2023-06-18,BRG-6305,Deep-groove bearing 6305,Bearings,Augsburg,BY,0,0,0,1,BRG-6305 · Augsburg
2023-06-19,BRG-6305,Deep-groove bearing 6305,Bearings,Augsburg,BY,0,0,0,20,BRG-6305 · Augsburg
2023-06-20,BRG-6305,Deep-groove bearing 6305,Bearings,Augsburg,BY,0,0,0,22,BRG-6305 · Augsburg
2023-06-21,BRG-6305,Deep-groove bearing 6305,Bearings,Augsburg,BY,0,0,0,16,BRG-6305 · Augsburg
2023-06-22,BRG-6305,Deep-groove bearing 6305,Bearings,Augsburg,BY,0,0,0,16,BRG-6305 · Augsburg
2023-06-23,BRG-6305,Deep-groove bearing 6305,Bearings,Augsburg,BY,0,0,0,17,BRG-6305 · Augsburg
2023-06-24,BRG-6305,Deep-groove bearing 6305,Bearings,Augsburg,BY,0,0,0,3,BRG-6305 · Augsburg
2023-06-25,BRG-6305,Deep-groove bearing 6305,Bearings,Augsburg,BY,0,0,0,2,BRG-6305 · Augsburg
2023-06-26,BRG-6305,Deep-groove bearing 6305,Bearings,Augsburg,BY,0,0,0,20,BRG-6305 · Augsburg
2023-06-27,BRG-6305,Deep-groove bearing 6305,Bearings,Augsburg,BY,0,0,0,23,BRG-6305 · Augsburg
2023-06-28,BRG-6305,Deep-groove bearing 6305,Bearings,Augsburg,BY,0,0,0,18,BRG-6305 · Augsburg
2023-06-29,BRG-6305,Deep-groove bearing 6305,Bearings,Augsburg,BY,0,0,0,23,BRG-6305 · Augsburg
2023-06-30,BRG-6305,Deep-groove bearing 6305,Bearings,Augsburg,BY,0,0,0,16,BRG-6305 · Augsburg
2023-07-01,BRG-6305,Deep-groove bearing 6305,Bearings,Augsburg,BY,0,0,0,4,BRG-6305 · Augsburg
2023-07-02,BRG-6305,Deep-groove bearing 6305,Bearings,Augsburg,BY,0,0,0,1,BRG-6305 · Augsburg
2023-07-03,BRG-6305,Deep-groove bearing 6305,Bearings,Augsburg,BY,0,0,0,27,BRG-6305 · Augsburg
2023-07-04,BRG-6305,Deep-groove bearing 6305,Bearings,Augsburg,BY,0,0,0,22,BRG-6305 · Augsburg
2023-07-05,BRG-6305,Deep-groove bearing 6305,Bearings,Augsburg,BY,0,0,0,18,BRG-6305 · Augsburg
2023-07-06,BRG-6305,Deep-groove bearing 6305,Bearings,Augsburg,BY,0,0,0,18,BRG-6305 · Augsburg
2023-07-07,BRG-6305,Deep-groove bearing 6305,Bearings,Augsburg,BY,0,0,0,19,BRG-6305 · Augsburg
2023-07-08,BRG-6305,Deep-groove bearing 6305,Bearings,Augsburg,BY,0,0,0,3,BRG-6305 · Augsburg
2023-07-09,BRG-6305,Deep-groove bearing 6305,Bearings,Augsburg,BY,0,0,0,1,BRG-6305 · Augsburg
2023-07-10,BRG-6305,Deep-groove bearing 6305,Bearings,Augsburg,BY,0,0,0,21,BRG-6305 · Augsburg
2023-07-11,BRG-6305,Deep-groove bearing 6305,Bearings,Augsburg,BY,0,0,0,20,BRG-6305 · Augsburg
2023-07-12,BRG-6305,Deep-groove bearing 6305,Bearings,Augsburg,BY,0,0,0,19,BRG-6305 · Augsburg
2023-07-13,BRG-6305,Deep-groove bearing 6305,Bearings,Augsburg,BY,0,0,0,15,BRG-6305 · Augsburg
2023-07-14,BRG-6305,Deep-groove bearing 6305,Bearings,Augsburg,BY,0,0,0,14,BRG-6305 · Augsburg
2023-07-15,BRG-6305,Deep-groove bearing 6305,Bearings,Augsburg,BY,0,0,0,2,BRG-6305 · Augsburg
2023-07-16,BRG-6305,Deep-groove bearing 6305,Bearings,Augsburg,BY,0,0,0,2,BRG-6305 · Augsburg
2023-07-17,BRG-6305,Deep-groove bearing 6305,Bearings,Augsburg,BY,0,0,0,23,BRG-6305 · Augsburg
2023-07-18,BRG-6305,Deep-groove bearing 6305,Bearings,Augsburg,BY,0,0,0,20,BRG-6305 · Augsburg
2023-07-19,BRG-6305,Deep-groove bearing 6305,Bearings,Augsburg,BY,0,0,0,18,BRG-6305 · Augsburg
2023-07-20,BRG-6305,Deep-groove bearing 6305,Bearings,Augsburg,BY,0,0,0,19,BRG-6305 · Augsburg
2023-07-21,BRG-6305,Deep-groove bearing 6305,Bearings,Augsburg,BY,0,0,0,14,BRG-6305 · Augsburg
2023-07-22,BRG-6305,Deep-groove bearing 6305,Bearings,Augsburg,BY,0,0,0,2,BRG-6305 · Augsburg
2023-07-23,BRG-6305,Deep-groove bearing 6305,Bearings,Augsburg,BY,0,0,0,1,BRG-6305 · Augsburg
2023-07-24,BRG-6305,Deep-groove bearing 6305,Bearings,Augsburg,BY,0,0,0,16,BRG-6305 · Augsburg
2023-07-25,BRG-6305,Deep-groove bearing 6305,Bearings,Augsburg,BY,0,0,0,19,BRG-6305 · Augsburg
2023-07-26,BRG-6305,Deep-groove bearing 6305,Bearings,Augsburg,BY,0,0,0,17,BRG-6305 · Augsburg
2023-07-27,BRG-6305,Deep-groove bearing 6305,Bearings,Augsburg,BY,0,0,0,18,BRG-6305 · Augsburg
2023-07-28,BRG-6305,Deep-groove bearing 6305,Bearings,Augsburg,BY,0,0,0,16,BRG-6305 · Augsburg
2023-07-29,BRG-6305,Deep-groove bearing 6305,Bearings,Augsburg,BY,0,0,0,2,BRG-6305 · Augsburg
2023-07-30,BRG-6305,Deep-groove bearing 6305,Bearings,Augsburg,BY,0,0,0,1,BRG-6305 · Augsburg
2023-07-31,BRG-6305,Deep-groove bearing 6305,Bearings,Augsburg,BY,0,0,0,17,BRG-6305 · Augsburg
2023-08-01,BRG-6305,Deep-groove bearing 6305,Bearings,Augsburg,BY,0,0,0,17,BRG-6305 · Augsburg
2023-08-02,BRG-6305,Deep-groove bearing 6305,Bearings,Augsburg,BY,0,0,0,14,BRG-6305 · Augsburg
2023-08-03,BRG-6305,Deep-groove bearing 6305,Bearings,Augsburg,BY,0,0,0,16,BRG-6305 · Augsburg
2023-08-04,BRG-6305,Deep-groove bearing 6305,Bearings,Augsburg,BY,0,0,0,16,BRG-6305 · Augsburg
2023-08-05,BRG-6305,Deep-groove bearing 6305,Bearings,Augsburg,BY,0,0,0,1,BRG-6305 · Augsburg
2023-08-06,BRG-6305,Deep-groove bearing 6305,Bearings,Augsburg,BY,0,0,0,1,BRG-6305 · Augsburg
2023-08-07,BRG-6305,Deep-groove bearing 6305,Bearings,Augsburg,BY,0,1,0,3,BRG-6305 · Augsburg
2023-08-08,BRG-6305,Deep-groove bearing 6305,Bearings,Augsburg,BY,0,1,0,3,BRG-6305 · Augsburg
2023-08-09,BRG-6305,Deep-groove bearing 6305,Bearings,Augsburg,BY,0,1,0,2,BRG-6305 · Augsburg
2023-08-10,BRG-6305,Deep-groove bearing 6305,Bearings,Augsburg,BY,0,1,0,4,BRG-6305 · Augsburg
2023-08-11,BRG-6305,Deep-groove bearing 6305,Bearings,Augsburg,BY,0,1,0,3,BRG-6305 · Augsburg
2023-08-12,BRG-6305,Deep-groove bearing 6305,Bearings,Augsburg,BY,0,1,0,1,BRG-6305 · Augsburg
2023-08-13,BRG-6305,Deep-groove bearing 6305,Bearings,Augsburg,BY,0,1,0,1,BRG-6305 · Augsburg
2023-08-14,BRG-6305,Deep-groove bearing 6305,Bearings,Augsburg,BY,0,1,0,3,BRG-6305 · Augsburg
2023-08-15,BRG-6305,Deep-groove bearing 6305,Bearings,Augsburg,BY,0,1,0,6,BRG-6305 · Augsburg
2023-08-16,BRG-6305,Deep-groove bearing 6305,Bearings,Augsburg,BY,0,1,0,3,BRG-6305 · Augsburg
2023-08-17,BRG-6305,Deep-groove bearing 6305,Bearings,Augsburg,BY,0,1,0,3,BRG-6305 · Augsburg
2023-08-18,BRG-6305,Deep-groove bearing 6305,Bearings,Augsburg,BY,0,1,0,2,BRG-6305 · Augsburg
2023-08-19,BRG-6305,Deep-groove bearing 6305,Bearings,Augsburg,BY,0,1,0,1,BRG-6305 · Augsburg
2023-08-20,BRG-6305,Deep-groove bearing 6305,Bearings,Augsburg,BY,0,1,0,1,BRG-6305 · Augsburg
2023-08-21,BRG-6305,Deep-groove bearing 6305,Bearings,Augsburg,BY,0,0,0,17,BRG-6305 · Augsburg
2023-08-22,BRG-6305,Deep-groove bearing 6305,Bearings,Augsburg,BY,0,0,0,20,BRG-6305 · Augsburg
2023-08-23,BRG-6305,Deep-groove bearing 6305,Bearings,Augsburg,BY,0,0,0,17,BRG-6305 · Augsburg
2023-08-24,BRG-6305,Deep-groove bearing 6305,Bearings,Augsburg,BY,0,0,0,16,BRG-6305 · Augsburg
2023-08-25,BRG-6305,Deep-groove bearing 6305,Bearings,Augsburg,BY,0,0,0,11,BRG-6305 · Augsburg
2023-08-26,BRG-6305,Deep-groove bearing 6305,Bearings,Augsburg,BY,0,0,0,2,BRG-6305 · Augsburg
2023-08-27,BRG-6305,Deep-groove bearing 6305,Bearings,Augsburg,BY,0,0,0,1,BRG-6305 · Augsburg
2023-08-28,BRG-6305,Deep-groove bearing 6305,Bearings,Augsburg,BY,0,0,0,15,BRG-6305 · Augsburg
2023-08-29,BRG-6305,Deep-groove bearing 6305,Bearings,Augsburg,BY,0,0,0,15,BRG-6305 · Augsburg
2023-08-30,BRG-6305,Deep-groove bearing 6305,Bearings,Augsburg,BY,0,0,0,23,BRG-6305 · Augsburg
2023-08-31,BRG-6305,Deep-groove bearing 6305,Bearings,Augsburg,BY,0,0,0,16,BRG-6305 · Augsburg
2023-09-01,BRG-6305,Deep-groove bearing 6305,Bearings,Augsburg,BY,0,0,0,12,BRG-6305 · Augsburg
2023-09-02,BRG-6305,Deep-groove bearing 6305,Bearings,Augsburg,BY,0,0,0,1,BRG-6305 · Augsburg
2023-09-03,BRG-6305,Deep-groove bearing 6305,Bearings,Augsburg,BY,0,0,0,1,BRG-6305 · Augsburg
2023-09-04,BRG-6305,Deep-groove bearing 6305,Bearings,Augsburg,BY,0,0,0,19,BRG-6305 · Augsburg
2023-09-05,BRG-6305,Deep-groove bearing 6305,Bearings,Augsburg,BY,0,0,0,19,BRG-6305 · Augsburg
2023-09-06,BRG-6305,Deep-groove bearing 6305,Bearings,Augsburg,BY,0,0,0,19,BRG-6305 · Augsburg
2023-09-07,BRG-6305,Deep-groove bearing 6305,Bearings,Augsburg,BY,0,0,0,15,BRG-6305 · Augsburg
2023-09-08,BRG-6305,Deep-groove bearing 6305,Bearings,Augsburg,BY,0,0,0,16,BRG-6305 · Augsburg
2023-09-09,BRG-6305,Deep-groove bearing 6305,Bearings,Augsburg,BY,0,0,0,1,BRG-6305 · Augsburg
2023-09-10,BRG-6305,Deep-groove bearing 6305,Bearings,Augsburg,BY,0,0,0,1,BRG-6305 · Augsburg
2023-09-11,BRG-6305,Deep-groove bearing 6305,Bearings,Augsburg,BY,0,0,0,15,BRG-6305 · Augsburg
2023-09-12,BRG-6305,Deep-groove bearing 6305,Bearings,Augsburg,BY,0,0,0,15,BRG-6305 · Augsburg
2023-09-13,BRG-6305,Deep-groove bearing 6305,Bearings,Augsburg,BY,0,0,0,19,BRG-6305 · Augsburg
2023-09-14,BRG-6305,Deep-groove bearing 6305,Bearings,Augsburg,BY,0,0,0,18,BRG-6305 · Augsburg
2023-09-15,BRG-6305,Deep-groove bearing 6305,Bearings,Augsburg,BY,0,0,0,17,BRG-6305 · Augsburg
2023-09-16,BRG-6305,Deep-groove bearing 6305,Bearings,Augsburg,BY,0,0,0,2,BRG-6305 · Augsburg
2023-09-17,BRG-6305,Deep-groove bearing 6305,Bearings,Augsburg,BY,0,0,0,2,BRG-6305 · Augsburg
2023-09-18,BRG-6305,Deep-groove bearing 6305,Bearings,Augsburg,BY,0,0,0,14,BRG-6305 · Augsburg
2023-09-19,BRG-6305,Deep-groove bearing 6305,Bearings,Augsburg,BY,0,0,0,21,BRG-6305 · Augsburg
2023-09-20,BRG-6305,Deep-groove bearing 6305,Bearings,Augsburg,BY,0,0,0,19,BRG-6305 · Augsburg
2023-09-21,BRG-6305,Deep-groove bearing 6305,Bearings,Augsburg,BY,0,0,0,19,BRG-6305 · Augsburg
2023-09-22,BRG-6305,Deep-groove bearing 6305,Bearings,Augsburg,BY,0,0,0,17,BRG-6305 · Augsburg
2023-09-23,BRG-6305,Deep-groove bearing 6305,Bearings,Augsburg,BY,0,0,0,1,BRG-6305 · Augsburg
2023-09-24,BRG-6305,Deep-groove bearing 6305,Bearings,Augsburg,BY,0,0,0,0,BRG-6305 · Augsburg
2023-09-25,BRG-6305,Deep-groove bearing 6305,Bearings,Augsburg,BY,0,0,0,17,BRG-6305 · Augsburg
2023-09-26,BRG-6305,Deep-groove bearing 6305,Bearings,Augsburg,BY,0,0,0,20,BRG-6305 · Augsburg
2023-09-27,BRG-6305,Deep-groove bearing 6305,Bearings,Augsburg,BY,0,0,0,19,BRG-6305 · Augsburg
2023-09-28,BRG-6305,Deep-groove bearing 6305,Bearings,Augsburg,BY,0,0,0,14,BRG-6305 · Augsburg
2023-09-29,BRG-6305,Deep-groove bearing 6305,Bearings,Augsburg,BY,0,0,0,13,BRG-6305 · Augsburg
2023-09-30,BRG-6305,Deep-groove bearing 6305,Bearings,Augsburg,BY,0,0,0,2,BRG-6305 · Augsburg
2023-10-01,BRG-6305,Deep-groove bearing 6305,Bearings,Augsburg,BY,0,0,1,1,BRG-6305 · Augsburg
2023-10-02,BRG-6305,Deep-groove bearing 6305,Bearings,Augsburg,BY,0,0,1,14,BRG-6305 · Augsburg
2023-10-03,BRG-6305,Deep-groove bearing 6305,Bearings,Augsburg,BY,1,0,1,1,BRG-6305 · Augsburg
2023-10-04,BRG-6305,Deep-groove bearing 6305,Bearings,Augsburg,BY,0,0,1,14,BRG-6305 · Augsburg
2023-10-05,BRG-6305,Deep-groove bearing 6305,Bearings,Augsburg,BY,0,0,1,15,BRG-6305 · Augsburg
2023-10-06,BRG-6305,Deep-groove bearing 6305,Bearings,Augsburg,BY,0,0,1,11,BRG-6305 · Augsburg
2023-10-07,BRG-6305,Deep-groove bearing 6305,Bearings,Augsburg,BY,0,0,1,2,BRG-6305 · Augsburg
2023-10-08,BRG-6305,Deep-groove bearing 6305,Bearings,Augsburg,BY,0,0,0,2,BRG-6305 · Augsburg
2023-10-09,BRG-6305,Deep-groove bearing 6305,Bearings,Augsburg,BY,0,0,0,13,BRG-6305 · Augsburg
2023-10-10,BRG-6305,Deep-groove bearing 6305,Bearings,Augsburg,BY,0,0,0,15,BRG-6305 · Augsburg
2023-10-11,BRG-6305,Deep-groove bearing 6305,Bearings,Augsburg,BY,0,0,0,18,BRG-6305 · Augsburg
2023-10-12,BRG-6305,Deep-groove bearing 6305,Bearings,Augsburg,BY,0,0,0,15,BRG-6305 · Augsburg
2023-10-13,BRG-6305,Deep-groove bearing 6305,Bearings,Augsburg,BY,0,0,0,13,BRG-6305 · Augsburg
2023-10-14,BRG-6305,Deep-groove bearing 6305,Bearings,Augsburg,BY,0,0,0,3,BRG-6305 · Augsburg
2023-10-15,BRG-6305,Deep-groove bearing 6305,Bearings,Augsburg,BY,0,0,0,1,BRG-6305 · Augsburg
2023-10-16,BRG-6305,Deep-groove bearing 6305,Bearings,Augsburg,BY,0,0,0,20,BRG-6305 · Augsburg
2023-10-17,BRG-6305,Deep-groove bearing 6305,Bearings,Augsburg,BY,0,0,0,18,BRG-6305 · Augsburg
2023-10-18,BRG-6305,Deep-groove bearing 6305,Bearings,Augsburg,BY,0,0,0,16,BRG-6305 · Augsburg
2023-10-19,BRG-6305,Deep-groove bearing 6305,Bearings,Augsburg,BY,0,0,0,17,BRG-6305 · Augsburg
2023-10-20,BRG-6305,Deep-groove bearing 6305,Bearings,Augsburg,BY,0,0,0,15,BRG-6305 · Augsburg
2023-10-21,BRG-6305,Deep-groove bearing 6305,Bearings,Augsburg,BY,0,0,0,3,BRG-6305 · Augsburg
2023-10-22,BRG-6305,Deep-groove bearing 6305,Bearings,Augsburg,BY,0,0,0,1,BRG-6305 · Augsburg
2023-10-23,BRG-6305,Deep-groove bearing 6305,Bearings,Augsburg,BY,0,0,0,18,BRG-6305 · Augsburg
2023-10-24,BRG-6305,Deep-groove bearing 6305,Bearings,Augsburg,BY,0,0,0,18,BRG-6305 · Augsburg
2023-10-25,BRG-6305,Deep-groove bearing 6305,Bearings,Augsburg,BY,0,0,0,19,BRG-6305 · Augsburg
2023-10-26,BRG-6305,Deep-groove bearing 6305,Bearings,Augsburg,BY,0,0,0,14,BRG-6305 · Augsburg
2023-10-27,BRG-6305,Deep-groove bearing 6305,Bearings,Augsburg,BY,0,0,0,17,BRG-6305 · Augsburg
2023-10-28,BRG-6305,Deep-groove bearing 6305,Bearings,Augsburg,BY,0,0,0,2,BRG-6305 · Augsburg
2023-10-29,BRG-6305,Deep-groove bearing 6305,Bearings,Augsburg,BY,0,0,0,0,BRG-6305 · Augsburg
2023-10-30,BRG-6305,Deep-groove bearing 6305,Bearings,Augsburg,BY,0,0,0,21,BRG-6305 · Augsburg
2023-10-31,BRG-6305,Deep-groove bearing 6305,Bearings,Augsburg,BY,0,0,0,23,BRG-6305 · Augsburg
2023-11-01,BRG-6305,Deep-groove bearing 6305,Bearings,Augsburg,BY,1,0,0,3,BRG-6305 · Augsburg
2023-11-02,BRG-6305,Deep-groove bearing 6305,Bearings,Augsburg,BY,0,0,0,21,BRG-6305 · Augsburg
2023-11-03,BRG-6305,Deep-groove bearing 6305,Bearings,Augsburg,BY,0,0,0,17,BRG-6305 · Augsburg
2023-11-04,BRG-6305,Deep-groove bearing 6305,Bearings,Augsburg,BY,0,0,0,1,BRG-6305 · Augsburg
2023-11-05,BRG-6305,Deep-groove bearing 6305,Bearings,Augsburg,BY,0,0,0,0,BRG-6305 · Augsburg
2023-11-06,BRG-6305,Deep-groove bearing 6305,Bearings,Augsburg,BY,0,0,0,20,BRG-6305 · Augsburg
2023-11-07,BRG-6305,Deep-groove bearing 6305,Bearings,Augsburg,BY,0,0,0,18,BRG-6305 · Augsburg
2023-11-08,BRG-6305,Deep-groove bearing 6305,Bearings,Augsburg,BY,0,0,0,17,BRG-6305 · Augsburg
2023-11-09,BRG-6305,Deep-groove bearing 6305,Bearings,Augsburg,BY,0,0,0,19,BRG-6305 · Augsburg
2023-11-10,BRG-6305,Deep-groove bearing 6305,Bearings,Augsburg,BY,0,0,0,17,BRG-6305 · Augsburg
2023-11-11,BRG-6305,Deep-groove bearing 6305,Bearings,Augsburg,BY,0,0,0,1,BRG-6305 · Augsburg
2023-11-12,BRG-6305,Deep-groove bearing 6305,Bearings,Augsburg,BY,0,0,0,1,BRG-6305 · Augsburg
2023-11-13,BRG-6305,Deep-groove bearing 6305,Bearings,Augsburg,BY,0,0,0,23,BRG-6305 · Augsburg
2023-11-14,BRG-6305,Deep-groove bearing 6305,Bearings,Augsburg,BY,0,0,0,17,BRG-6305 · Augsburg
2023-11-15,BRG-6305,Deep-groove bearing 6305,Bearings,Augsburg,BY,0,0,0,21,BRG-6305 · Augsburg
2023-11-16,BRG-6305,Deep-groove bearing 6305,Bearings,Augsburg,BY,0,0,0,18,BRG-6305 · Augsburg
2023-11-17,BRG-6305,Deep-groove bearing 6305,Bearings,Augsburg,BY,0,0,0,19,BRG-6305 · Augsburg
2023-11-18,BRG-6305,Deep-groove bearing 6305,Bearings,Augsburg,BY,0,0,0,3,BRG-6305 · Augsburg
2023-11-19,BRG-6305,Deep-groove bearing 6305,Bearings,Augsburg,BY,0,0,0,2,BRG-6305 · Augsburg
2023-11-20,BRG-6305,Deep-groove bearing 6305,Bearings,Augsburg,BY,0,0,0,24,BRG-6305 · Augsburg
2023-11-21,BRG-6305,Deep-groove bearing 6305,Bearings,Augsburg,BY,0,0,0,18,BRG-6305 · Augsburg
2023-11-22,BRG-6305,Deep-groove bearing 6305,Bearings,Augsburg,BY,0,0,0,23,BRG-6305 · Augsburg
2023-11-23,BRG-6305,Deep-groove bearing 6305,Bearings,Augsburg,BY,0,0,0,17,BRG-6305 · Augsburg
2023-11-24,BRG-6305,Deep-groove bearing 6305,Bearings,Augsburg,BY,0,0,0,19,BRG-6305 · Augsburg
2023-11-25,BRG-6305,Deep-groove bearing 6305,Bearings,Augsburg,BY,0,0,0,3,BRG-6305 · Augsburg
2023-11-26,BRG-6305,Deep-groove bearing 6305,Bearings,Augsburg,BY,0,0,0,2,BRG-6305 · Augsburg
2023-11-27,BRG-6305,Deep-groove bearing 6305,Bearings,Augsburg,BY,0,0,0,22,BRG-6305 · Augsburg
2023-11-28,BRG-6305,Deep-groove bearing 6305,Bearings,Augsburg,BY,0,0,0,18,BRG-6305 · Augsburg
2023-11-29,BRG-6305,Deep-groove bearing 6305,Bearings,Augsburg,BY,0,0,0,17,BRG-6305 · Augsburg
2023-11-30,BRG-6305,Deep-groove bearing 6305,Bearings,Augsburg,BY,0,0,0,22,BRG-6305 · Augsburg
2023-12-01,BRG-6305,Deep-groove bearing 6305,Bearings,Augsburg,BY,0,0,0,18,BRG-6305 · Augsburg
2023-12-02,BRG-6305,Deep-groove bearing 6305,Bearings,Augsburg,BY,0,0,0,3,BRG-6305 · Augsburg
2023-12-03,BRG-6305,Deep-groove bearing 6305,Bearings,Augsburg,BY,0,0,0,1,BRG-6305 · Augsburg
2023-12-04,BRG-6305,Deep-groove bearing 6305,Bearings,Augsburg,BY,0,0,0,18,BRG-6305 · Augsburg
2023-12-05,BRG-6305,Deep-groove bearing 6305,Bearings,Augsburg,BY,0,0,0,23,BRG-6305 · Augsburg
2023-12-06,BRG-6305,Deep-groove bearing 6305,Bearings,Augsburg,BY,0,0,0,18,BRG-6305 · Augsburg
2023-12-07,BRG-6305,Deep-groove bearing 6305,Bearings,Augsburg,BY,0,0,0,20,BRG-6305 · Augsburg
2023-12-08,BRG-6305,Deep-groove bearing 6305,Bearings,Augsburg,BY,0,0,0,16,BRG-6305 · Augsburg
2023-12-09,BRG-6305,Deep-groove bearing 6305,Bearings,Augsburg,BY,0,0,0,4,BRG-6305 · Augsburg
2023-12-10,BRG-6305,Deep-groove bearing 6305,Bearings,Augsburg,BY,0,0,0,1,BRG-6305 · Augsburg
2023-12-11,BRG-6305,Deep-groove bearing 6305,Bearings,Augsburg,BY,0,0,0,20,BRG-6305 · Augsburg
2023-12-12,BRG-6305,Deep-groove bearing 6305,Bearings,Augsburg,BY,0,0,0,20,BRG-6305 · Augsburg
2023-12-13,BRG-6305,Deep-groove bearing 6305,Bearings,Augsburg,BY,0,0,0,17,BRG-6305 · Augsburg
2023-12-14,BRG-6305,Deep-groove bearing 6305,Bearings,Augsburg,BY,0,0,0,21,BRG-6305 · Augsburg
2023-12-15,BRG-6305,Deep-groove bearing 6305,Bearings,Augsburg,BY,0,0,0,21,BRG-6305 · Augsburg
2023-12-16,BRG-6305,Deep-groove bearing 6305,Bearings,Augsburg,BY,0,0,0,2,BRG-6305 · Augsburg
2023-12-17,BRG-6305,Deep-groove bearing 6305,Bearings,Augsburg,BY,0,0,0,2,BRG-6305 · Augsburg
2023-12-18,BRG-6305,Deep-groove bearing 6305,Bearings,Augsburg,BY,0,0,0,14,BRG-6305 · Augsburg
2023-12-19,BRG-6305,Deep-groove bearing 6305,Bearings,Augsburg,BY,0,0,0,20,BRG-6305 · Augsburg
2023-12-20,BRG-6305,Deep-groove bearing 6305,Bearings,Augsburg,BY,0,0,0,18,BRG-6305 · Augsburg
2023-12-21,BRG-6305,Deep-groove bearing 6305,Bearings,Augsburg,BY,0,0,0,17,BRG-6305 · Augsburg
2023-12-22,BRG-6305,Deep-groove bearing 6305,Bearings,Augsburg,BY,0,0,0,20,BRG-6305 · Augsburg
2023-12-23,BRG-6305,Deep-groove bearing 6305,Bearings,Augsburg,BY,0,0,0,2,BRG-6305 · Augsburg
2023-12-24,BRG-6305,Deep-groove bearing 6305,Bearings,Augsburg,BY,0,1,0,0,BRG-6305 · Augsburg
2023-12-25,BRG-6305,Deep-groove bearing 6305,Bearings,Augsburg,BY,1,1,0,0,BRG-6305 · Augsburg
2023-12-26,BRG-6305,Deep-groove bearing 6305,Bearings,Augsburg,BY,1,1,0,0,BRG-6305 · Augsburg
2023-12-27,BRG-6305,Deep-groove bearing 6305,Bearings,Augsburg,BY,0,1,0,2,BRG-6305 · Augsburg
2023-12-28,BRG-6305,Deep-groove bearing 6305,Bearings,Augsburg,BY,0,1,0,4,BRG-6305 · Augsburg
2023-12-29,BRG-6305,Deep-groove bearing 6305,Bearings,Augsburg,BY,0,1,0,1,BRG-6305 · Augsburg
2023-12-30,BRG-6305,Deep-groove bearing 6305,Bearings,Augsburg,BY,0,1,0,0,BRG-6305 · Augsburg
2023-12-31,BRG-6305,Deep-groove bearing 6305,Bearings,Augsburg,BY,0,1,0,0,BRG-6305 · Augsburg
2024-01-01,BRG-6305,Deep-groove bearing 6305,Bearings,Augsburg,BY,1,1,0,1,BRG-6305 · Augsburg
2024-01-02,BRG-6305,Deep-groove bearing 6305,Bearings,Augsburg,BY,0,1,0,4,BRG-6305 · Augsburg
2024-01-03,BRG-6305,Deep-groove bearing 6305,Bearings,Augsburg,BY,0,0,0,18,BRG-6305 · Augsburg
2024-01-04,BRG-6305,Deep-groove bearing 6305,Bearings,Augsburg,BY,0,0,0,21,BRG-6305 · Augsburg
2024-01-05,BRG-6305,Deep-groove bearing 6305,Bearings,Augsburg,BY,0,0,0,14,BRG-6305 · Augsburg
2024-01-06,BRG-6305,Deep-groove bearing 6305,Bearings,Augsburg,BY,1,0,0,1,BRG-6305 · Augsburg
2024-01-07,BRG-6305,Deep-groove bearing 6305,Bearings,Augsburg,BY,0,0,0,0,BRG-6305 · Augsburg
2024-01-08,BRG-6305,Deep-groove bearing 6305,Bearings,Augsburg,BY,0,0,0,21,BRG-6305 · Augsburg
2024-01-09,BRG-6305,Deep-groove bearing 6305,Bearings,Augsburg,BY,0,0,0,17,BRG-6305 · Augsburg
2024-01-10,BRG-6305,Deep-groove bearing 6305,Bearings,Augsburg,BY,0,0,0,16,BRG-6305 · Augsburg
2024-01-11,BRG-6305,Deep-groove bearing 6305,Bearings,Augsburg,BY,0,0,0,18,BRG-6305 · Augsburg
2024-01-12,BRG-6305,Deep-groove bearing 6305,Bearings,Augsburg,BY,0,0,0,18,BRG-6305 · Augsburg
2024-01-13,BRG-6305,Deep-groove bearing 6305,Bearings,Augsburg,BY,0,0,0,2,BRG-6305 · Augsburg
2024-01-14,BRG-6305,Deep-groove bearing 6305,Bearings,Augsburg,BY,0,0,0,2,BRG-6305 · Augsburg
2024-01-15,BRG-6305,Deep-groove bearing 6305,Bearings,Augsburg,BY,0,0,0,21,BRG-6305 · Augsburg
2024-01-16,BRG-6305,Deep-groove bearing 6305,Bearings,Augsburg,BY,0,0,0,24,BRG-6305 · Augsburg
2024-01-17,BRG-6305,Deep-groove bearing 6305,Bearings,Augsburg,BY,0,0,0,22,BRG-6305 · Augsburg
2024-01-18,BRG-6305,Deep-groove bearing 6305,Bearings,Augsburg,BY,0,0,0,20,BRG-6305 · Augsburg
2024-01-19,BRG-6305,Deep-groove bearing 6305,Bearings,Augsburg,BY,0,0,0,17,BRG-6305 · Augsburg
2024-01-20,BRG-6305,Deep-groove bearing 6305,Bearings,Augsburg,BY,0,0,0,2,BRG-6305 · Augsburg
2024-01-21,BRG-6305,Deep-groove bearing 6305,Bearings,Augsburg,BY,0,0,0,2,BRG-6305 · Augsburg
2024-01-22,BRG-6305,Deep-groove bearing 6305,Bearings,Augsburg,BY,0,0,0,28,BRG-6305 · Augsburg
2024-01-23,BRG-6305,Deep-groove bearing 6305,Bearings,Augsburg,BY,0,0,0,24,BRG-6305 · Augsburg
2024-01-24,BRG-6305,Deep-groove bearing 6305,Bearings,Augsburg,BY,0,0,0,25,BRG-6305 · Augsburg
2024-01-25,BRG-6305,Deep-groove bearing 6305,Bearings,Augsburg,BY,0,0,0,29,BRG-6305 · Augsburg
2024-01-26,BRG-6305,Deep-groove bearing 6305,Bearings,Augsburg,BY,0,0,0,20,BRG-6305 · Augsburg
2024-01-27,BRG-6305,Deep-groove bearing 6305,Bearings,Augsburg,BY,0,0,0,3,BRG-6305 · Augsburg
2024-01-28,BRG-6305,Deep-groove bearing 6305,Bearings,Augsburg,BY,0,0,0,2,BRG-6305 · Augsburg
2024-01-29,BRG-6305,Deep-groove bearing 6305,Bearings,Augsburg,BY,0,0,0,19,BRG-6305 · Augsburg
2024-01-30,BRG-6305,Deep-groove bearing 6305,Bearings,Augsburg,BY,0,0,0,20,BRG-6305 · Augsburg
2024-01-31,BRG-6305,Deep-groove bearing 6305,Bearings,Augsburg,BY,0,0,0,20,BRG-6305 · Augsburg
2024-02-01,BRG-6305,Deep-groove bearing 6305,Bearings,Augsburg,BY,0,0,0,22,BRG-6305 · Augsburg
2024-02-02,BRG-6305,Deep-groove bearing 6305,Bearings,Augsburg,BY,0,0,0,18,BRG-6305 · Augsburg
2024-02-03,BRG-6305,Deep-groove bearing 6305,Bearings,Augsburg,BY,0,0,0,3,BRG-6305 · Augsburg
2024-02-04,BRG-6305,Deep-groove bearing 6305,Bearings,Augsburg,BY,0,0,0,2,BRG-6305 · Augsburg
2024-02-05,BRG-6305,Deep-groove bearing 6305,Bearings,Augsburg,BY,0,0,0,24,BRG-6305 · Augsburg
2024-02-06,BRG-6305,Deep-groove bearing 6305,Bearings,Augsburg,BY,0,0,0,22,BRG-6305 · Augsburg
2024-02-07,BRG-6305,Deep-groove bearing 6305,Bearings,Augsburg,BY,0,0,0,20,BRG-6305 · Augsburg
2024-02-08,BRG-6305,Deep-groove bearing 6305,Bearings,Augsburg,BY,0,0,0,24,BRG-6305 · Augsburg
2024-02-09,BRG-6305,Deep-groove bearing 6305,Bearings,Augsburg,BY,0,0,0,21,BRG-6305 · Augsburg
2024-02-10,BRG-6305,Deep-groove bearing 6305,Bearings,Augsburg,BY,0,0,0,1,BRG-6305 · Augsburg
2024-02-11,BRG-6305,Deep-groove bearing 6305,Bearings,Augsburg,BY,0,0,0,1,BRG-6305 · Augsburg
2024-02-12,BRG-6305,Deep-groove bearing 6305,Bearings,Augsburg,BY,0,0,0,24,BRG-6305 · Augsburg
2024-02-13,BRG-6305,Deep-groove bearing 6305,Bearings,Augsburg,BY,0,0,0,25,BRG-6305 · Augsburg
2024-02-14,BRG-6305,Deep-groove bearing 6305,Bearings,Augsburg,BY,0,0,0,25,BRG-6305 · Augsburg
2024-02-15,BRG-6305,Deep-groove bearing 6305,Bearings,Augsburg,BY,0,0,0,21,BRG-6305 · Augsburg
2024-02-16,BRG-6305,Deep-groove bearing 6305,Bearings,Augsburg,BY,0,0,0,19,BRG-6305 · Augsburg
2024-02-17,BRG-6305,Deep-groove bearing 6305,Bearings,Augsburg,BY,0,0,0,3,BRG-6305 · Augsburg
2024-02-18,BRG-6305,Deep-groove bearing 6305,Bearings,Augsburg,BY,0,0,0,1,BRG-6305 · Augsburg
2024-02-19,BRG-6305,Deep-groove bearing 6305,Bearings,Augsburg,BY,0,0,0,20,BRG-6305 · Augsburg
2024-02-20,BRG-6305,Deep-groove bearing 6305,Bearings,Augsburg,BY,0,0,0,21,BRG-6305 · Augsburg
2024-02-21,BRG-6305,Deep-groove bearing 6305,Bearings,Augsburg,BY,0,0,0,20,BRG-6305 · Augsburg
2024-02-22,BRG-6305,Deep-groove bearing 6305,Bearings,Augsburg,BY,0,0,0,16,BRG-6305 · Augsburg
2024-02-23,BRG-6305,Deep-groove bearing 6305,Bearings,Augsburg,BY,0,0,0,17,BRG-6305 · Augsburg
2024-02-24,BRG-6305,Deep-groove bearing 6305,Bearings,Augsburg,BY,0,0,0,2,BRG-6305 · Augsburg
2024-02-25,BRG-6305,Deep-groove bearing 6305,Bearings,Augsburg,BY,0,0,0,1,BRG-6305 · Augsburg
2024-02-26,BRG-6305,Deep-groove bearing 6305,Bearings,Augsburg,BY,0,0,0,21,BRG-6305 · Augsburg
2024-02-27,BRG-6305,Deep-groove bearing 6305,Bearings,Augsburg,BY,0,0,0,22,BRG-6305 · Augsburg
2024-02-28,BRG-6305,Deep-groove bearing 6305,Bearings,Augsburg,BY,0,0,0,17,BRG-6305 · Augsburg
2024-02-29,BRG-6305,Deep-groove bearing 6305,Bearings,Augsburg,BY,0,0,0,16,BRG-6305 · Augsburg
2024-03-01,BRG-6305,Deep-groove bearing 6305,Bearings,Augsburg,BY,0,0,0,16,BRG-6305 · Augsburg
2024-03-02,BRG-6305,Deep-groove bearing 6305,Bearings,Augsburg,BY,0,0,0,3,BRG-6305 · Augsburg
2024-03-03,BRG-6305,Deep-groove bearing 6305,Bearings,Augsburg,BY,0,0,0,2,BRG-6305 · Augsburg
2024-03-04,BRG-6305,Deep-groove bearing 6305,Bearings,Augsburg,BY,0,0,0,22,BRG-6305 · Augsburg
2024-03-05,BRG-6305,Deep-groove bearing 6305,Bearings,Augsburg,BY,0,0,0,16,BRG-6305 · Augsburg
2024-03-06,BRG-6305,Deep-groove bearing 6305,Bearings,Augsburg,BY,0,0,0,17,BRG-6305 · Augsburg
2024-03-07,BRG-6305,Deep-groove bearing 6305,Bearings,Augsburg,BY,0,0,0,18,BRG-6305 · Augsburg
2024-03-08,BRG-6305,Deep-groove bearing 6305,Bearings,Augsburg,BY,0,0,0,16,BRG-6305 · Augsburg
2024-03-09,BRG-6305,Deep-groove bearing 6305,Bearings,Augsburg,BY,0,0,0,3,BRG-6305 · Augsburg
2024-03-10,BRG-6305,Deep-groove bearing 6305,Bearings,Augsburg,BY,0,0,0,1,BRG-6305 · Augsburg
2024-03-11,BRG-6305,Deep-groove bearing 6305,Bearings,Augsburg,BY,0,0,0,20,BRG-6305 · Augsburg
2024-03-12,BRG-6305,Deep-groove bearing 6305,Bearings,Augsburg,BY,0,0,0,20,BRG-6305 · Augsburg
2024-03-13,BRG-6305,Deep-groove bearing 6305,Bearings,Augsburg,BY,0,0,0,21,BRG-6305 · Augsburg
2024-03-14,BRG-6305,Deep-groove bearing 6305,Bearings,Augsburg,BY,0,0,0,17,BRG-6305 · Augsburg
2024-03-15,BRG-6305,Deep-groove bearing 6305,Bearings,Augsburg,BY,0,0,0,16,BRG-6305 · Augsburg
2024-03-16,BRG-6305,Deep-groove bearing 6305,Bearings,Augsburg,BY,0,0,0,0,BRG-6305 · Augsburg
2024-03-17,BRG-6305,Deep-groove bearing 6305,Bearings,Augsburg,BY,0,0,0,1,BRG-6305 · Augsburg
2024-03-18,BRG-6305,Deep-groove bearing 6305,Bearings,Augsburg,BY,0,0,0,20,BRG-6305 · Augsburg
2024-03-19,BRG-6305,Deep-groove bearing 6305,Bearings,Augsburg,BY,0,0,0,18,BRG-6305 · Augsburg
2024-03-20,BRG-6305,Deep-groove bearing 6305,Bearings,Augsburg,BY,0,0,0,20,BRG-6305 · Augsburg
2024-03-21,BRG-6305,Deep-groove bearing 6305,Bearings,Augsburg,BY,0,0,0,19,BRG-6305 · Augsburg
2024-03-22,BRG-6305,Deep-groove bearing 6305,Bearings,Augsburg,BY,0,0,0,12,BRG-6305 · Augsburg
2024-03-23,BRG-6305,Deep-groove bearing 6305,Bearings,Augsburg,BY,0,0,0,2,BRG-6305 · Augsburg
2024-03-24,BRG-6305,Deep-groove bearing 6305,Bearings,Augsburg,BY,0,0,0,1,BRG-6305 · Augsburg
2024-03-25,BRG-6305,Deep-groove bearing 6305,Bearings,Augsburg,BY,0,0,0,21,BRG-6305 · Augsburg
2024-03-26,BRG-6305,Deep-groove bearing 6305,Bearings,Augsburg,BY,0,0,0,17,BRG-6305 · Augsburg
2024-03-27,BRG-6305,Deep-groove bearing 6305,Bearings,Augsburg,BY,0,0,0,20,BRG-6305 · Augsburg
2024-03-28,BRG-6305,Deep-groove bearing 6305,Bearings,Augsburg,BY,0,0,0,19,BRG-6305 · Augsburg
2024-03-29,BRG-6305,Deep-groove bearing 6305,Bearings,Augsburg,BY,1,0,0,2,BRG-6305 · Augsburg
2024-03-30,BRG-6305,Deep-groove bearing 6305,Bearings,Augsburg,BY,0,0,0,2,BRG-6305 · Augsburg
2024-03-31,BRG-6305,Deep-groove bearing 6305,Bearings,Augsburg,BY,0,0,0,1,BRG-6305 · Augsburg
2024-04-01,BRG-6305,Deep-groove bearing 6305,Bearings,Augsburg,BY,1,0,1,1,BRG-6305 · Augsburg
2024-04-02,BRG-6305,Deep-groove bearing 6305,Bearings,Augsburg,BY,0,0,1,17,BRG-6305 · Augsburg
2024-04-03,BRG-6305,Deep-groove bearing 6305,Bearings,Augsburg,BY,0,0,1,18,BRG-6305 · Augsburg
2024-04-04,BRG-6305,Deep-groove bearing 6305,Bearings,Augsburg,BY,0,0,1,18,BRG-6305 · Augsburg
2024-04-05,BRG-6305,Deep-groove bearing 6305,Bearings,Augsburg,BY,0,0,1,16,BRG-6305 · Augsburg
2024-04-06,BRG-6305,Deep-groove bearing 6305,Bearings,Augsburg,BY,0,0,1,3,BRG-6305 · Augsburg
2024-04-07,BRG-6305,Deep-groove bearing 6305,Bearings,Augsburg,BY,0,0,1,1,BRG-6305 · Augsburg
2024-04-08,BRG-6305,Deep-groove bearing 6305,Bearings,Augsburg,BY,0,0,0,18,BRG-6305 · Augsburg
2024-04-09,BRG-6305,Deep-groove bearing 6305,Bearings,Augsburg,BY,0,0,0,19,BRG-6305 · Augsburg
2024-04-10,BRG-6305,Deep-groove bearing 6305,Bearings,Augsburg,BY,0,0,0,21,BRG-6305 · Augsburg
2024-04-11,BRG-6305,Deep-groove bearing 6305,Bearings,Augsburg,BY,0,0,0,20,BRG-6305 · Augsburg
2024-04-12,BRG-6305,Deep-groove bearing 6305,Bearings,Augsburg,BY,0,0,0,21,BRG-6305 · Augsburg
2024-04-13,BRG-6305,Deep-groove bearing 6305,Bearings,Augsburg,BY,0,0,0,2,BRG-6305 · Augsburg
2024-04-14,BRG-6305,Deep-groove bearing 6305,Bearings,Augsburg,BY,0,0,0,1,BRG-6305 · Augsburg
2024-04-15,BRG-6305,Deep-groove bearing 6305,Bearings,Augsburg,BY,0,0,0,21,BRG-6305 · Augsburg
2024-04-16,BRG-6305,Deep-groove bearing 6305,Bearings,Augsburg,BY,0,0,0,19,BRG-6305 · Augsburg
2024-04-17,BRG-6305,Deep-groove bearing 6305,Bearings,Augsburg,BY,0,0,0,18,BRG-6305 · Augsburg
2024-04-18,BRG-6305,Deep-groove bearing 6305,Bearings,Augsburg,BY,0,0,0,14,BRG-6305 · Augsburg
2024-04-19,BRG-6305,Deep-groove bearing 6305,Bearings,Augsburg,BY,0,0,0,15,BRG-6305 · Augsburg
2024-04-20,BRG-6305,Deep-groove bearing 6305,Bearings,Augsburg,BY,0,0,0,1,BRG-6305 · Augsburg
2024-04-21,BRG-6305,Deep-groove bearing 6305,Bearings,Augsburg,BY,0,0,0,0,BRG-6305 · Augsburg
2024-04-22,BRG-6305,Deep-groove bearing 6305,Bearings,Augsburg,BY,0,0,0,17,BRG-6305 · Augsburg
2024-04-23,BRG-6305,Deep-groove bearing 6305,Bearings,Augsburg,BY,0,0,0,16,BRG-6305 · Augsburg
2024-04-24,BRG-6305,Deep-groove bearing 6305,Bearings,Augsburg,BY,0,0,0,18,BRG-6305 · Augsburg
2024-04-25,BRG-6305,Deep-groove bearing 6305,Bearings,Augsburg,BY,0,0,0,18,BRG-6305 · Augsburg
2024-04-26,BRG-6305,Deep-groove bearing 6305,Bearings,Augsburg,BY,0,0,0,13,BRG-6305 · Augsburg
2024-04-27,BRG-6305,Deep-groove bearing 6305,Bearings,Augsburg,BY,0,0,0,2,BRG-6305 · Augsburg
2024-04-28,BRG-6305,Deep-groove bearing 6305,Bearings,Augsburg,BY,0,0,0,0,BRG-6305 · Augsburg
2024-04-29,BRG-6305,Deep-groove bearing 6305,Bearings,Augsburg,BY,0,0,0,17,BRG-6305 · Augsburg
2024-04-30,BRG-6305,Deep-groove bearing 6305,Bearings,Augsburg,BY,0,0,0,18,BRG-6305 · Augsburg
2024-05-01,BRG-6305,Deep-groove bearing 6305,Bearings,Augsburg,BY,1,0,0,3,BRG-6305 · Augsburg
2024-05-02,BRG-6305,Deep-groove bearing 6305,Bearings,Augsburg,BY,0,0,0,16,BRG-6305 · Augsburg
2024-05-03,BRG-6305,Deep-groove bearing 6305,Bearings,Augsburg,BY,0,0,0,18,BRG-6305 · Augsburg
2024-05-04,BRG-6305,Deep-groove bearing 6305,Bearings,Augsburg,BY,0,0,0,1,BRG-6305 · Augsburg
2024-05-05,BRG-6305,Deep-groove bearing 6305,Bearings,Augsburg,BY,0,0,0,0,BRG-6305 · Augsburg
2024-05-06,BRG-6305,Deep-groove bearing 6305,Bearings,Augsburg,BY,0,0,0,21,BRG-6305 · Augsburg
2024-05-07,BRG-6305,Deep-groove bearing 6305,Bearings,Augsburg,BY,0,0,0,23,BRG-6305 · Augsburg
2024-05-08,BRG-6305,Deep-groove bearing 6305,Bearings,Augsburg,BY,0,0,0,20,BRG-6305 · Augsburg
2024-05-09,BRG-6305,Deep-groove bearing 6305,Bearings,Augsburg,BY,1,0,0,2,BRG-6305 · Augsburg
2024-05-10,BRG-6305,Deep-groove bearing 6305,Bearings,Augsburg,BY,0,0,0,11,BRG-6305 · Augsburg
2024-05-11,BRG-6305,Deep-groove bearing 6305,Bearings,Augsburg,BY,0,0,0,1,BRG-6305 · Augsburg
2024-05-12,BRG-6305,Deep-groove bearing 6305,Bearings,Augsburg,BY,0,0,0,1,BRG-6305 · Augsburg
2024-05-13,BRG-6305,Deep-groove bearing 6305,Bearings,Augsburg,BY,0,0,0,19,BRG-6305 · Augsburg
2024-05-14,BRG-6305,Deep-groove bearing 6305,Bearings,Augsburg,BY,0,0,0,16,BRG-6305 · Augsburg
2024-05-15,BRG-6305,Deep-groove bearing 6305,Bearings,Augsburg,BY,0,0,0,18,BRG-6305 · Augsburg
2024-05-16,BRG-6305,Deep-groove bearing 6305,Bearings,Augsburg,BY,0,0,0,18,BRG-6305 · Augsburg
2024-05-17,BRG-6305,Deep-groove bearing 6305,Bearings,Augsburg,BY,0,0,0,17,BRG-6305 · Augsburg
2024-05-18,BRG-6305,Deep-groove bearing 6305,Bearings,Augsburg,BY,0,0,0,2,BRG-6305 · Augsburg
2024-05-19,BRG-6305,Deep-groove bearing 6305,Bearings,Augsburg,BY,0,0,0,2,BRG-6305 · Augsburg
2024-05-20,BRG-6305,Deep-groove bearing 6305,Bearings,Augsburg,BY,1,0,0,2,BRG-6305 · Augsburg
2024-05-21,BRG-6305,Deep-groove bearing 6305,Bearings,Augsburg,BY,0,0,0,16,BRG-6305 · Augsburg
2024-05-22,BRG-6305,Deep-groove bearing 6305,Bearings,Augsburg,BY,0,0,0,18,BRG-6305 · Augsburg
2024-05-23,BRG-6305,Deep-groove bearing 6305,Bearings,Augsburg,BY,0,0,0,13,BRG-6305 · Augsburg
2024-05-24,BRG-6305,Deep-groove bearing 6305,Bearings,Augsburg,BY,0,0,0,20,BRG-6305 · Augsburg
2024-05-25,BRG-6305,Deep-groove bearing 6305,Bearings,Augsburg,BY,0,0,0,2,BRG-6305 · Augsburg
2024-05-26,BRG-6305,Deep-groove bearing 6305,Bearings,Augsburg,BY,0,0,0,1,BRG-6305 · Augsburg
2024-05-27,BRG-6305,Deep-groove bearing 6305,Bearings,Augsburg,BY,0,0,0,19,BRG-6305 · Augsburg
2024-05-28,BRG-6305,Deep-groove bearing 6305,Bearings,Augsburg,BY,0,0,0,22,BRG-6305 · Augsburg
2024-05-29,BRG-6305,Deep-groove bearing 6305,Bearings,Augsburg,BY,0,0,0,19,BRG-6305 · Augsburg
2024-05-30,BRG-6305,Deep-groove bearing 6305,Bearings,Augsburg,BY,1,0,0,1,BRG-6305 · Augsburg
2024-05-31,BRG-6305,Deep-groove bearing 6305,Bearings,Augsburg,BY,0,0,0,18,BRG-6305 · Augsburg
2024-06-01,BRG-6305,Deep-groove bearing 6305,Bearings,Augsburg,BY,0,0,0,2,BRG-6305 · Augsburg
2024-06-02,BRG-6305,Deep-groove bearing 6305,Bearings,Augsburg,BY,0,0,0,1,BRG-6305 · Augsburg
2024-06-03,BRG-6305,Deep-groove bearing 6305,Bearings,Augsburg,BY,0,0,0,16,BRG-6305 · Augsburg
2024-06-04,BRG-6305,Deep-groove bearing 6305,Bearings,Augsburg,BY,0,0,0,19,BRG-6305 · Augsburg
2024-06-05,BRG-6305,Deep-groove bearing 6305,Bearings,Augsburg,BY,0,0,0,16,BRG-6305 · Augsburg
2024-06-06,BRG-6305,Deep-groove bearing 6305,Bearings,Augsburg,BY,0,0,0,17,BRG-6305 · Augsburg
2024-06-07,BRG-6305,Deep-groove bearing 6305,Bearings,Augsburg,BY,0,0,0,14,BRG-6305 · Augsburg
2024-06-08,BRG-6305,Deep-groove bearing 6305,Bearings,Augsburg,BY,0,0,0,3,BRG-6305 · Augsburg
2024-06-09,BRG-6305,Deep-groove bearing 6305,Bearings,Augsburg,BY,0,0,0,2,BRG-6305 · Augsburg
2024-06-10,BRG-6305,Deep-groove bearing 6305,Bearings,Augsburg,BY,0,0,0,17,BRG-6305 · Augsburg
2024-06-11,BRG-6305,Deep-groove bearing 6305,Bearings,Augsburg,BY,0,0,0,17,BRG-6305 · Augsburg
2024-06-12,BRG-6305,Deep-groove bearing 6305,Bearings,Augsburg,BY,0,0,0,16,BRG-6305 · Augsburg
2024-06-13,BRG-6305,Deep-groove bearing 6305,Bearings,Augsburg,BY,0,0,0,18,BRG-6305 · Augsburg
2024-06-14,BRG-6305,Deep-groove bearing 6305,Bearings,Augsburg,BY,0,0,0,13,BRG-6305 · Augsburg
2024-06-15,BRG-6305,Deep-groove bearing 6305,Bearings,Augsburg,BY,0,0,0,2,BRG-6305 · Augsburg
2024-06-16,BRG-6305,Deep-groove bearing 6305,Bearings,Augsburg,BY,0,0,0,2,BRG-6305 · Augsburg
2024-06-17,BRG-6305,Deep-groove bearing 6305,Bearings,Augsburg,BY,0,0,0,16,BRG-6305 · Augsburg
2024-06-18,BRG-6305,Deep-groove bearing 6305,Bearings,Augsburg,BY,0,0,0,17,BRG-6305 · Augsburg
2024-06-19,BRG-6305,Deep-groove bearing 6305,Bearings,Augsburg,BY,0,0,0,13,BRG-6305 · Augsburg
2024-06-20,BRG-6305,Deep-groove bearing 6305,Bearings,Augsburg,BY,0,0,0,17,BRG-6305 · Augsburg
2024-06-21,BRG-6305,Deep-groove bearing 6305,Bearings,Augsburg,BY,0,0,0,19,BRG-6305 · Augsburg
2024-06-22,BRG-6305,Deep-groove bearing 6305,Bearings,Augsburg,BY,0,0,0,2,BRG-6305 · Augsburg
2024-06-23,BRG-6305,Deep-groove bearing 6305,Bearings,Augsburg,BY,0,0,0,2,BRG-6305 · Augsburg
2024-06-24,BRG-6305,Deep-groove bearing 6305,Bearings,Augsburg,BY,0,0,0,15,BRG-6305 · Augsburg
2024-06-25,BRG-6305,Deep-groove bearing 6305,Bearings,Augsburg,BY,0,0,0,17,BRG-6305 · Augsburg
2024-06-26,BRG-6305,Deep-groove bearing 6305,Bearings,Augsburg,BY,0,0,0,13,BRG-6305 · Augsburg
2024-06-27,BRG-6305,Deep-groove bearing 6305,Bearings,Augsburg,BY,0,0,0,15,BRG-6305 · Augsburg
2024-06-28,BRG-6305,Deep-groove bearing 6305,Bearings,Augsburg,BY,0,0,0,16,BRG-6305 · Augsburg
2024-06-29,BRG-6305,Deep-groove bearing 6305,Bearings,Augsburg,BY,0,0,0,2,BRG-6305 · Augsburg
2024-06-30,BRG-6305,Deep-groove bearing 6305,Bearings,Augsburg,BY,0,0,0,0,BRG-6305 · Augsburg
2024-07-01,BRG-6305,Deep-groove bearing 6305,Bearings,Augsburg,BY,0,0,0,13,BRG-6305 · Augsburg
2024-07-02,BRG-6305,Deep-groove bearing 6305,Bearings,Augsburg,BY,0,0,0,13,BRG-6305 · Augsburg
2024-07-03,BRG-6305,Deep-groove bearing 6305,Bearings,Augsburg,BY,0,0,0,17,BRG-6305 · Augsburg
2024-07-04,BRG-6305,Deep-groove bearing 6305,Bearings,Augsburg,BY,0,0,0,19,BRG-6305 · Augsburg
2024-07-05,BRG-6305,Deep-groove bearing 6305,Bearings,Augsburg,BY,0,0,0,16,BRG-6305 · Augsburg
2024-07-06,BRG-6305,Deep-groove bearing 6305,Bearings,Augsburg,BY,0,0,0,0,BRG-6305 · Augsburg
2024-07-07,BRG-6305,Deep-groove bearing 6305,Bearings,Augsburg,BY,0,0,0,2,BRG-6305 · Augsburg
2024-07-08,BRG-6305,Deep-groove bearing 6305,Bearings,Augsburg,BY,0,0,0,19,BRG-6305 · Augsburg
2024-07-09,BRG-6305,Deep-groove bearing 6305,Bearings,Augsburg,BY,0,0,0,13,BRG-6305 · Augsburg
2024-07-10,BRG-6305,Deep-groove bearing 6305,Bearings,Augsburg,BY,0,0,0,16,BRG-6305 · Augsburg
2024-07-11,BRG-6305,Deep-groove bearing 6305,Bearings,Augsburg,BY,0,0,0,18,BRG-6305 · Augsburg
2024-07-12,BRG-6305,Deep-groove bearing 6305,Bearings,Augsburg,BY,0,0,0,15,BRG-6305 · Augsburg
2024-07-13,BRG-6305,Deep-groove bearing 6305,Bearings,Augsburg,BY,0,0,0,1,BRG-6305 · Augsburg
2024-07-14,BRG-6305,Deep-groove bearing 6305,Bearings,Augsburg,BY,0,0,0,1,BRG-6305 · Augsburg
2024-07-15,BRG-6305,Deep-groove bearing 6305,Bearings,Augsburg,BY,0,0,0,12,BRG-6305 · Augsburg
2024-07-16,BRG-6305,Deep-groove bearing 6305,Bearings,Augsburg,BY,0,0,0,16,BRG-6305 · Augsburg
2024-07-17,BRG-6305,Deep-groove bearing 6305,Bearings,Augsburg,BY,0,0,0,19,BRG-6305 · Augsburg
2024-07-18,BRG-6305,Deep-groove bearing 6305,Bearings,Augsburg,BY,0,0,0,16,BRG-6305 · Augsburg
2024-07-19,BRG-6305,Deep-groove bearing 6305,Bearings,Augsburg,BY,0,0,0,13,BRG-6305 · Augsburg
2024-07-20,BRG-6305,Deep-groove bearing 6305,Bearings,Augsburg,BY,0,0,0,3,BRG-6305 · Augsburg
2024-07-21,BRG-6305,Deep-groove bearing 6305,Bearings,Augsburg,BY,0,0,0,2,BRG-6305 · Augsburg
2024-07-22,BRG-6305,Deep-groove bearing 6305,Bearings,Augsburg,BY,0,0,0,19,BRG-6305 · Augsburg
2024-07-23,BRG-6305,Deep-groove bearing 6305,Bearings,Augsburg,BY,0,0,0,18,BRG-6305 · Augsburg
2024-07-24,BRG-6305,Deep-groove bearing 6305,Bearings,Augsburg,BY,0,0,0,18,BRG-6305 · Augsburg
2024-07-25,BRG-6305,Deep-groove bearing 6305,Bearings,Augsburg,BY,0,0,0,16,BRG-6305 · Augsburg
2024-07-26,BRG-6305,Deep-groove bearing 6305,Bearings,Augsburg,BY,0,0,0,14,BRG-6305 · Augsburg
2024-07-27,BRG-6305,Deep-groove bearing 6305,Bearings,Augsburg,BY,0,0,0,2,BRG-6305 · Augsburg
2024-07-28,BRG-6305,Deep-groove bearing 6305,Bearings,Augsburg,BY,0,0,0,1,BRG-6305 · Augsburg
2024-07-29,BRG-6305,Deep-groove bearing 6305,Bearings,Augsburg,BY,0,0,0,14,BRG-6305 · Augsburg
2024-07-30,BRG-6305,Deep-groove bearing 6305,Bearings,Augsburg,BY,0,0,0,14,BRG-6305 · Augsburg
2024-07-31,BRG-6305,Deep-groove bearing 6305,Bearings,Augsburg,BY,0,0,0,15,BRG-6305 · Augsburg
2024-08-01,BRG-6305,Deep-groove bearing 6305,Bearings,Augsburg,BY,0,0,0,15,BRG-6305 · Augsburg
2024-08-02,BRG-6305,Deep-groove bearing 6305,Bearings,Augsburg,BY,0,0,0,16,BRG-6305 · Augsburg
2024-08-03,BRG-6305,Deep-groove bearing 6305,Bearings,Augsburg,BY,0,0,0,2,BRG-6305 · Augsburg
2024-08-04,BRG-6305,Deep-groove bearing 6305,Bearings,Augsburg,BY,0,0,0,3,BRG-6305 · Augsburg
2024-08-05,BRG-6305,Deep-groove bearing 6305,Bearings,Augsburg,BY,0,1,0,4,BRG-6305 · Augsburg
2024-08-06,BRG-6305,Deep-groove bearing 6305,Bearings,Augsburg,BY,0,1,0,3,BRG-6305 · Augsburg
2024-08-07,BRG-6305,Deep-groove bearing 6305,Bearings,Augsburg,BY,0,1,0,3,BRG-6305 · Augsburg
2024-08-08,BRG-6305,Deep-groove bearing 6305,Bearings,Augsburg,BY,0,1,0,2,BRG-6305 · Augsburg
2024-08-09,BRG-6305,Deep-groove bearing 6305,Bearings,Augsburg,BY,0,1,0,4,BRG-6305 · Augsburg
2024-08-10,BRG-6305,Deep-groove bearing 6305,Bearings,Augsburg,BY,0,1,0,1,BRG-6305 · Augsburg
2024-08-11,BRG-6305,Deep-groove bearing 6305,Bearings,Augsburg,BY,0,1,0,0,BRG-6305 · Augsburg
2024-08-12,BRG-6305,Deep-groove bearing 6305,Bearings,Augsburg,BY,0,1,0,3,BRG-6305 · Augsburg
2024-08-13,BRG-6305,Deep-groove bearing 6305,Bearings,Augsburg,BY,0,1,0,4,BRG-6305 · Augsburg
2024-08-14,BRG-6305,Deep-groove bearing 6305,Bearings,Augsburg,BY,0,1,0,3,BRG-6305 · Augsburg
2024-08-15,BRG-6305,Deep-groove bearing 6305,Bearings,Augsburg,BY,0,1,0,3,BRG-6305 · Augsburg
2024-08-16,BRG-6305,Deep-groove bearing 6305,Bearings,Augsburg,BY,0,1,0,3,BRG-6305 · Augsburg
2024-08-17,BRG-6305,Deep-groove bearing 6305,Bearings,Augsburg,BY,0,1,0,0,BRG-6305 · Augsburg
2024-08-18,BRG-6305,Deep-groove bearing 6305,Bearings,Augsburg,BY,0,1,0,0,BRG-6305 · Augsburg
2024-08-19,BRG-6305,Deep-groove bearing 6305,Bearings,Augsburg,BY,0,0,0,14,BRG-6305 · Augsburg
2024-08-20,BRG-6305,Deep-groove bearing 6305,Bearings,Augsburg,BY,0,0,0,15,BRG-6305 · Augsburg
2024-08-21,BRG-6305,Deep-groove bearing 6305,Bearings,Augsburg,BY,0,0,0,18,BRG-6305 · Augsburg
2024-08-22,BRG-6305,Deep-groove bearing 6305,Bearings,Augsburg,BY,0,0,0,17,BRG-6305 · Augsburg
2024-08-23,BRG-6305,Deep-groove bearing 6305,Bearings,Augsburg,BY,0,0,0,14,BRG-6305 · Augsburg
2024-08-24,BRG-6305,Deep-groove bearing 6305,Bearings,Augsburg,BY,0,0,0,2,BRG-6305 · Augsburg
2024-08-25,BRG-6305,Deep-groove bearing 6305,Bearings,Augsburg,BY,0,0,0,1,BRG-6305 · Augsburg
2024-08-26,BRG-6305,Deep-groove bearing 6305,Bearings,Augsburg,BY,0,0,0,17,BRG-6305 · Augsburg
2024-08-27,BRG-6305,Deep-groove bearing 6305,Bearings,Augsburg,BY,0,0,0,17,BRG-6305 · Augsburg
2024-08-28,BRG-6305,Deep-groove bearing 6305,Bearings,Augsburg,BY,0,0,0,14,BRG-6305 · Augsburg
2024-08-29,BRG-6305,Deep-groove bearing 6305,Bearings,Augsburg,BY,0,0,0,15,BRG-6305 · Augsburg
2024-08-30,BRG-6305,Deep-groove bearing 6305,Bearings,Augsburg,BY,0,0,0,13,BRG-6305 · Augsburg
2024-08-31,BRG-6305,Deep-groove bearing 6305,Bearings,Augsburg,BY,0,0,0,1,BRG-6305 · Augsburg
2024-09-01,BRG-6305,Deep-groove bearing 6305,Bearings,Augsburg,BY,0,0,0,1,BRG-6305 · Augsburg
2024-09-02,BRG-6305,Deep-groove bearing 6305,Bearings,Augsburg,BY,0,0,0,20,BRG-6305 · Augsburg
2024-09-03,BRG-6305,Deep-groove bearing 6305,Bearings,Augsburg,BY,0,0,0,17,BRG-6305 · Augsburg
2024-09-04,BRG-6305,Deep-groove bearing 6305,Bearings,Augsburg,BY,0,0,0,13,BRG-6305 · Augsburg
2024-09-05,BRG-6305,Deep-groove bearing 6305,Bearings,Augsburg,BY,0,0,0,12,BRG-6305 · Augsburg
2024-09-06,BRG-6305,Deep-groove bearing 6305,Bearings,Augsburg,BY,0,0,0,14,BRG-6305 · Augsburg
2024-09-07,BRG-6305,Deep-groove bearing 6305,Bearings,Augsburg,BY,0,0,0,3,BRG-6305 · Augsburg
2024-09-08,BRG-6305,Deep-groove bearing 6305,Bearings,Augsburg,BY,0,0,0,1,BRG-6305 · Augsburg
2024-09-09,BRG-6305,Deep-groove bearing 6305,Bearings,Augsburg,BY,0,0,0,19,BRG-6305 · Augsburg
2024-09-10,BRG-6305,Deep-groove bearing 6305,Bearings,Augsburg,BY,0,0,0,17,BRG-6305 · Augsburg
2024-09-11,BRG-6305,Deep-groove bearing 6305,Bearings,Augsburg,BY,0,0,0,16,BRG-6305 · Augsburg
2024-09-12,BRG-6305,Deep-groove bearing 6305,Bearings,Augsburg,BY,0,0,0,12,BRG-6305 · Augsburg
2024-09-13,BRG-6305,Deep-groove bearing 6305,Bearings,Augsburg,BY,0,0,0,15,BRG-6305 · Augsburg
2024-09-14,BRG-6305,Deep-groove bearing 6305,Bearings,Augsburg,BY,0,0,0,2,BRG-6305 · Augsburg
2024-09-15,BRG-6305,Deep-groove bearing 6305,Bearings,Augsburg,BY,0,0,0,1,BRG-6305 · Augsburg
2024-09-16,BRG-6305,Deep-groove bearing 6305,Bearings,Augsburg,BY,0,0,0,14,BRG-6305 · Augsburg
2024-09-17,BRG-6305,Deep-groove bearing 6305,Bearings,Augsburg,BY,0,0,0,15,BRG-6305 · Augsburg
2024-09-18,BRG-6305,Deep-groove bearing 6305,Bearings,Augsburg,BY,0,0,0,15,BRG-6305 · Augsburg
2024-09-19,BRG-6305,Deep-groove bearing 6305,Bearings,Augsburg,BY,0,0,0,13,BRG-6305 · Augsburg
2024-09-20,BRG-6305,Deep-groove bearing 6305,Bearings,Augsburg,BY,0,0,0,13,BRG-6305 · Augsburg
2024-09-21,BRG-6305,Deep-groove bearing 6305,Bearings,Augsburg,BY,0,0,0,1,BRG-6305 · Augsburg
2024-09-22,BRG-6305,Deep-groove bearing 6305,Bearings,Augsburg,BY,0,0,0,1,BRG-6305 · Augsburg
2024-09-23,BRG-6305,Deep-groove bearing 6305,Bearings,Augsburg,BY,0,0,0,18,BRG-6305 · Augsburg
2024-09-24,BRG-6305,Deep-groove bearing 6305,Bearings,Augsburg,BY,0,0,0,16,BRG-6305 · Augsburg
2024-09-25,BRG-6305,Deep-groove bearing 6305,Bearings,Augsburg,BY,0,0,0,12,BRG-6305 · Augsburg
2024-09-26,BRG-6305,Deep-groove bearing 6305,Bearings,Augsburg,BY,0,0,0,15,BRG-6305 · Augsburg
2024-09-27,BRG-6305,Deep-groove bearing 6305,Bearings,Augsburg,BY,0,0,0,11,BRG-6305 · Augsburg
2024-09-28,BRG-6305,Deep-groove bearing 6305,Bearings,Augsburg,BY,0,0,0,1,BRG-6305 · Augsburg
2024-09-29,BRG-6305,Deep-groove bearing 6305,Bearings,Augsburg,BY,0,0,0,2,BRG-6305 · Augsburg
2024-09-30,BRG-6305,Deep-groove bearing 6305,Bearings,Augsburg,BY,0,0,0,12,BRG-6305 · Augsburg
2024-10-01,BRG-6305,Deep-groove bearing 6305,Bearings,Augsburg,BY,0,0,1,17,BRG-6305 · Augsburg
2024-10-02,BRG-6305,Deep-groove bearing 6305,Bearings,Augsburg,BY,0,0,1,14,BRG-6305 · Augsburg
2024-10-03,BRG-6305,Deep-groove bearing 6305,Bearings,Augsburg,BY,1,0,1,2,BRG-6305 · Augsburg
2024-10-04,BRG-6305,Deep-groove bearing 6305,Bearings,Augsburg,BY,0,0,1,14,BRG-6305 · Augsburg
2024-10-05,BRG-6305,Deep-groove bearing 6305,Bearings,Augsburg,BY,0,0,1,2,BRG-6305 · Augsburg
2024-10-06,BRG-6305,Deep-groove bearing 6305,Bearings,Augsburg,BY,0,0,1,1,BRG-6305 · Augsburg
2024-10-07,BRG-6305,Deep-groove bearing 6305,Bearings,Augsburg,BY,0,0,1,19,BRG-6305 · Augsburg
2024-10-08,BRG-6305,Deep-groove bearing 6305,Bearings,Augsburg,BY,0,0,0,16,BRG-6305 · Augsburg
2024-10-09,BRG-6305,Deep-groove bearing 6305,Bearings,Augsburg,BY,0,0,0,13,BRG-6305 · Augsburg
2024-10-10,BRG-6305,Deep-groove bearing 6305,Bearings,Augsburg,BY,0,0,0,15,BRG-6305 · Augsburg
2024-10-11,BRG-6305,Deep-groove bearing 6305,Bearings,Augsburg,BY,0,0,0,17,BRG-6305 · Augsburg
2024-10-12,BRG-6305,Deep-groove bearing 6305,Bearings,Augsburg,BY,0,0,0,3,BRG-6305 · Augsburg
2024-10-13,BRG-6305,Deep-groove bearing 6305,Bearings,Augsburg,BY,0,0,0,1,BRG-6305 · Augsburg
2024-10-14,BRG-6305,Deep-groove bearing 6305,Bearings,Augsburg,BY,0,0,0,14,BRG-6305 · Augsburg
2024-10-15,BRG-6305,Deep-groove bearing 6305,Bearings,Augsburg,BY,0,0,0,17,BRG-6305 · Augsburg
2024-10-16,BRG-6305,Deep-groove bearing 6305,Bearings,Augsburg,BY,0,0,0,18,BRG-6305 · Augsburg
2024-10-17,BRG-6305,Deep-groove bearing 6305,Bearings,Augsburg,BY,0,0,0,17,BRG-6305 · Augsburg
2024-10-18,BRG-6305,Deep-groove bearing 6305,Bearings,Augsburg,BY,0,0,0,16,BRG-6305 · Augsburg
2024-10-19,BRG-6305,Deep-groove bearing 6305,Bearings,Augsburg,BY,0,0,0,2,BRG-6305 · Augsburg
2024-10-20,BRG-6305,Deep-groove bearing 6305,Bearings,Augsburg,BY,0,0,0,1,BRG-6305 · Augsburg
2024-10-21,BRG-6305,Deep-groove bearing 6305,Bearings,Augsburg,BY,0,0,0,16,BRG-6305 · Augsburg
2024-10-22,BRG-6305,Deep-groove bearing 6305,Bearings,Augsburg,BY,0,0,0,12,BRG-6305 · Augsburg
2024-10-23,BRG-6305,Deep-groove bearing 6305,Bearings,Augsburg,BY,0,0,0,17,BRG-6305 · Augsburg
2024-10-24,BRG-6305,Deep-groove bearing 6305,Bearings,Augsburg,BY,0,0,0,16,BRG-6305 · Augsburg
2024-10-25,BRG-6305,Deep-groove bearing 6305,Bearings,Augsburg,BY,0,0,0,14,BRG-6305 · Augsburg
2024-10-26,BRG-6305,Deep-groove bearing 6305,Bearings,Augsburg,BY,0,0,0,1,BRG-6305 · Augsburg
2024-10-27,BRG-6305,Deep-groove bearing 6305,Bearings,Augsburg,BY,0,0,0,1,BRG-6305 · Augsburg
2024-10-28,BRG-6305,Deep-groove bearing 6305,Bearings,Augsburg,BY,0,0,0,21,BRG-6305 · Augsburg
2024-10-29,BRG-6305,Deep-groove bearing 6305,Bearings,Augsburg,BY,0,0,0,17,BRG-6305 · Augsburg
2024-10-30,BRG-6305,Deep-groove bearing 6305,Bearings,Augsburg,BY,0,0,0,17,BRG-6305 · Augsburg
2024-10-31,BRG-6305,Deep-groove bearing 6305,Bearings,Augsburg,BY,0,0,0,17,BRG-6305 · Augsburg
2024-11-01,BRG-6305,Deep-groove bearing 6305,Bearings,Augsburg,BY,1,0,0,3,BRG-6305 · Augsburg
2024-11-02,BRG-6305,Deep-groove bearing 6305,Bearings,Augsburg,BY,0,0,0,1,BRG-6305 · Augsburg
2024-11-03,BRG-6305,Deep-groove bearing 6305,Bearings,Augsburg,BY,0,0,0,1,BRG-6305 · Augsburg
2024-11-04,BRG-6305,Deep-groove bearing 6305,Bearings,Augsburg,BY,0,0,0,16,BRG-6305 · Augsburg
2024-11-05,BRG-6305,Deep-groove bearing 6305,Bearings,Augsburg,BY,0,0,0,16,BRG-6305 · Augsburg
2024-11-06,BRG-6305,Deep-groove bearing 6305,Bearings,Augsburg,BY,0,0,0,16,BRG-6305 · Augsburg
2024-11-07,BRG-6305,Deep-groove bearing 6305,Bearings,Augsburg,BY,0,0,0,18,BRG-6305 · Augsburg
2024-11-08,BRG-6305,Deep-groove bearing 6305,Bearings,Augsburg,BY,0,0,0,17,BRG-6305 · Augsburg
2024-11-09,BRG-6305,Deep-groove bearing 6305,Bearings,Augsburg,BY,0,0,0,2,BRG-6305 · Augsburg
2024-11-10,BRG-6305,Deep-groove bearing 6305,Bearings,Augsburg,BY,0,0,0,1,BRG-6305 · Augsburg
2024-11-11,BRG-6305,Deep-groove bearing 6305,Bearings,Augsburg,BY,0,0,0,22,BRG-6305 · Augsburg
2024-11-12,BRG-6305,Deep-groove bearing 6305,Bearings,Augsburg,BY,0,0,0,15,BRG-6305 · Augsburg
2024-11-13,BRG-6305,Deep-groove bearing 6305,Bearings,Augsburg,BY,0,0,0,15,BRG-6305 · Augsburg
2024-11-14,BRG-6305,Deep-groove bearing 6305,Bearings,Augsburg,BY,0,0,0,12,BRG-6305 · Augsburg
2024-11-15,BRG-6305,Deep-groove bearing 6305,Bearings,Augsburg,BY,0,0,0,17,BRG-6305 · Augsburg
2024-11-16,BRG-6305,Deep-groove bearing 6305,Bearings,Augsburg,BY,0,0,0,4,BRG-6305 · Augsburg
2024-11-17,BRG-6305,Deep-groove bearing 6305,Bearings,Augsburg,BY,0,0,0,2,BRG-6305 · Augsburg
2024-11-18,BRG-6305,Deep-groove bearing 6305,Bearings,Augsburg,BY,0,0,0,13,BRG-6305 · Augsburg
2024-11-19,BRG-6305,Deep-groove bearing 6305,Bearings,Augsburg,BY,0,0,0,19,BRG-6305 · Augsburg
2024-11-20,BRG-6305,Deep-groove bearing 6305,Bearings,Augsburg,BY,0,0,0,15,BRG-6305 · Augsburg
2024-11-21,BRG-6305,Deep-groove bearing 6305,Bearings,Augsburg,BY,0,0,0,16,BRG-6305 · Augsburg
2024-11-22,BRG-6305,Deep-groove bearing 6305,Bearings,Augsburg,BY,0,0,0,9,BRG-6305 · Augsburg
2024-11-23,BRG-6305,Deep-groove bearing 6305,Bearings,Augsburg,BY,0,0,0,3,BRG-6305 · Augsburg
2024-11-24,BRG-6305,Deep-groove bearing 6305,Bearings,Augsburg,BY,0,0,0,1,BRG-6305 · Augsburg
2024-11-25,BRG-6305,Deep-groove bearing 6305,Bearings,Augsburg,BY,0,0,0,14,BRG-6305 · Augsburg
2024-11-26,BRG-6305,Deep-groove bearing 6305,Bearings,Augsburg,BY,0,0,0,16,BRG-6305 · Augsburg
2024-11-27,BRG-6305,Deep-groove bearing 6305,Bearings,Augsburg,BY,0,0,0,13,BRG-6305 · Augsburg
2024-11-28,BRG-6305,Deep-groove bearing 6305,Bearings,Augsburg,BY,0,0,0,13,BRG-6305 · Augsburg
2024-11-29,BRG-6305,Deep-groove bearing 6305,Bearings,Augsburg,BY,0,0,0,12,BRG-6305 · Augsburg
2024-11-30,BRG-6305,Deep-groove bearing 6305,Bearings,Augsburg,BY,0,0,0,0,BRG-6305 · Augsburg
2024-12-01,BRG-6305,Deep-groove bearing 6305,Bearings,Augsburg,BY,0,0,0,2,BRG-6305 · Augsburg
2024-12-02,BRG-6305,Deep-groove bearing 6305,Bearings,Augsburg,BY,0,0,0,19,BRG-6305 · Augsburg
2024-12-03,BRG-6305,Deep-groove bearing 6305,Bearings,Augsburg,BY,0,0,0,15,BRG-6305 · Augsburg
2024-12-04,BRG-6305,Deep-groove bearing 6305,Bearings,Augsburg,BY,0,0,0,17,BRG-6305 · Augsburg
2024-12-05,BRG-6305,Deep-groove bearing 6305,Bearings,Augsburg,BY,0,0,0,15,BRG-6305 · Augsburg
2024-12-06,BRG-6305,Deep-groove bearing 6305,Bearings,Augsburg,BY,0,0,0,15,BRG-6305 · Augsburg
2024-12-07,BRG-6305,Deep-groove bearing 6305,Bearings,Augsburg,BY,0,0,0,1,BRG-6305 · Augsburg
2024-12-08,BRG-6305,Deep-groove bearing 6305,Bearings,Augsburg,BY,0,0,0,1,BRG-6305 · Augsburg
2024-12-09,BRG-6305,Deep-groove bearing 6305,Bearings,Augsburg,BY,0,0,0,19,BRG-6305 · Augsburg
2024-12-10,BRG-6305,Deep-groove bearing 6305,Bearings,Augsburg,BY,0,0,0,16,BRG-6305 · Augsburg
2024-12-11,BRG-6305,Deep-groove bearing 6305,Bearings,Augsburg,BY,0,0,0,20,BRG-6305 · Augsburg
2024-12-12,BRG-6305,Deep-groove bearing 6305,Bearings,Augsburg,BY,0,0,0,15,BRG-6305 · Augsburg
2024-12-13,BRG-6305,Deep-groove bearing 6305,Bearings,Augsburg,BY,0,0,0,12,BRG-6305 · Augsburg
2024-12-14,BRG-6305,Deep-groove bearing 6305,Bearings,Augsburg,BY,0,0,0,3,BRG-6305 · Augsburg
2024-12-15,BRG-6305,Deep-groove bearing 6305,Bearings,Augsburg,BY,0,0,0,1,BRG-6305 · Augsburg
2024-12-16,BRG-6305,Deep-groove bearing 6305,Bearings,Augsburg,BY,0,0,0,18,BRG-6305 · Augsburg
2024-12-17,BRG-6305,Deep-groove bearing 6305,Bearings,Augsburg,BY,0,0,0,19,BRG-6305 · Augsburg
2024-12-18,BRG-6305,Deep-groove bearing 6305,Bearings,Augsburg,BY,0,0,0,14,BRG-6305 · Augsburg
2024-12-19,BRG-6305,Deep-groove bearing 6305,Bearings,Augsburg,BY,0,0,0,15,BRG-6305 · Augsburg
2024-12-20,BRG-6305,Deep-groove bearing 6305,Bearings,Augsburg,BY,0,0,0,13,BRG-6305 · Augsburg
2024-12-21,BRG-6305,Deep-groove bearing 6305,Bearings,Augsburg,BY,0,0,0,1,BRG-6305 · Augsburg
2024-12-22,BRG-6305,Deep-groove bearing 6305,Bearings,Augsburg,BY,0,0,0,1,BRG-6305 · Augsburg
2024-12-23,BRG-6305,Deep-groove bearing 6305,Bearings,Augsburg,BY,0,0,0,20,BRG-6305 · Augsburg
2024-12-24,BRG-6305,Deep-groove bearing 6305,Bearings,Augsburg,BY,0,1,0,3,BRG-6305 · Augsburg
2024-12-25,BRG-6305,Deep-groove bearing 6305,Bearings,Augsburg,BY,1,1,0,0,BRG-6305 · Augsburg
2024-12-26,BRG-6305,Deep-groove bearing 6305,Bearings,Augsburg,BY,1,1,0,0,BRG-6305 · Augsburg
2024-12-27,BRG-6305,Deep-groove bearing 6305,Bearings,Augsburg,BY,0,1,0,4,BRG-6305 · Augsburg
2024-12-28,BRG-6305,Deep-groove bearing 6305,Bearings,Augsburg,BY,0,1,0,0,BRG-6305 · Augsburg
2024-12-29,BRG-6305,Deep-groove bearing 6305,Bearings,Augsburg,BY,0,1,0,0,BRG-6305 · Augsburg
2024-12-30,BRG-6305,Deep-groove bearing 6305,Bearings,Augsburg,BY,0,1,0,3,BRG-6305 · Augsburg
2024-12-31,BRG-6305,Deep-groove bearing 6305,Bearings,Augsburg,BY,0,1,0,2,BRG-6305 · Augsburg
2023-01-01,BRG-6305,Deep-groove bearing 6305,Bearings,Bremen,HB,1,1,0,0,BRG-6305 · Bremen
2023-01-02,BRG-6305,Deep-groove bearing 6305,Bearings,Bremen,HB,0,1,0,3,BRG-6305 · Bremen
2023-01-03,BRG-6305,Deep-groove bearing 6305,Bearings,Bremen,HB,0,0,0,15,BRG-6305 · Bremen
2023-01-04,BRG-6305,Deep-groove bearing 6305,Bearings,Bremen,HB,0,0,0,18,BRG-6305 · Bremen
2023-01-05,BRG-6305,Deep-groove bearing 6305,Bearings,Bremen,HB,0,0,0,20,BRG-6305 · Bremen
2023-01-06,BRG-6305,Deep-groove bearing 6305,Bearings,Bremen,HB,0,0,0,12,BRG-6305 · Bremen
2023-01-07,BRG-6305,Deep-groove bearing 6305,Bearings,Bremen,HB,0,0,0,3,BRG-6305 · Bremen
2023-01-08,BRG-6305,Deep-groove bearing 6305,Bearings,Bremen,HB,0,0,0,1,BRG-6305 · Bremen
2023-01-09,BRG-6305,Deep-groove bearing 6305,Bearings,Bremen,HB,0,0,0,17,BRG-6305 · Bremen
2023-01-10,BRG-6305,Deep-groove bearing 6305,Bearings,Bremen,HB,0,0,0,17,BRG-6305 · Bremen
2023-01-11,BRG-6305,Deep-groove bearing 6305,Bearings,Bremen,HB,0,0,0,16,BRG-6305 · Bremen
2023-01-12,BRG-6305,Deep-groove bearing 6305,Bearings,Bremen,HB,0,0,0,19,BRG-6305 · Bremen
2023-01-13,BRG-6305,Deep-groove bearing 6305,Bearings,Bremen,HB,0,0,0,15,BRG-6305 · Bremen
2023-01-14,BRG-6305,Deep-groove bearing 6305,Bearings,Bremen,HB,0,0,0,2,BRG-6305 · Bremen
2023-01-15,BRG-6305,Deep-groove bearing 6305,Bearings,Bremen,HB,0,0,0,1,BRG-6305 · Bremen
2023-01-16,BRG-6305,Deep-groove bearing 6305,Bearings,Bremen,HB,0,0,0,20,BRG-6305 · Bremen
2023-01-17,BRG-6305,Deep-groove bearing 6305,Bearings,Bremen,HB,0,0,0,15,BRG-6305 · Bremen
2023-01-18,BRG-6305,Deep-groove bearing 6305,Bearings,Bremen,HB,0,0,0,17,BRG-6305 · Bremen
2023-01-19,BRG-6305,Deep-groove bearing 6305,Bearings,Bremen,HB,0,0,0,23,BRG-6305 · Bremen
2023-01-20,BRG-6305,Deep-groove bearing 6305,Bearings,Bremen,HB,0,0,0,10,BRG-6305 · Bremen
2023-01-21,BRG-6305,Deep-groove bearing 6305,Bearings,Bremen,HB,0,0,0,2,BRG-6305 · Bremen
2023-01-22,BRG-6305,Deep-groove bearing 6305,Bearings,Bremen,HB,0,0,0,1,BRG-6305 · Bremen
2023-01-23,BRG-6305,Deep-groove bearing 6305,Bearings,Bremen,HB,0,0,0,17,BRG-6305 · Bremen
2023-01-24,BRG-6305,Deep-groove bearing 6305,Bearings,Bremen,HB,0,0,0,17,BRG-6305 · Bremen
2023-01-25,BRG-6305,Deep-groove bearing 6305,Bearings,Bremen,HB,0,0,0,18,BRG-6305 · Bremen
2023-01-26,BRG-6305,Deep-groove bearing 6305,Bearings,Bremen,HB,0,0,0,16,BRG-6305 · Bremen
2023-01-27,BRG-6305,Deep-groove bearing 6305,Bearings,Bremen,HB,0,0,0,16,BRG-6305 · Bremen
2023-01-28,BRG-6305,Deep-groove bearing 6305,Bearings,Bremen,HB,0,0,0,2,BRG-6305 · Bremen
2023-01-29,BRG-6305,Deep-groove bearing 6305,Bearings,Bremen,HB,0,0,0,2,BRG-6305 · Bremen
2023-01-30,BRG-6305,Deep-groove bearing 6305,Bearings,Bremen,HB,0,0,0,18,BRG-6305 · Bremen
2023-01-31,BRG-6305,Deep-groove bearing 6305,Bearings,Bremen,HB,0,0,0,20,BRG-6305 · Bremen
2023-02-01,BRG-6305,Deep-groove bearing 6305,Bearings,Bremen,HB,0,0,0,17,BRG-6305 · Bremen
2023-02-02,BRG-6305,Deep-groove bearing 6305,Bearings,Bremen,HB,0,0,0,21,BRG-6305 · Bremen
2023-02-03,BRG-6305,Deep-groove bearing 6305,Bearings,Bremen,HB,0,0,0,19,BRG-6305 · Bremen
2023-02-04,BRG-6305,Deep-groove bearing 6305,Bearings,Bremen,HB,0,0,0,3,BRG-6305 · Bremen
2023-02-05,BRG-6305,Deep-groove bearing 6305,Bearings,Bremen,HB,0,0,0,1,BRG-6305 · Bremen
2023-02-06,BRG-6305,Deep-groove bearing 6305,Bearings,Bremen,HB,0,0,0,16,BRG-6305 · Bremen
2023-02-07,BRG-6305,Deep-groove bearing 6305,Bearings,Bremen,HB,0,0,0,22,BRG-6305 · Bremen
2023-02-08,BRG-6305,Deep-groove bearing 6305,Bearings,Bremen,HB,0,0,0,16,BRG-6305 · Bremen
2023-02-09,BRG-6305,Deep-groove bearing 6305,Bearings,Bremen,HB,0,0,0,19,BRG-6305 · Bremen
2023-02-10,BRG-6305,Deep-groove bearing 6305,Bearings,Bremen,HB,0,0,0,13,BRG-6305 · Bremen
2023-02-11,BRG-6305,Deep-groove bearing 6305,Bearings,Bremen,HB,0,0,0,3,BRG-6305 · Bremen
2023-02-12,BRG-6305,Deep-groove bearing 6305,Bearings,Bremen,HB,0,0,0,1,BRG-6305 · Bremen
2023-02-13,BRG-6305,Deep-groove bearing 6305,Bearings,Bremen,HB,0,0,0,16,BRG-6305 · Bremen
2023-02-14,BRG-6305,Deep-groove bearing 6305,Bearings,Bremen,HB,0,0,0,17,BRG-6305 · Bremen
2023-02-15,BRG-6305,Deep-groove bearing 6305,Bearings,Bremen,HB,0,0,0,17,BRG-6305 · Bremen
2023-02-16,BRG-6305,Deep-groove bearing 6305,Bearings,Bremen,HB,0,0,0,18,BRG-6305 · Bremen
2023-02-17,BRG-6305,Deep-groove bearing 6305,Bearings,Bremen,HB,0,0,0,16,BRG-6305 · Bremen
2023-02-18,BRG-6305,Deep-groove bearing 6305,Bearings,Bremen,HB,0,0,0,1,BRG-6305 · Bremen
2023-02-19,BRG-6305,Deep-groove bearing 6305,Bearings,Bremen,HB,0,0,0,1,BRG-6305 · Bremen
2023-02-20,BRG-6305,Deep-groove bearing 6305,Bearings,Bremen,HB,0,0,0,17,BRG-6305 · Bremen
2023-02-21,BRG-6305,Deep-groove bearing 6305,Bearings,Bremen,HB,0,0,0,21,BRG-6305 · Bremen
2023-02-22,BRG-6305,Deep-groove bearing 6305,Bearings,Bremen,HB,0,0,0,21,BRG-6305 · Bremen
2023-02-23,BRG-6305,Deep-groove bearing 6305,Bearings,Bremen,HB,0,0,0,19,BRG-6305 · Bremen
2023-02-24,BRG-6305,Deep-groove bearing 6305,Bearings,Bremen,HB,0,0,0,18,BRG-6305 · Bremen
2023-02-25,BRG-6305,Deep-groove bearing 6305,Bearings,Bremen,HB,0,0,0,4,BRG-6305 · Bremen
2023-02-26,BRG-6305,Deep-groove bearing 6305,Bearings,Bremen,HB,0,0,0,1,BRG-6305 · Bremen
2023-02-27,BRG-6305,Deep-groove bearing 6305,Bearings,Bremen,HB,0,0,0,17,BRG-6305 · Bremen
2023-02-28,BRG-6305,Deep-groove bearing 6305,Bearings,Bremen,HB,0,0,0,21,BRG-6305 · Bremen
2023-03-01,BRG-6305,Deep-groove bearing 6305,Bearings,Bremen,HB,0,0,0,16,BRG-6305 · Bremen
2023-03-02,BRG-6305,Deep-groove bearing 6305,Bearings,Bremen,HB,0,0,0,17,BRG-6305 · Bremen
2023-03-03,BRG-6305,Deep-groove bearing 6305,Bearings,Bremen,HB,0,0,0,14,BRG-6305 · Bremen
2023-03-04,BRG-6305,Deep-groove bearing 6305,Bearings,Bremen,HB,0,0,0,2,BRG-6305 · Bremen
2023-03-05,BRG-6305,Deep-groove bearing 6305,Bearings,Bremen,HB,0,0,0,1,BRG-6305 · Bremen
2023-03-06,BRG-6305,Deep-groove bearing 6305,Bearings,Bremen,HB,0,0,0,21,BRG-6305 · Bremen
2023-03-07,BRG-6305,Deep-groove bearing 6305,Bearings,Bremen,HB,0,0,0,21,BRG-6305 · Bremen
2023-03-08,BRG-6305,Deep-groove bearing 6305,Bearings,Bremen,HB,0,0,0,20,BRG-6305 · Bremen
2023-03-09,BRG-6305,Deep-groove bearing 6305,Bearings,Bremen,HB,0,0,0,19,BRG-6305 · Bremen
2023-03-10,BRG-6305,Deep-groove bearing 6305,Bearings,Bremen,HB,0,0,0,15,BRG-6305 · Bremen
2023-03-11,BRG-6305,Deep-groove bearing 6305,Bearings,Bremen,HB,0,0,0,0,BRG-6305 · Bremen
2023-03-12,BRG-6305,Deep-groove bearing 6305,Bearings,Bremen,HB,0,0,0,2,BRG-6305 · Bremen
2023-03-13,BRG-6305,Deep-groove bearing 6305,Bearings,Bremen,HB,0,0,0,14,BRG-6305 · Bremen
2023-03-14,BRG-6305,Deep-groove bearing 6305,Bearings,Bremen,HB,0,0,0,14,BRG-6305 · Bremen
2023-03-15,BRG-6305,Deep-groove bearing 6305,Bearings,Bremen,HB,0,0,0,18,BRG-6305 · Bremen
2023-03-16,BRG-6305,Deep-groove bearing 6305,Bearings,Bremen,HB,0,0,0,18,BRG-6305 · Bremen
2023-03-17,BRG-6305,Deep-groove bearing 6305,Bearings,Bremen,HB,0,0,0,15,BRG-6305 · Bremen
2023-03-18,BRG-6305,Deep-groove bearing 6305,Bearings,Bremen,HB,0,0,0,3,BRG-6305 · Bremen
2023-03-19,BRG-6305,Deep-groove bearing 6305,Bearings,Bremen,HB,0,0,0,1,BRG-6305 · Bremen
2023-03-20,BRG-6305,Deep-groove bearing 6305,Bearings,Bremen,HB,0,0,0,17,BRG-6305 · Bremen
2023-03-21,BRG-6305,Deep-groove bearing 6305,Bearings,Bremen,HB,0,0,0,21,BRG-6305 · Bremen
2023-03-22,BRG-6305,Deep-groove bearing 6305,Bearings,Bremen,HB,0,0,0,21,BRG-6305 · Bremen
2023-03-23,BRG-6305,Deep-groove bearing 6305,Bearings,Bremen,HB,0,0,0,17,BRG-6305 · Bremen
2023-03-24,BRG-6305,Deep-groove bearing 6305,Bearings,Bremen,HB,0,0,0,14,BRG-6305 · Bremen
2023-03-25,BRG-6305,Deep-groove bearing 6305,Bearings,Bremen,HB,0,0,0,2,BRG-6305 · Bremen
2023-03-26,BRG-6305,Deep-groove bearing 6305,Bearings,Bremen,HB,0,0,0,0,BRG-6305 · Bremen
2023-03-27,BRG-6305,Deep-groove bearing 6305,Bearings,Bremen,HB,0,0,0,17,BRG-6305 · Bremen
2023-03-28,BRG-6305,Deep-groove bearing 6305,Bearings,Bremen,HB,0,0,0,14,BRG-6305 · Bremen
2023-03-29,BRG-6305,Deep-groove bearing 6305,Bearings,Bremen,HB,0,0,0,16,BRG-6305 · Bremen
2023-03-30,BRG-6305,Deep-groove bearing 6305,Bearings,Bremen,HB,0,0,0,17,BRG-6305 · Bremen
2023-03-31,BRG-6305,Deep-groove bearing 6305,Bearings,Bremen,HB,0,0,0,10,BRG-6305 · Bremen
2023-04-01,BRG-6305,Deep-groove bearing 6305,Bearings,Bremen,HB,0,0,1,1,BRG-6305 · Bremen
2023-04-02,BRG-6305,Deep-groove bearing 6305,Bearings,Bremen,HB,0,0,1,1,BRG-6305 · Bremen
2023-04-03,BRG-6305,Deep-groove bearing 6305,Bearings,Bremen,HB,0,0,1,18,BRG-6305 · Bremen
2023-04-04,BRG-6305,Deep-groove bearing 6305,Bearings,Bremen,HB,0,0,1,16,BRG-6305 · Bremen
2023-04-05,BRG-6305,Deep-groove bearing 6305,Bearings,Bremen,HB,0,0,1,16,BRG-6305 · Bremen
2023-04-06,BRG-6305,Deep-groove bearing 6305,Bearings,Bremen,HB,0,0,1,15,BRG-6305 · Bremen
2023-04-07,BRG-6305,Deep-groove bearing 6305,Bearings,Bremen,HB,1,0,1,1,BRG-6305 · Bremen
2023-04-08,BRG-6305,Deep-groove bearing 6305,Bearings,Bremen,HB,0,0,0,2,BRG-6305 · Bremen
2023-04-09,BRG-6305,Deep-groove bearing 6305,Bearings,Bremen,HB,0,0,0,1,BRG-6305 · Bremen
2023-04-10,BRG-6305,Deep-groove bearing 6305,Bearings,Bremen,HB,1,0,0,2,BRG-6305 · Bremen
2023-04-11,BRG-6305,Deep-groove bearing 6305,Bearings,Bremen,HB,0,0,0,19,BRG-6305 · Bremen
2023-04-12,BRG-6305,Deep-groove bearing 6305,Bearings,Bremen,HB,0,0,0,19,BRG-6305 · Bremen
2023-04-13,BRG-6305,Deep-groove bearing 6305,Bearings,Bremen,HB,0,0,0,19,BRG-6305 · Bremen
2023-04-14,BRG-6305,Deep-groove bearing 6305,Bearings,Bremen,HB,0,0,0,14,BRG-6305 · Bremen
2023-04-15,BRG-6305,Deep-groove bearing 6305,Bearings,Bremen,HB,0,0,0,1,BRG-6305 · Bremen
2023-04-16,BRG-6305,Deep-groove bearing 6305,Bearings,Bremen,HB,0,0,0,2,BRG-6305 · Bremen
2023-04-17,BRG-6305,Deep-groove bearing 6305,Bearings,Bremen,HB,0,0,0,19,BRG-6305 · Bremen
2023-04-18,BRG-6305,Deep-groove bearing 6305,Bearings,Bremen,HB,0,0,0,16,BRG-6305 · Bremen
2023-04-19,BRG-6305,Deep-groove bearing 6305,Bearings,Bremen,HB,0,0,0,18,BRG-6305 · Bremen
2023-04-20,BRG-6305,Deep-groove bearing 6305,Bearings,Bremen,HB,0,0,0,20,BRG-6305 · Bremen
2023-04-21,BRG-6305,Deep-groove bearing 6305,Bearings,Bremen,HB,0,0,0,18,BRG-6305 · Bremen
2023-04-22,BRG-6305,Deep-groove bearing 6305,Bearings,Bremen,HB,0,0,0,2,BRG-6305 · Bremen
2023-04-23,BRG-6305,Deep-groove bearing 6305,Bearings,Bremen,HB,0,0,0,2,BRG-6305 · Bremen
2023-04-24,BRG-6305,Deep-groove bearing 6305,Bearings,Bremen,HB,0,0,0,14,BRG-6305 · Bremen
2023-04-25,BRG-6305,Deep-groove bearing 6305,Bearings,Bremen,HB,0,0,0,15,BRG-6305 · Bremen
2023-04-26,BRG-6305,Deep-groove bearing 6305,Bearings,Bremen,HB,0,0,0,14,BRG-6305 · Bremen
2023-04-27,BRG-6305,Deep-groove bearing 6305,Bearings,Bremen,HB,0,0,0,16,BRG-6305 · Bremen
2023-04-28,BRG-6305,Deep-groove bearing 6305,Bearings,Bremen,HB,0,0,0,17,BRG-6305 · Bremen
2023-04-29,BRG-6305,Deep-groove bearing 6305,Bearings,Bremen,HB,0,0,0,2,BRG-6305 · Bremen
2023-04-30,BRG-6305,Deep-groove bearing 6305,Bearings,Bremen,HB,0,0,0,1,BRG-6305 · Bremen
2023-05-01,BRG-6305,Deep-groove bearing 6305,Bearings,Bremen,HB,1,0,0,1,BRG-6305 · Bremen
2023-05-02,BRG-6305,Deep-groove bearing 6305,Bearings,Bremen,HB,0,0,0,19,BRG-6305 · Bremen
2023-05-03,BRG-6305,Deep-groove bearing 6305,Bearings,Bremen,HB,0,0,0,16,BRG-6305 · Bremen
2023-05-04,BRG-6305,Deep-groove bearing 6305,Bearings,Bremen,HB,0,0,0,16,BRG-6305 · Bremen
2023-05-05,BRG-6305,Deep-groove bearing 6305,Bearings,Bremen,HB,0,0,0,13,BRG-6305 · Bremen
2023-05-06,BRG-6305,Deep-groove bearing 6305,Bearings,Bremen,HB,0,0,0,2,BRG-6305 · Bremen
2023-05-07,BRG-6305,Deep-groove bearing 6305,Bearings,Bremen,HB,0,0,0,1,BRG-6305 · Bremen
2023-05-08,BRG-6305,Deep-groove bearing 6305,Bearings,Bremen,HB,0,0,0,18,BRG-6305 · Bremen
2023-05-09,BRG-6305,Deep-groove bearing 6305,Bearings,Bremen,HB,0,0,0,14,BRG-6305 · Bremen
2023-05-10,BRG-6305,Deep-groove bearing 6305,Bearings,Bremen,HB,0,0,0,16,BRG-6305 · Bremen
2023-05-11,BRG-6305,Deep-groove bearing 6305,Bearings,Bremen,HB,0,0,0,15,BRG-6305 · Bremen
2023-05-12,BRG-6305,Deep-groove bearing 6305,Bearings,Bremen,HB,0,0,0,8,BRG-6305 · Bremen
2023-05-13,BRG-6305,Deep-groove bearing 6305,Bearings,Bremen,HB,0,0,0,2,BRG-6305 · Bremen
2023-05-14,BRG-6305,Deep-groove bearing 6305,Bearings,Bremen,HB,0,0,0,1,BRG-6305 · Bremen
2023-05-15,BRG-6305,Deep-groove bearing 6305,Bearings,Bremen,HB,0,0,0,18,BRG-6305 · Bremen
2023-05-16,BRG-6305,Deep-groove bearing 6305,Bearings,Bremen,HB,0,0,0,16,BRG-6305 · Bremen
2023-05-17,BRG-6305,Deep-groove bearing 6305,Bearings,Bremen,HB,0,0,0,20,BRG-6305 · Bremen
2023-05-18,BRG-6305,Deep-groove bearing 6305,Bearings,Bremen,HB,1,0,0,2,BRG-6305 · Bremen
2023-05-19,BRG-6305,Deep-groove bearing 6305,Bearings,Bremen,HB,0,0,0,15,BRG-6305 · Bremen
2023-05-20,BRG-6305,Deep-groove bearing 6305,Bearings,Bremen,HB,0,0,0,2,BRG-6305 · Bremen
2023-05-21,BRG-6305,Deep-groove bearing 6305,Bearings,Bremen,HB,0,0,0,2,BRG-6305 · Bremen
2023-05-22,BRG-6305,Deep-groove bearing 6305,Bearings,Bremen,HB,0,0,0,19,BRG-6305 · Bremen
2023-05-23,BRG-6305,Deep-groove bearing 6305,Bearings,Bremen,HB,0,0,0,17,BRG-6305 · Bremen
2023-05-24,BRG-6305,Deep-groove bearing 6305,Bearings,Bremen,HB,0,0,0,18,BRG-6305 · Bremen
2023-05-25,BRG-6305,Deep-groove bearing 6305,Bearings,Bremen,HB,0,0,0,10,BRG-6305 · Bremen
2023-05-26,BRG-6305,Deep-groove bearing 6305,Bearings,Bremen,HB,0,0,0,18,BRG-6305 · Bremen
2023-05-27,BRG-6305,Deep-groove bearing 6305,Bearings,Bremen,HB,0,0,0,3,BRG-6305 · Bremen
2023-05-28,BRG-6305,Deep-groove bearing 6305,Bearings,Bremen,HB,0,0,0,1,BRG-6305 · Bremen
2023-05-29,BRG-6305,Deep-groove bearing 6305,Bearings,Bremen,HB,1,0,0,1,BRG-6305 · Bremen
2023-05-30,BRG-6305,Deep-groove bearing 6305,Bearings,Bremen,HB,0,0,0,19,BRG-6305 · Bremen
2023-05-31,BRG-6305,Deep-groove bearing 6305,Bearings,Bremen,HB,0,0,0,13,BRG-6305 · Bremen
2023-06-01,BRG-6305,Deep-groove bearing 6305,Bearings,Bremen,HB,0,0,0,16,BRG-6305 · Bremen
2023-06-02,BRG-6305,Deep-groove bearing 6305,Bearings,Bremen,HB,0,0,0,11,BRG-6305 · Bremen
2023-06-03,BRG-6305,Deep-groove bearing 6305,Bearings,Bremen,HB,0,0,0,3,BRG-6305 · Bremen
2023-06-04,BRG-6305,Deep-groove bearing 6305,Bearings,Bremen,HB,0,0,0,0,BRG-6305 · Bremen
2023-06-05,BRG-6305,Deep-groove bearing 6305,Bearings,Bremen,HB,0,0,0,16,BRG-6305 · Bremen
2023-06-06,BRG-6305,Deep-groove bearing 6305,Bearings,Bremen,HB,0,0,0,11,BRG-6305 · Bremen
2023-06-07,BRG-6305,Deep-groove bearing 6305,Bearings,Bremen,HB,0,0,0,15,BRG-6305 · Bremen
2023-06-08,BRG-6305,Deep-groove bearing 6305,Bearings,Bremen,HB,0,0,0,14,BRG-6305 · Bremen
2023-06-09,BRG-6305,Deep-groove bearing 6305,Bearings,Bremen,HB,0,0,0,15,BRG-6305 · Bremen
2023-06-10,BRG-6305,Deep-groove bearing 6305,Bearings,Bremen,HB,0,0,0,1,BRG-6305 · Bremen
2023-06-11,BRG-6305,Deep-groove bearing 6305,Bearings,Bremen,HB,0,0,0,2,BRG-6305 · Bremen
2023-06-12,BRG-6305,Deep-groove bearing 6305,Bearings,Bremen,HB,0,0,0,13,BRG-6305 · Bremen
2023-06-13,BRG-6305,Deep-groove bearing 6305,Bearings,Bremen,HB,0,0,0,14,BRG-6305 · Bremen
2023-06-14,BRG-6305,Deep-groove bearing 6305,Bearings,Bremen,HB,0,0,0,14,BRG-6305 · Bremen
2023-06-15,BRG-6305,Deep-groove bearing 6305,Bearings,Bremen,HB,0,0,0,15,BRG-6305 · Bremen
2023-06-16,BRG-6305,Deep-groove bearing 6305,Bearings,Bremen,HB,0,0,0,14,BRG-6305 · Bremen
2023-06-17,BRG-6305,Deep-groove bearing 6305,Bearings,Bremen,HB,0,0,0,2,BRG-6305 · Bremen
2023-06-18,BRG-6305,Deep-groove bearing 6305,Bearings,Bremen,HB,0,0,0,1,BRG-6305 · Bremen
2023-06-19,BRG-6305,Deep-groove bearing 6305,Bearings,Bremen,HB,0,0,0,17,BRG-6305 · Bremen
2023-06-20,BRG-6305,Deep-groove bearing 6305,Bearings,Bremen,HB,0,0,0,13,BRG-6305 · Bremen
2023-06-21,BRG-6305,Deep-groove bearing 6305,Bearings,Bremen,HB,0,0,0,16,BRG-6305 · Bremen
2023-06-22,BRG-6305,Deep-groove bearing 6305,Bearings,Bremen,HB,0,0,0,18,BRG-6305 · Bremen
2023-06-23,BRG-6305,Deep-groove bearing 6305,Bearings,Bremen,HB,0,0,0,10,BRG-6305 · Bremen
2023-06-24,BRG-6305,Deep-groove bearing 6305,Bearings,Bremen,HB,0,0,0,4,BRG-6305 · Bremen
2023-06-25,BRG-6305,Deep-groove bearing 6305,Bearings,Bremen,HB,0,0,0,1,BRG-6305 · Bremen
2023-06-26,BRG-6305,Deep-groove bearing 6305,Bearings,Bremen,HB,0,0,0,18,BRG-6305 · Bremen
2023-06-27,BRG-6305,Deep-groove bearing 6305,Bearings,Bremen,HB,0,0,0,15,BRG-6305 · Bremen
2023-06-28,BRG-6305,Deep-groove bearing 6305,Bearings,Bremen,HB,0,0,0,15,BRG-6305 · Bremen
2023-06-29,BRG-6305,Deep-groove bearing 6305,Bearings,Bremen,HB,0,0,0,14,BRG-6305 · Bremen
2023-06-30,BRG-6305,Deep-groove bearing 6305,Bearings,Bremen,HB,0,0,0,11,BRG-6305 · Bremen
2023-07-01,BRG-6305,Deep-groove bearing 6305,Bearings,Bremen,HB,0,0,0,1,BRG-6305 · Bremen
2023-07-02,BRG-6305,Deep-groove bearing 6305,Bearings,Bremen,HB,0,0,0,0,BRG-6305 · Bremen
2023-07-03,BRG-6305,Deep-groove bearing 6305,Bearings,Bremen,HB,0,0,0,17,BRG-6305 · Bremen
2023-07-04,BRG-6305,Deep-groove bearing 6305,Bearings,Bremen,HB,0,0,0,15,BRG-6305 · Bremen
2023-07-05,BRG-6305,Deep-groove bearing 6305,Bearings,Bremen,HB,0,0,0,12,BRG-6305 · Bremen
2023-07-06,BRG-6305,Deep-groove bearing 6305,Bearings,Bremen,HB,0,0,0,15,BRG-6305 · Bremen
2023-07-07,BRG-6305,Deep-groove bearing 6305,Bearings,Bremen,HB,0,0,0,15,BRG-6305 · Bremen
2023-07-08,BRG-6305,Deep-groove bearing 6305,Bearings,Bremen,HB,0,0,0,2,BRG-6305 · Bremen
2023-07-09,BRG-6305,Deep-groove bearing 6305,Bearings,Bremen,HB,0,0,0,0,BRG-6305 · Bremen
2023-07-10,BRG-6305,Deep-groove bearing 6305,Bearings,Bremen,HB,0,0,0,8,BRG-6305 · Bremen
2023-07-11,BRG-6305,Deep-groove bearing 6305,Bearings,Bremen,HB,0,0,0,15,BRG-6305 · Bremen
2023-07-12,BRG-6305,Deep-groove bearing 6305,Bearings,Bremen,HB,0,0,0,12,BRG-6305 · Bremen
2023-07-13,BRG-6305,Deep-groove bearing 6305,Bearings,Bremen,HB,0,0,0,15,BRG-6305 · Bremen
2023-07-14,BRG-6305,Deep-groove bearing 6305,Bearings,Bremen,HB,0,0,0,13,BRG-6305 · Bremen
2023-07-15,BRG-6305,Deep-groove bearing 6305,Bearings,Bremen,HB,0,0,0,2,BRG-6305 · Bremen
2023-07-16,BRG-6305,Deep-groove bearing 6305,Bearings,Bremen,HB,0,0,0,2,BRG-6305 · Bremen
2023-07-17,BRG-6305,Deep-groove bearing 6305,Bearings,Bremen,HB,0,0,0,17,BRG-6305 · Bremen
2023-07-18,BRG-6305,Deep-groove bearing 6305,Bearings,Bremen,HB,0,0,0,17,BRG-6305 · Bremen
2023-07-19,BRG-6305,Deep-groove bearing 6305,Bearings,Bremen,HB,0,0,0,16,BRG-6305 · Bremen
2023-07-20,BRG-6305,Deep-groove bearing 6305,Bearings,Bremen,HB,0,0,0,15,BRG-6305 · Bremen
2023-07-21,BRG-6305,Deep-groove bearing 6305,Bearings,Bremen,HB,0,0,0,12,BRG-6305 · Bremen
2023-07-22,BRG-6305,Deep-groove bearing 6305,Bearings,Bremen,HB,0,0,0,1,BRG-6305 · Bremen
2023-07-23,BRG-6305,Deep-groove bearing 6305,Bearings,Bremen,HB,0,0,0,2,BRG-6305 · Bremen
2023-07-24,BRG-6305,Deep-groove bearing 6305,Bearings,Bremen,HB,0,0,0,15,BRG-6305 · Bremen
2023-07-25,BRG-6305,Deep-groove bearing 6305,Bearings,Bremen,HB,0,0,0,17,BRG-6305 · Bremen
2023-07-26,BRG-6305,Deep-groove bearing 6305,Bearings,Bremen,HB,0,0,0,13,BRG-6305 · Bremen
2023-07-27,BRG-6305,Deep-groove bearing 6305,Bearings,Bremen,HB,0,0,0,15,BRG-6305 · Bremen
2023-07-28,BRG-6305,Deep-groove bearing 6305,Bearings,Bremen,HB,0,0,0,8,BRG-6305 · Bremen
2023-07-29,BRG-6305,Deep-groove bearing 6305,Bearings,Bremen,HB,0,0,0,1,BRG-6305 · Bremen
2023-07-30,BRG-6305,Deep-groove bearing 6305,Bearings,Bremen,HB,0,0,0,1,BRG-6305 · Bremen
2023-07-31,BRG-6305,Deep-groove bearing 6305,Bearings,Bremen,HB,0,0,0,15,BRG-6305 · Bremen
2023-08-01,BRG-6305,Deep-groove bearing 6305,Bearings,Bremen,HB,0,0,0,16,BRG-6305 · Bremen
2023-08-02,BRG-6305,Deep-groove bearing 6305,Bearings,Bremen,HB,0,0,0,11,BRG-6305 · Bremen
2023-08-03,BRG-6305,Deep-groove bearing 6305,Bearings,Bremen,HB,0,0,0,14,BRG-6305 · Bremen
2023-08-04,BRG-6305,Deep-groove bearing 6305,Bearings,Bremen,HB,0,0,0,15,BRG-6305 · Bremen
2023-08-05,BRG-6305,Deep-groove bearing 6305,Bearings,Bremen,HB,0,0,0,3,BRG-6305 · Bremen
2023-08-06,BRG-6305,Deep-groove bearing 6305,Bearings,Bremen,HB,0,0,0,1,BRG-6305 · Bremen
2023-08-07,BRG-6305,Deep-groove bearing 6305,Bearings,Bremen,HB,0,1,0,2,BRG-6305 · Bremen
2023-08-08,BRG-6305,Deep-groove bearing 6305,Bearings,Bremen,HB,0,1,0,2,BRG-6305 · Bremen
2023-08-09,BRG-6305,Deep-groove bearing 6305,Bearings,Bremen,HB,0,1,0,4,BRG-6305 · Bremen
2023-08-10,BRG-6305,Deep-groove bearing 6305,Bearings,Bremen,HB,0,1,0,3,BRG-6305 · Bremen
2023-08-11,BRG-6305,Deep-groove bearing 6305,Bearings,Bremen,HB,0,1,0,2,BRG-6305 · Bremen
2023-08-12,BRG-6305,Deep-groove bearing 6305,Bearings,Bremen,HB,0,1,0,0,BRG-6305 · Bremen
2023-08-13,BRG-6305,Deep-groove bearing 6305,Bearings,Bremen,HB,0,1,0,0,BRG-6305 · Bremen
2023-08-14,BRG-6305,Deep-groove bearing 6305,Bearings,Bremen,HB,0,1,0,3,BRG-6305 · Bremen
2023-08-15,BRG-6305,Deep-groove bearing 6305,Bearings,Bremen,HB,0,1,0,3,BRG-6305 · Bremen
2023-08-16,BRG-6305,Deep-groove bearing 6305,Bearings,Bremen,HB,0,1,0,1,BRG-6305 · Bremen
2023-08-17,BRG-6305,Deep-groove bearing 6305,Bearings,Bremen,HB,0,1,0,3,BRG-6305 · Bremen
2023-08-18,BRG-6305,Deep-groove bearing 6305,Bearings,Bremen,HB,0,1,0,1,BRG-6305 · Bremen
2023-08-19,BRG-6305,Deep-groove bearing 6305,Bearings,Bremen,HB,0,1,0,1,BRG-6305 · Bremen
2023-08-20,BRG-6305,Deep-groove bearing 6305,Bearings,Bremen,HB,0,1,0,0,BRG-6305 · Bremen
2023-08-21,BRG-6305,Deep-groove bearing 6305,Bearings,Bremen,HB,0,0,0,14,BRG-6305 · Bremen
2023-08-22,BRG-6305,Deep-groove bearing 6305,Bearings,Bremen,HB,0,0,0,16,BRG-6305 · Bremen
2023-08-23,BRG-6305,Deep-groove bearing 6305,Bearings,Bremen,HB,0,0,0,14,BRG-6305 · Bremen
2023-08-24,BRG-6305,Deep-groove bearing 6305,Bearings,Bremen,HB,0,0,0,16,BRG-6305 · Bremen
2023-08-25,BRG-6305,Deep-groove bearing 6305,Bearings,Bremen,HB,0,0,0,12,BRG-6305 · Bremen
2023-08-26,BRG-6305,Deep-groove bearing 6305,Bearings,Bremen,HB,0,0,0,2,BRG-6305 · Bremen
2023-08-27,BRG-6305,Deep-groove bearing 6305,Bearings,Bremen,HB,0,0,0,1,BRG-6305 · Bremen
2023-08-28,BRG-6305,Deep-groove bearing 6305,Bearings,Bremen,HB,0,0,0,14,BRG-6305 · Bremen
2023-08-29,BRG-6305,Deep-groove bearing 6305,Bearings,Bremen,HB,0,0,0,17,BRG-6305 · Bremen
2023-08-30,BRG-6305,Deep-groove bearing 6305,Bearings,Bremen,HB,0,0,0,13,BRG-6305 · Bremen
2023-08-31,BRG-6305,Deep-groove bearing 6305,Bearings,Bremen,HB,0,0,0,15,BRG-6305 · Bremen
2023-09-01,BRG-6305,Deep-groove bearing 6305,Bearings,Bremen,HB,0,0,0,10,BRG-6305 · Bremen
2023-09-02,BRG-6305,Deep-groove bearing 6305,Bearings,Bremen,HB,0,0,0,0,BRG-6305 · Bremen
2023-09-03,BRG-6305,Deep-groove bearing 6305,Bearings,Bremen,HB,0,0,0,1,BRG-6305 · Bremen
2023-09-04,BRG-6305,Deep-groove bearing 6305,Bearings,Bremen,HB,0,0,0,14,BRG-6305 · Bremen
2023-09-05,BRG-6305,Deep-groove bearing 6305,Bearings,Bremen,HB,0,0,0,13,BRG-6305 · Bremen
2023-09-06,BRG-6305,Deep-groove bearing 6305,Bearings,Bremen,HB,0,0,0,10,BRG-6305 · Bremen
2023-09-07,BRG-6305,Deep-groove bearing 6305,Bearings,Bremen,HB,0,0,0,12,BRG-6305 · Bremen
2023-09-08,BRG-6305,Deep-groove bearing 6305,Bearings,Bremen,HB,0,0,0,11,BRG-6305 · Bremen
2023-09-09,BRG-6305,Deep-groove bearing 6305,Bearings,Bremen,HB,0,0,0,1,BRG-6305 · Bremen
2023-09-10,BRG-6305,Deep-groove bearing 6305,Bearings,Bremen,HB,0,0,0,0,BRG-6305 · Bremen
2023-09-11,BRG-6305,Deep-groove bearing 6305,Bearings,Bremen,HB,0,0,0,13,BRG-6305 · Bremen
2023-09-12,BRG-6305,Deep-groove bearing 6305,Bearings,Bremen,HB,0,0,0,14,BRG-6305 · Bremen
2023-09-13,BRG-6305,Deep-groove bearing 6305,Bearings,Bremen,HB,0,0,0,14,BRG-6305 · Bremen
2023-09-14,BRG-6305,Deep-groove bearing 6305,Bearings,Bremen,HB,0,0,0,11,BRG-6305 · Bremen
2023-09-15,BRG-6305,Deep-groove bearing 6305,Bearings,Bremen,HB,0,0,0,12,BRG-6305 · Bremen
2023-09-16,BRG-6305,Deep-groove bearing 6305,Bearings,Bremen,HB,0,0,0,2,BRG-6305 · Bremen
2023-09-17,BRG-6305,Deep-groove bearing 6305,Bearings,Bremen,HB,0,0,0,0,BRG-6305 · Bremen
2023-09-18,BRG-6305,Deep-groove bearing 6305,Bearings,Bremen,HB,0,0,0,14,BRG-6305 · Bremen
2023-09-19,BRG-6305,Deep-groove bearing 6305,Bearings,Bremen,HB,0,0,0,17,BRG-6305 · Bremen
2023-09-20,BRG-6305,Deep-groove bearing 6305,Bearings,Bremen,HB,0,0,0,12,BRG-6305 · Bremen
2023-09-21,BRG-6305,Deep-groove bearing 6305,Bearings,Bremen,HB,0,0,0,16,BRG-6305 · Bremen
2023-09-22,BRG-6305,Deep-groove bearing 6305,Bearings,Bremen,HB,0,0,0,16,BRG-6305 · Bremen
2023-09-23,BRG-6305,Deep-groove bearing 6305,Bearings,Bremen,HB,0,0,0,1,BRG-6305 · Bremen
2023-09-24,BRG-6305,Deep-groove bearing 6305,Bearings,Bremen,HB,0,0,0,1,BRG-6305 · Bremen
2023-09-25,BRG-6305,Deep-groove bearing 6305,Bearings,Bremen,HB,0,0,0,16,BRG-6305 · Bremen
2023-09-26,BRG-6305,Deep-groove bearing 6305,Bearings,Bremen,HB,0,0,0,13,BRG-6305 · Bremen
2023-09-27,BRG-6305,Deep-groove bearing 6305,Bearings,Bremen,HB,0,0,0,8,BRG-6305 · Bremen
2023-09-28,BRG-6305,Deep-groove bearing 6305,Bearings,Bremen,HB,0,0,0,13,BRG-6305 · Bremen
2023-09-29,BRG-6305,Deep-groove bearing 6305,Bearings,Bremen,HB,0,0,0,13,BRG-6305 · Bremen
2023-09-30,BRG-6305,Deep-groove bearing 6305,Bearings,Bremen,HB,0,0,0,2,BRG-6305 · Bremen
2023-10-01,BRG-6305,Deep-groove bearing 6305,Bearings,Bremen,HB,0,0,1,0,BRG-6305 · Bremen
2023-10-02,BRG-6305,Deep-groove bearing 6305,Bearings,Bremen,HB,0,0,1,14,BRG-6305 · Bremen
2023-10-03,BRG-6305,Deep-groove bearing 6305,Bearings,Bremen,HB,1,0,1,2,BRG-6305 · Bremen
2023-10-04,BRG-6305,Deep-groove bearing 6305,Bearings,Bremen,HB,0,0,1,14,BRG-6305 · Bremen
2023-10-05,BRG-6305,Deep-groove bearing 6305,Bearings,Bremen,HB,0,0,1,11,BRG-6305 · Bremen
2023-10-06,BRG-6305,Deep-groove bearing 6305,Bearings,Bremen,HB,0,0,1,15,BRG-6305 · Bremen
2023-10-07,BRG-6305,Deep-groove bearing 6305,Bearings,Bremen,HB,0,0,1,2,BRG-6305 · Bremen
2023-10-08,BRG-6305,Deep-groove bearing 6305,Bearings,Bremen,HB,0,0,0,2,BRG-6305 · Bremen
2023-10-09,BRG-6305,Deep-groove bearing 6305,Bearings,Bremen,HB,0,0,0,22,BRG-6305 · Bremen
2023-10-10,BRG-6305,Deep-groove bearing 6305,Bearings,Bremen,HB,0,0,0,14,BRG-6305 · Bremen
2023-10-11,BRG-6305,Deep-groove bearing 6305,Bearings,Bremen,HB,0,0,0,15,BRG-6305 · Bremen
2023-10-12,BRG-6305,Deep-groove bearing 6305,Bearings,Bremen,HB,0,0,0,13,BRG-6305 · Bremen
2023-10-13,BRG-6305,Deep-groove bearing 6305,Bearings,Bremen,HB,0,0,0,9,BRG-6305 · Bremen
2023-10-14,BRG-6305,Deep-groove bearing 6305,Bearings,Bremen,HB,0,0,0,0,BRG-6305 · Bremen
2023-10-15,BRG-6305,Deep-groove bearing 6305,Bearings,Bremen,HB,0,0,0,2,BRG-6305 · Bremen
2023-10-16,BRG-6305,Deep-groove bearing 6305,Bearings,Bremen,HB,0,0,0,15,BRG-6305 · Bremen
2023-10-17,BRG-6305,Deep-groove bearing 6305,Bearings,Bremen,HB,0,0,0,17,BRG-6305 · Bremen
2023-10-18,BRG-6305,Deep-groove bearing 6305,Bearings,Bremen,HB,0,0,0,16,BRG-6305 · Bremen
2023-10-19,BRG-6305,Deep-groove bearing 6305,Bearings,Bremen,HB,0,0,0,15,BRG-6305 · Bremen
2023-10-20,BRG-6305,Deep-groove bearing 6305,Bearings,Bremen,HB,0,0,0,12,BRG-6305 · Bremen
2023-10-21,BRG-6305,Deep-groove bearing 6305,Bearings,Bremen,HB,0,0,0,2,BRG-6305 · Bremen
2023-10-22,BRG-6305,Deep-groove bearing 6305,Bearings,Bremen,HB,0,0,0,2,BRG-6305 · Bremen
2023-10-23,BRG-6305,Deep-groove bearing 6305,Bearings,Bremen,HB,0,0,0,16,BRG-6305 · Bremen
2023-10-24,BRG-6305,Deep-groove bearing 6305,Bearings,Bremen,HB,0,0,0,19,BRG-6305 · Bremen
2023-10-25,BRG-6305,Deep-groove bearing 6305,Bearings,Bremen,HB,0,0,0,12,BRG-6305 · Bremen
2023-10-26,BRG-6305,Deep-groove bearing 6305,Bearings,Bremen,HB,0,0,0,12,BRG-6305 · Bremen
2023-10-27,BRG-6305,Deep-groove bearing 6305,Bearings,Bremen,HB,0,0,0,16,BRG-6305 · Bremen
2023-10-28,BRG-6305,Deep-groove bearing 6305,Bearings,Bremen,HB,0,0,0,1,BRG-6305 · Bremen
2023-10-29,BRG-6305,Deep-groove bearing 6305,Bearings,Bremen,HB,0,0,0,2,BRG-6305 · Bremen
2023-10-30,BRG-6305,Deep-groove bearing 6305,Bearings,Bremen,HB,0,0,0,20,BRG-6305 · Bremen
2023-10-31,BRG-6305,Deep-groove bearing 6305,Bearings,Bremen,HB,1,0,0,3,BRG-6305 · Bremen
2023-11-01,BRG-6305,Deep-groove bearing 6305,Bearings,Bremen,HB,0,0,0,17,BRG-6305 · Bremen
2023-11-02,BRG-6305,Deep-groove bearing 6305,Bearings,Bremen,HB,0,0,0,12,BRG-6305 · Bremen
2023-11-03,BRG-6305,Deep-groove bearing 6305,Bearings,Bremen,HB,0,0,0,9,BRG-6305 · Bremen
2023-11-04,BRG-6305,Deep-groove bearing 6305,Bearings,Bremen,HB,0,0,0,3,BRG-6305 · Bremen
2023-11-05,BRG-6305,Deep-groove bearing 6305,Bearings,Bremen,HB,0,0,0,0,BRG-6305 · Bremen
2023-11-06,BRG-6305,Deep-groove bearing 6305,Bearings,Bremen,HB,0,0,0,17,BRG-6305 · Bremen
2023-11-07,BRG-6305,Deep-groove bearing 6305,Bearings,Bremen,HB,0,0,0,15,BRG-6305 · Bremen
2023-11-08,BRG-6305,Deep-groove bearing 6305,Bearings,Bremen,HB,0,0,0,14,BRG-6305 · Bremen
2023-11-09,BRG-6305,Deep-groove bearing 6305,Bearings,Bremen,HB,0,0,0,14,BRG-6305 · Bremen
2023-11-10,BRG-6305,Deep-groove bearing 6305,Bearings,Bremen,HB,0,0,0,12,BRG-6305 · Bremen
2023-11-11,BRG-6305,Deep-groove bearing 6305,Bearings,Bremen,HB,0,0,0,1,BRG-6305 · Bremen
2023-11-12,BRG-6305,Deep-groove bearing 6305,Bearings,Bremen,HB,0,0,0,2,BRG-6305 · Bremen
2023-11-13,BRG-6305,Deep-groove bearing 6305,Bearings,Bremen,HB,0,0,0,18,BRG-6305 · Bremen
2023-11-14,BRG-6305,Deep-groove bearing 6305,Bearings,Bremen,HB,0,0,0,15,BRG-6305 · Bremen
2023-11-15,BRG-6305,Deep-groove bearing 6305,Bearings,Bremen,HB,0,0,0,13,BRG-6305 · Bremen
2023-11-16,BRG-6305,Deep-groove bearing 6305,Bearings,Bremen,HB,0,0,0,16,BRG-6305 · Bremen
2023-11-17,BRG-6305,Deep-groove bearing 6305,Bearings,Bremen,HB,0,0,0,8,BRG-6305 · Bremen
2023-11-18,BRG-6305,Deep-groove bearing 6305,Bearings,Bremen,HB,0,0,0,2,BRG-6305 · Bremen
2023-11-19,BRG-6305,Deep-groove bearing 6305,Bearings,Bremen,HB,0,0,0,1,BRG-6305 · Bremen
2023-11-20,BRG-6305,Deep-groove bearing 6305,Bearings,Bremen,HB,0,0,0,12,BRG-6305 · Bremen
2023-11-21,BRG-6305,Deep-groove bearing 6305,Bearings,Bremen,HB,0,0,0,15,BRG-6305 · Bremen
2023-11-22,BRG-6305,Deep-groove bearing 6305,Bearings,Bremen,HB,0,0,0,13,BRG-6305 · Bremen
2023-11-23,BRG-6305,Deep-groove bearing 6305,Bearings,Bremen,HB,0,0,0,20,BRG-6305 · Bremen
2023-11-24,BRG-6305,Deep-groove bearing 6305,Bearings,Bremen,HB,0,0,0,14,BRG-6305 · Bremen
2023-11-25,BRG-6305,Deep-groove bearing 6305,Bearings,Bremen,HB,0,0,0,1,BRG-6305 · Bremen
2023-11-26,BRG-6305,Deep-groove bearing 6305,Bearings,Bremen,HB,0,0,0,1,BRG-6305 · Bremen
2023-11-27,BRG-6305,Deep-groove bearing 6305,Bearings,Bremen,HB,0,0,0,11,BRG-6305 · Bremen
2023-11-28,BRG-6305,Deep-groove bearing 6305,Bearings,Bremen,HB,0,0,0,15,BRG-6305 · Bremen
2023-11-29,BRG-6305,Deep-groove bearing 6305,Bearings,Bremen,HB,0,0,0,14,BRG-6305 · Bremen
2023-11-30,BRG-6305,Deep-groove bearing 6305,Bearings,Bremen,HB,0,0,0,13,BRG-6305 · Bremen
2023-12-01,BRG-6305,Deep-groove bearing 6305,Bearings,Bremen,HB,0,0,0,13,BRG-6305 · Bremen
2023-12-02,BRG-6305,Deep-groove bearing 6305,Bearings,Bremen,HB,0,0,0,2,BRG-6305 · Bremen
2023-12-03,BRG-6305,Deep-groove bearing 6305,Bearings,Bremen,HB,0,0,0,2,BRG-6305 · Bremen
2023-12-04,BRG-6305,Deep-groove bearing 6305,Bearings,Bremen,HB,0,0,0,16,BRG-6305 · Bremen
2023-12-05,BRG-6305,Deep-groove bearing 6305,Bearings,Bremen,HB,0,0,0,15,BRG-6305 · Bremen
2023-12-06,BRG-6305,Deep-groove bearing 6305,Bearings,Bremen,HB,0,0,0,14,BRG-6305 · Bremen
2023-12-07,BRG-6305,Deep-groove bearing 6305,Bearings,Bremen,HB,0,0,0,12,BRG-6305 · Bremen
2023-12-08,BRG-6305,Deep-groove bearing 6305,Bearings,Bremen,HB,0,0,0,11,BRG-6305 · Bremen
2023-12-09,BRG-6305,Deep-groove bearing 6305,Bearings,Bremen,HB,0,0,0,2,BRG-6305 · Bremen
2023-12-10,BRG-6305,Deep-groove bearing 6305,Bearings,Bremen,HB,0,0,0,1,BRG-6305 · Bremen
2023-12-11,BRG-6305,Deep-groove bearing 6305,Bearings,Bremen,HB,0,0,0,17,BRG-6305 · Bremen
2023-12-12,BRG-6305,Deep-groove bearing 6305,Bearings,Bremen,HB,0,0,0,14,BRG-6305 · Bremen
2023-12-13,BRG-6305,Deep-groove bearing 6305,Bearings,Bremen,HB,0,0,0,14,BRG-6305 · Bremen
2023-12-14,BRG-6305,Deep-groove bearing 6305,Bearings,Bremen,HB,0,0,0,11,BRG-6305 · Bremen
2023-12-15,BRG-6305,Deep-groove bearing 6305,Bearings,Bremen,HB,0,0,0,14,BRG-6305 · Bremen
2023-12-16,BRG-6305,Deep-groove bearing 6305,Bearings,Bremen,HB,0,0,0,1,BRG-6305 · Bremen
2023-12-17,BRG-6305,Deep-groove bearing 6305,Bearings,Bremen,HB,0,0,0,0,BRG-6305 · Bremen
2023-12-18,BRG-6305,Deep-groove bearing 6305,Bearings,Bremen,HB,0,0,0,19,BRG-6305 · Bremen
2023-12-19,BRG-6305,Deep-groove bearing 6305,Bearings,Bremen,HB,0,0,0,16,BRG-6305 · Bremen
2023-12-20,BRG-6305,Deep-groove bearing 6305,Bearings,Bremen,HB,0,0,0,16,BRG-6305 · Bremen
2023-12-21,BRG-6305,Deep-groove bearing 6305,Bearings,Bremen,HB,0,0,0,15,BRG-6305 · Bremen
2023-12-22,BRG-6305,Deep-groove bearing 6305,Bearings,Bremen,HB,0,0,0,12,BRG-6305 · Bremen
2023-12-23,BRG-6305,Deep-groove bearing 6305,Bearings,Bremen,HB,0,0,0,1,BRG-6305 · Bremen
2023-12-24,BRG-6305,Deep-groove bearing 6305,Bearings,Bremen,HB,0,1,0,1,BRG-6305 · Bremen
2023-12-25,BRG-6305,Deep-groove bearing 6305,Bearings,Bremen,HB,1,1,0,1,BRG-6305 · Bremen
2023-12-26,BRG-6305,Deep-groove bearing 6305,Bearings,Bremen,HB,1,1,0,0,BRG-6305 · Bremen
2023-12-27,BRG-6305,Deep-groove bearing 6305,Bearings,Bremen,HB,0,1,0,5,BRG-6305 · Bremen
2023-12-28,BRG-6305,Deep-groove bearing 6305,Bearings,Bremen,HB,0,1,0,2,BRG-6305 · Bremen
2023-12-29,BRG-6305,Deep-groove bearing 6305,Bearings,Bremen,HB,0,1,0,1,BRG-6305 · Bremen
2023-12-30,BRG-6305,Deep-groove bearing 6305,Bearings,Bremen,HB,0,1,0,0,BRG-6305 · Bremen
2023-12-31,BRG-6305,Deep-groove bearing 6305,Bearings,Bremen,HB,0,1,0,0,BRG-6305 · Bremen
2024-01-01,BRG-6305,Deep-groove bearing 6305,Bearings,Bremen,HB,1,1,0,0,BRG-6305 · Bremen
2024-01-02,BRG-6305,Deep-groove bearing 6305,Bearings,Bremen,HB,0,1,0,3,BRG-6305 · Bremen
2024-01-03,BRG-6305,Deep-groove bearing 6305,Bearings,Bremen,HB,0,0,0,17,BRG-6305 · Bremen
2024-01-04,BRG-6305,Deep-groove bearing 6305,Bearings,Bremen,HB,0,0,0,15,BRG-6305 · Bremen
2024-01-05,BRG-6305,Deep-groove bearing 6305,Bearings,Bremen,HB,0,0,0,15,BRG-6305 · Bremen
2024-01-06,BRG-6305,Deep-groove bearing 6305,Bearings,Bremen,HB,0,0,0,2,BRG-6305 · Bremen
2024-01-07,BRG-6305,Deep-groove bearing 6305,Bearings,Bremen,HB,0,0,0,1,BRG-6305 · Bremen
2024-01-08,BRG-6305,Deep-groove bearing 6305,Bearings,Bremen,HB,0,0,0,15,BRG-6305 · Bremen
2024-01-09,BRG-6305,Deep-groove bearing 6305,Bearings,Bremen,HB,0,0,0,19,BRG-6305 · Bremen
2024-01-10,BRG-6305,Deep-groove bearing 6305,Bearings,Bremen,HB,0,0,0,12,BRG-6305 · Bremen
2024-01-11,BRG-6305,Deep-groove bearing 6305,Bearings,Bremen,HB,0,0,0,15,BRG-6305 · Bremen
2024-01-12,BRG-6305,Deep-groove bearing 6305,Bearings,Bremen,HB,0,0,0,13,BRG-6305 · Bremen
2024-01-13,BRG-6305,Deep-groove bearing 6305,Bearings,Bremen,HB,0,0,0,2,BRG-6305 · Bremen
2024-01-14,BRG-6305,Deep-groove bearing 6305,Bearings,Bremen,HB,0,0,0,1,BRG-6305 · Bremen
2024-01-15,BRG-6305,Deep-groove bearing 6305,Bearings,Bremen,HB,0,0,0,16,BRG-6305 · Bremen
2024-01-16,BRG-6305,Deep-groove bearing 6305,Bearings,Bremen,HB,0,0,0,15,BRG-6305 · Bremen
2024-01-17,BRG-6305,Deep-groove bearing 6305,Bearings,Bremen,HB,0,0,0,18,BRG-6305 · Bremen
2024-01-18,BRG-6305,Deep-groove bearing 6305,Bearings,Bremen,HB,0,0,0,14,BRG-6305 · Bremen
2024-01-19,BRG-6305,Deep-groove bearing 6305,Bearings,Bremen,HB,0,0,0,17,BRG-6305 · Bremen
2024-01-20,BRG-6305,Deep-groove bearing 6305,Bearings,Bremen,HB,0,0,0,2,BRG-6305 · Bremen
2024-01-21,BRG-6305,Deep-groove bearing 6305,Bearings,Bremen,HB,0,0,0,1,BRG-6305 · Bremen
2024-01-22,BRG-6305,Deep-groove bearing 6305,Bearings,Bremen,HB,0,0,0,15,BRG-6305 · Bremen
2024-01-23,BRG-6305,Deep-groove bearing 6305,Bearings,Bremen,HB,0,0,0,16,BRG-6305 · Bremen
2024-01-24,BRG-6305,Deep-groove bearing 6305,Bearings,Bremen,HB,0,0,0,13,BRG-6305 · Bremen
2024-01-25,BRG-6305,Deep-groove bearing 6305,Bearings,Bremen,HB,0,0,0,15,BRG-6305 · Bremen
2024-01-26,BRG-6305,Deep-groove bearing 6305,Bearings,Bremen,HB,0,0,0,13,BRG-6305 · Bremen
2024-01-27,BRG-6305,Deep-groove bearing 6305,Bearings,Bremen,HB,0,0,0,2,BRG-6305 · Bremen
2024-01-28,BRG-6305,Deep-groove bearing 6305,Bearings,Bremen,HB,0,0,0,1,BRG-6305 · Bremen
2024-01-29,BRG-6305,Deep-groove bearing 6305,Bearings,Bremen,HB,0,0,0,17,BRG-6305 · Bremen
2024-01-30,BRG-6305,Deep-groove bearing 6305,Bearings,Bremen,HB,0,0,0,17,BRG-6305 · Bremen
2024-01-31,BRG-6305,Deep-groove bearing 6305,Bearings,Bremen,HB,0,0,0,20,BRG-6305 · Bremen
2024-02-01,BRG-6305,Deep-groove bearing 6305,Bearings,Bremen,HB,0,0,0,16,BRG-6305 · Bremen
2024-02-02,BRG-6305,Deep-groove bearing 6305,Bearings,Bremen,HB,0,0,0,19,BRG-6305 · Bremen
2024-02-03,BRG-6305,Deep-groove bearing 6305,Bearings,Bremen,HB,0,0,0,2,BRG-6305 · Bremen
2024-02-04,BRG-6305,Deep-groove bearing 6305,Bearings,Bremen,HB,0,0,0,2,BRG-6305 · Bremen
2024-02-05,BRG-6305,Deep-groove bearing 6305,Bearings,Bremen,HB,0,0,0,14,BRG-6305 · Bremen
2024-02-06,BRG-6305,Deep-groove bearing 6305,Bearings,Bremen,HB,0,0,0,19,BRG-6305 · Bremen
2024-02-07,BRG-6305,Deep-groove bearing 6305,Bearings,Bremen,HB,0,0,0,14,BRG-6305 · Bremen
2024-02-08,BRG-6305,Deep-groove bearing 6305,Bearings,Bremen,HB,0,0,0,16,BRG-6305 · Bremen
2024-02-09,BRG-6305,Deep-groove bearing 6305,Bearings,Bremen,HB,0,0,0,13,BRG-6305 · Bremen
2024-02-10,BRG-6305,Deep-groove bearing 6305,Bearings,Bremen,HB,0,0,0,2,BRG-6305 · Bremen
2024-02-11,BRG-6305,Deep-groove bearing 6305,Bearings,Bremen,HB,0,0,0,1,BRG-6305 · Bremen
2024-02-12,BRG-6305,Deep-groove bearing 6305,Bearings,Bremen,HB,0,0,0,15,BRG-6305 · Bremen
2024-02-13,BRG-6305,Deep-groove bearing 6305,Bearings,Bremen,HB,0,0,0,15,BRG-6305 · Bremen
2024-02-14,BRG-6305,Deep-groove bearing 6305,Bearings,Bremen,HB,0,0,0,18,BRG-6305 · Bremen
2024-02-15,BRG-6305,Deep-groove bearing 6305,Bearings,Bremen,HB,0,0,0,16,BRG-6305 · Bremen
2024-02-16,BRG-6305,Deep-groove bearing 6305,Bearings,Bremen,HB,0,0,0,11,BRG-6305 · Bremen
2024-02-17,BRG-6305,Deep-groove bearing 6305,Bearings,Bremen,HB,0,0,0,3,BRG-6305 · Bremen
2024-02-18,BRG-6305,Deep-groove bearing 6305,Bearings,Bremen,HB,0,0,0,1,BRG-6305 · Bremen
2024-02-19,BRG-6305,Deep-groove bearing 6305,Bearings,Bremen,HB,0,0,0,17,BRG-6305 · Bremen
2024-02-20,BRG-6305,Deep-groove bearing 6305,Bearings,Bremen,HB,0,0,0,16,BRG-6305 · Bremen
2024-02-21,BRG-6305,Deep-groove bearing 6305,Bearings,Bremen,HB,0,0,0,17,BRG-6305 · Bremen
2024-02-22,BRG-6305,Deep-groove bearing 6305,Bearings,Bremen,HB,0,0,0,19,BRG-6305 · Bremen
2024-02-23,BRG-6305,Deep-groove bearing 6305,Bearings,Bremen,HB,0,0,0,11,BRG-6305 · Bremen
2024-02-24,BRG-6305,Deep-groove bearing 6305,Bearings,Bremen,HB,0,0,0,2,BRG-6305 · Bremen
2024-02-25,BRG-6305,Deep-groove bearing 6305,Bearings,Bremen,HB,0,0,0,2,BRG-6305 · Bremen
2024-02-26,BRG-6305,Deep-groove bearing 6305,Bearings,Bremen,HB,0,0,0,15,BRG-6305 · Bremen
2024-02-27,BRG-6305,Deep-groove bearing 6305,Bearings,Bremen,HB,0,0,0,14,BRG-6305 · Bremen
2024-02-28,BRG-6305,Deep-groove bearing 6305,Bearings,Bremen,HB,0,0,0,15,BRG-6305 · Bremen
2024-02-29,BRG-6305,Deep-groove bearing 6305,Bearings,Bremen,HB,0,0,0,16,BRG-6305 · Bremen
2024-03-01,BRG-6305,Deep-groove bearing 6305,Bearings,Bremen,HB,0,0,0,11,BRG-6305 · Bremen
2024-03-02,BRG-6305,Deep-groove bearing 6305,Bearings,Bremen,HB,0,0,0,2,BRG-6305 · Bremen
2024-03-03,BRG-6305,Deep-groove bearing 6305,Bearings,Bremen,HB,0,0,0,0,BRG-6305 · Bremen
2024-03-04,BRG-6305,Deep-groove bearing 6305,Bearings,Bremen,HB,0,0,0,20,BRG-6305 · Bremen
2024-03-05,BRG-6305,Deep-groove bearing 6305,Bearings,Bremen,HB,0,0,0,18,BRG-6305 · Bremen
2024-03-06,BRG-6305,Deep-groove bearing 6305,Bearings,Bremen,HB,0,0,0,21,BRG-6305 · Bremen
2024-03-07,BRG-6305,Deep-groove bearing 6305,Bearings,Bremen,HB,0,0,0,18,BRG-6305 · Bremen
2024-03-08,BRG-6305,Deep-groove bearing 6305,Bearings,Bremen,HB,0,0,0,14,BRG-6305 · Bremen
2024-03-09,BRG-6305,Deep-groove bearing 6305,Bearings,Bremen,HB,0,0,0,1,BRG-6305 · Bremen
2024-03-10,BRG-6305,Deep-groove bearing 6305,Bearings,Bremen,HB,0,0,0,1,BRG-6305 · Bremen
2024-03-11,BRG-6305,Deep-groove bearing 6305,Bearings,Bremen,HB,0,0,0,17,BRG-6305 · Bremen
2024-03-12,BRG-6305,Deep-groove bearing 6305,Bearings,Bremen,HB,0,0,0,19,BRG-6305 · Bremen
2024-03-13,BRG-6305,Deep-groove bearing 6305,Bearings,Bremen,HB,0,0,0,13,BRG-6305 · Bremen
2024-03-14,BRG-6305,Deep-groove bearing 6305,Bearings,Bremen,HB,0,0,0,20,BRG-6305 · Bremen
2024-03-15,BRG-6305,Deep-groove bearing 6305,Bearings,Bremen,HB,0,0,0,17,BRG-6305 · Bremen
2024-03-16,BRG-6305,Deep-groove bearing 6305,Bearings,Bremen,HB,0,0,0,2,BRG-6305 · Bremen
2024-03-17,BRG-6305,Deep-groove bearing 6305,Bearings,Bremen,HB,0,0,0,2,BRG-6305 · Bremen
2024-03-18,BRG-6305,Deep-groove bearing 6305,Bearings,Bremen,HB,0,0,0,15,BRG-6305 · Bremen
2024-03-19,BRG-6305,Deep-groove bearing 6305,Bearings,Bremen,HB,0,0,0,17,BRG-6305 · Bremen
2024-03-20,BRG-6305,Deep-groove bearing 6305,Bearings,Bremen,HB,0,0,0,14,BRG-6305 · Bremen
2024-03-21,BRG-6305,Deep-groove bearing 6305,Bearings,Bremen,HB,0,0,0,21,BRG-6305 · Bremen
2024-03-22,BRG-6305,Deep-groove bearing 6305,Bearings,Bremen,HB,0,0,0,12,BRG-6305 · Bremen
2024-03-23,BRG-6305,Deep-groove bearing 6305,Bearings,Bremen,HB,0,0,0,1,BRG-6305 · Bremen
2024-03-24,BRG-6305,Deep-groove bearing 6305,Bearings,Bremen,HB,0,0,0,1,BRG-6305 · Bremen
2024-03-25,BRG-6305,Deep-groove bearing 6305,Bearings,Bremen,HB,0,0,0,21,BRG-6305 · Bremen
2024-03-26,BRG-6305,Deep-groove bearing 6305,Bearings,Bremen,HB,0,0,0,19,BRG-6305 · Bremen
2024-03-27,BRG-6305,Deep-groove bearing 6305,Bearings,Bremen,HB,0,0,0,16,BRG-6305 · Bremen
2024-03-28,BRG-6305,Deep-groove bearing 6305,Bearings,Bremen,HB,0,0,0,18,BRG-6305 · Bremen
2024-03-29,BRG-6305,Deep-groove bearing 6305,Bearings,Bremen,HB,1,0,0,2,BRG-6305 · Bremen
2024-03-30,BRG-6305,Deep-groove bearing 6305,Bearings,Bremen,HB,0,0,0,2,BRG-6305 · Bremen
2024-03-31,BRG-6305,Deep-groove bearing 6305,Bearings,Bremen,HB,0,0,0,2,BRG-6305 · Bremen
2024-04-01,BRG-6305,Deep-groove bearing 6305,Bearings,Bremen,HB,1,0,1,2,BRG-6305 · Bremen
2024-04-02,BRG-6305,Deep-groove bearing 6305,Bearings,Bremen,HB,0,0,1,14,BRG-6305 · Bremen
2024-04-03,BRG-6305,Deep-groove bearing 6305,Bearings,Bremen,HB,0,0,1,17,BRG-6305 · Bremen
2024-04-04,BRG-6305,Deep-groove bearing 6305,Bearings,Bremen,HB,0,0,1,17,BRG-6305 · Bremen
2024-04-05,BRG-6305,Deep-groove bearing 6305,Bearings,Bremen,HB,0,0,1,14,BRG-6305 · Bremen
2024-04-06,BRG-6305,Deep-groove bearing 6305,Bearings,Bremen,HB,0,0,1,3,BRG-6305 · Bremen
2024-04-07,BRG-6305,Deep-groove bearing 6305,Bearings,Bremen,HB,0,0,1,1,BRG-6305 · Bremen
2024-04-08,BRG-6305,Deep-groove bearing 6305,Bearings,Bremen,HB,0,0,0,17,BRG-6305 · Bremen
2024-04-09,BRG-6305,Deep-groove bearing 6305,Bearings,Bremen,HB,0,0,0,16,BRG-6305 · Bremen
2024-04-10,BRG-6305,Deep-groove bearing 6305,Bearings,Bremen,HB,0,0,0,16,BRG-6305 · Bremen
2024-04-11,BRG-6305,Deep-groove bearing 6305,Bearings,Bremen,HB,0,0,0,18,BRG-6305 · Bremen
2024-04-12,BRG-6305,Deep-groove bearing 6305,Bearings,Bremen,HB,0,0,0,13,BRG-6305 · Bremen
2024-04-13,BRG-6305,Deep-groove bearing 6305,Bearings,Bremen,HB,0,0,0,1,BRG-6305 · Bremen
2024-04-14,BRG-6305,Deep-groove bearing 6305,Bearings,Bremen,HB,0,0,0,1,BRG-6305 · Bremen
2024-04-15,BRG-6305,Deep-groove bearing 6305,Bearings,Bremen,HB,0,0,0,17,BRG-6305 · Bremen
2024-04-16,BRG-6305,Deep-groove bearing 6305,Bearings,Bremen,HB,0,0,0,16,BRG-6305 · Bremen
2024-04-17,BRG-6305,Deep-groove bearing 6305,Bearings,Bremen,HB,0,0,0,15,BRG-6305 · Bremen
2024-04-18,BRG-6305,Deep-groove bearing 6305,Bearings,Bremen,HB,0,0,0,10,BRG-6305 · Bremen
2024-04-19,BRG-6305,Deep-groove bearing 6305,Bearings,Bremen,HB,0,0,0,7,BRG-6305 · Bremen
2024-04-20,BRG-6305,Deep-groove bearing 6305,Bearings,Bremen,HB,0,0,0,2,BRG-6305 · Bremen
2024-04-21,BRG-6305,Deep-groove bearing 6305,Bearings,Bremen,HB,0,0,0,1,BRG-6305 · Bremen
2024-04-22,BRG-6305,Deep-groove bearing 6305,Bearings,Bremen,HB,0,0,0,15,BRG-6305 · Bremen
2024-04-23,BRG-6305,Deep-groove bearing 6305,Bearings,Bremen,HB,0,0,0,15,BRG-6305 · Bremen
2024-04-24,BRG-6305,Deep-groove bearing 6305,Bearings,Bremen,HB,0,0,0,17,BRG-6305 · Bremen
2024-04-25,BRG-6305,Deep-groove bearing 6305,Bearings,Bremen,HB,0,0,0,16,BRG-6305 · Bremen
2024-04-26,BRG-6305,Deep-groove bearing 6305,Bearings,Bremen,HB,0,0,0,14,BRG-6305 · Bremen
2024-04-27,BRG-6305,Deep-groove bearing 6305,Bearings,Bremen,HB,0,0,0,1,BRG-6305 · Bremen
2024-04-28,BRG-6305,Deep-groove bearing 6305,Bearings,Bremen,HB,0,0,0,0,BRG-6305 · Bremen
2024-04-29,BRG-6305,Deep-groove bearing 6305,Bearings,Bremen,HB,0,0,0,9,BRG-6305 · Bremen
2024-04-30,BRG-6305,Deep-groove bearing 6305,Bearings,Bremen,HB,0,0,0,14,BRG-6305 · Bremen
2024-05-01,BRG-6305,Deep-groove bearing 6305,Bearings,Bremen,HB,1,0,0,2,BRG-6305 · Bremen
2024-05-02,BRG-6305,Deep-groove bearing 6305,Bearings,Bremen,HB,0,0,0,15,BRG-6305 · Bremen
2024-05-03,BRG-6305,Deep-groove bearing 6305,Bearings,Bremen,HB,0,0,0,13,BRG-6305 · Bremen
2024-05-04,BRG-6305,Deep-groove bearing 6305,Bearings,Bremen,HB,0,0,0,1,BRG-6305 · Bremen
2024-05-05,BRG-6305,Deep-groove bearing 6305,Bearings,Bremen,HB,0,0,0,1,BRG-6305 · Bremen
2024-05-06,BRG-6305,Deep-groove bearing 6305,Bearings,Bremen,HB,0,0,0,12,BRG-6305 · Bremen
2024-05-07,BRG-6305,Deep-groove bearing 6305,Bearings,Bremen,HB,0,0,0,13,BRG-6305 · Bremen
2024-05-08,BRG-6305,Deep-groove bearing 6305,Bearings,Bremen,HB,0,0,0,11,BRG-6305 · Bremen
2024-05-09,BRG-6305,Deep-groove bearing 6305,Bearings,Bremen,HB,1,0,0,3,BRG-6305 · Bremen
2024-05-10,BRG-6305,Deep-groove bearing 6305,Bearings,Bremen,HB,0,0,0,9,BRG-6305 · Bremen
2024-05-11,BRG-6305,Deep-groove bearing 6305,Bearings,Bremen,HB,0,0,0,1,BRG-6305 · Bremen
2024-05-12,BRG-6305,Deep-groove bearing 6305,Bearings,Bremen,HB,0,0,0,0,BRG-6305 · Bremen
2024-05-13,BRG-6305,Deep-groove bearing 6305,Bearings,Bremen,HB,0,0,0,15,BRG-6305 · Bremen
2024-05-14,BRG-6305,Deep-groove bearing 6305,Bearings,Bremen,HB,0,0,0,14,BRG-6305 · Bremen
2024-05-15,BRG-6305,Deep-groove bearing 6305,Bearings,Bremen,HB,0,0,0,12,BRG-6305 · Bremen
2024-05-16,BRG-6305,Deep-groove bearing 6305,Bearings,Bremen,HB,0,0,0,11,BRG-6305 · Bremen
2024-05-17,BRG-6305,Deep-groove bearing 6305,Bearings,Bremen,HB,0,0,0,11,BRG-6305 · Bremen
2024-05-18,BRG-6305,Deep-groove bearing 6305,Bearings,Bremen,HB,0,0,0,1,BRG-6305 · Bremen
2024-05-19,BRG-6305,Deep-groove bearing 6305,Bearings,Bremen,HB,0,0,0,1,BRG-6305 · Bremen
2024-05-20,BRG-6305,Deep-groove bearing 6305,Bearings,Bremen,HB,1,0,0,3,BRG-6305 · Bremen
2024-05-21,BRG-6305,Deep-groove bearing 6305,Bearings,Bremen,HB,0,0,0,14,BRG-6305 · Bremen
2024-05-22,BRG-6305,Deep-groove bearing 6305,Bearings,Bremen,HB,0,0,0,15,BRG-6305 · Bremen
2024-05-23,BRG-6305,Deep-groove bearing 6305,Bearings,Bremen,HB,0,0,0,13,BRG-6305 · Bremen
2024-05-24,BRG-6305,Deep-groove bearing 6305,Bearings,Bremen,HB,0,0,0,11,BRG-6305 · Bremen
2024-05-25,BRG-6305,Deep-groove bearing 6305,Bearings,Bremen,HB,0,0,0,2,BRG-6305 · Bremen
2024-05-26,BRG-6305,Deep-groove bearing 6305,Bearings,Bremen,HB,0,0,0,2,BRG-6305 · Bremen
2024-05-27,BRG-6305,Deep-groove bearing 6305,Bearings,Bremen,HB,0,0,0,15,BRG-6305 · Bremen
2024-05-28,BRG-6305,Deep-groove bearing 6305,Bearings,Bremen,HB,0,0,0,16,BRG-6305 · Bremen
2024-05-29,BRG-6305,Deep-groove bearing 6305,Bearings,Bremen,HB,0,0,0,13,BRG-6305 · Bremen
2024-05-30,BRG-6305,Deep-groove bearing 6305,Bearings,Bremen,HB,0,0,0,8,BRG-6305 · Bremen
2024-05-31,BRG-6305,Deep-groove bearing 6305,Bearings,Bremen,HB,0,0,0,11,BRG-6305 · Bremen
2024-06-01,BRG-6305,Deep-groove bearing 6305,Bearings,Bremen,HB,0,0,0,3,BRG-6305 · Bremen
2024-06-02,BRG-6305,Deep-groove bearing 6305,Bearings,Bremen,HB,0,0,0,1,BRG-6305 · Bremen
2024-06-03,BRG-6305,Deep-groove bearing 6305,Bearings,Bremen,HB,0,0,0,19,BRG-6305 · Bremen
2024-06-04,BRG-6305,Deep-groove bearing 6305,Bearings,Bremen,HB,0,0,0,14,BRG-6305 · Bremen
2024-06-05,BRG-6305,Deep-groove bearing 6305,Bearings,Bremen,HB,0,0,0,10,BRG-6305 · Bremen
2024-06-06,BRG-6305,Deep-groove bearing 6305,Bearings,Bremen,HB,0,0,0,13,BRG-6305 · Bremen
2024-06-07,BRG-6305,Deep-groove bearing 6305,Bearings,Bremen,HB,0,0,0,15,BRG-6305 · Bremen
2024-06-08,BRG-6305,Deep-groove bearing 6305,Bearings,Bremen,HB,0,0,0,2,BRG-6305 · Bremen
2024-06-09,BRG-6305,Deep-groove bearing 6305,Bearings,Bremen,HB,0,0,0,1,BRG-6305 · Bremen
2024-06-10,BRG-6305,Deep-groove bearing 6305,Bearings,Bremen,HB,0,0,0,15,BRG-6305 · Bremen
2024-06-11,BRG-6305,Deep-groove bearing 6305,Bearings,Bremen,HB,0,0,0,17,BRG-6305 · Bremen
2024-06-12,BRG-6305,Deep-groove bearing 6305,Bearings,Bremen,HB,0,0,0,13,BRG-6305 · Bremen
2024-06-13,BRG-6305,Deep-groove bearing 6305,Bearings,Bremen,HB,0,0,0,15,BRG-6305 · Bremen
2024-06-14,BRG-6305,Deep-groove bearing 6305,Bearings,Bremen,HB,0,0,0,13,BRG-6305 · Bremen
2024-06-15,BRG-6305,Deep-groove bearing 6305,Bearings,Bremen,HB,0,0,0,1,BRG-6305 · Bremen
2024-06-16,BRG-6305,Deep-groove bearing 6305,Bearings,Bremen,HB,0,0,0,0,BRG-6305 · Bremen
2024-06-17,BRG-6305,Deep-groove bearing 6305,Bearings,Bremen,HB,0,0,0,14,BRG-6305 · Bremen
2024-06-18,BRG-6305,Deep-groove bearing 6305,Bearings,Bremen,HB,0,0,0,17,BRG-6305 · Bremen
2024-06-19,BRG-6305,Deep-groove bearing 6305,Bearings,Bremen,HB,0,0,0,15,BRG-6305 · Bremen
2024-06-20,BRG-6305,Deep-groove bearing 6305,Bearings,Bremen,HB,0,0,0,15,BRG-6305 · Bremen
2024-06-21,BRG-6305,Deep-groove bearing 6305,Bearings,Bremen,HB,0,0,0,10,BRG-6305 · Bremen
2024-06-22,BRG-6305,Deep-groove bearing 6305,Bearings,Bremen,HB,0,0,0,1,BRG-6305 · Bremen
2024-06-23,BRG-6305,Deep-groove bearing 6305,Bearings,Bremen,HB,0,0,0,1,BRG-6305 · Bremen
2024-06-24,BRG-6305,Deep-groove bearing 6305,Bearings,Bremen,HB,0,0,0,15,BRG-6305 · Bremen
2024-06-25,BRG-6305,Deep-groove bearing 6305,Bearings,Bremen,HB,0,0,0,13,BRG-6305 · Bremen
2024-06-26,BRG-6305,Deep-groove bearing 6305,Bearings,Bremen,HB,0,0,0,12,BRG-6305 · Bremen
2024-06-27,BRG-6305,Deep-groove bearing 6305,Bearings,Bremen,HB,0,0,0,9,BRG-6305 · Bremen
2024-06-28,BRG-6305,Deep-groove bearing 6305,Bearings,Bremen,HB,0,0,0,12,BRG-6305 · Bremen
2024-06-29,BRG-6305,Deep-groove bearing 6305,Bearings,Bremen,HB,0,0,0,2,BRG-6305 · Bremen
2024-06-30,BRG-6305,Deep-groove bearing 6305,Bearings,Bremen,HB,0,0,0,0,BRG-6305 · Bremen
2024-07-01,BRG-6305,Deep-groove bearing 6305,Bearings,Bremen,HB,0,0,0,12,BRG-6305 · Bremen
2024-07-02,BRG-6305,Deep-groove bearing 6305,Bearings,Bremen,HB,0,0,0,16,BRG-6305 · Bremen
2024-07-03,BRG-6305,Deep-groove bearing 6305,Bearings,Bremen,HB,0,0,0,11,BRG-6305 · Bremen
2024-07-04,BRG-6305,Deep-groove bearing 6305,Bearings,Bremen,HB,0,0,0,16,BRG-6305 · Bremen
2024-07-05,BRG-6305,Deep-groove bearing 6305,Bearings,Bremen,HB,0,0,0,11,BRG-6305 · Bremen
2024-07-06,BRG-6305,Deep-groove bearing 6305,Bearings,Bremen,HB,0,0,0,1,BRG-6305 · Bremen
2024-07-07,BRG-6305,Deep-groove bearing 6305,Bearings,Bremen,HB,0,0,0,1,BRG-6305 · Bremen
2024-07-08,BRG-6305,Deep-groove bearing 6305,Bearings,Bremen,HB,0,0,0,13,BRG-6305 · Bremen
2024-07-09,BRG-6305,Deep-groove bearing 6305,Bearings,Bremen,HB,0,0,0,16,BRG-6305 · Bremen
2024-07-10,BRG-6305,Deep-groove bearing 6305,Bearings,Bremen,HB,0,0,0,15,BRG-6305 · Bremen
2024-07-11,BRG-6305,Deep-groove bearing 6305,Bearings,Bremen,HB,0,0,0,15,BRG-6305 · Bremen
2024-07-12,BRG-6305,Deep-groove bearing 6305,Bearings,Bremen,HB,0,0,0,12,BRG-6305 · Bremen
2024-07-13,BRG-6305,Deep-groove bearing 6305,Bearings,Bremen,HB,0,0,0,1,BRG-6305 · Bremen
2024-07-14,BRG-6305,Deep-groove bearing 6305,Bearings,Bremen,HB,0,0,0,1,BRG-6305 · Bremen
2024-07-15,BRG-6305,Deep-groove bearing 6305,Bearings,Bremen,HB,0,0,0,13,BRG-6305 · Bremen
2024-07-16,BRG-6305,Deep-groove bearing 6305,Bearings,Bremen,HB,0,0,0,17,BRG-6305 · Bremen
2024-07-17,BRG-6305,Deep-groove bearing 6305,Bearings,Bremen,HB,0,0,0,16,BRG-6305 · Bremen
2024-07-18,BRG-6305,Deep-groove bearing 6305,Bearings,Bremen,HB,0,0,0,13,BRG-6305 · Bremen
2024-07-19,BRG-6305,Deep-groove bearing 6305,Bearings,Bremen,HB,0,0,0,10,BRG-6305 · Bremen
2024-07-20,BRG-6305,Deep-groove bearing 6305,Bearings,Bremen,HB,0,0,0,3,BRG-6305 · Bremen
2024-07-21,BRG-6305,Deep-groove bearing 6305,Bearings,Bremen,HB,0,0,0,1,BRG-6305 · Bremen
2024-07-22,BRG-6305,Deep-groove bearing 6305,Bearings,Bremen,HB,0,0,0,14,BRG-6305 · Bremen
2024-07-23,BRG-6305,Deep-groove bearing 6305,Bearings,Bremen,HB,0,0,0,17,BRG-6305 · Bremen
2024-07-24,BRG-6305,Deep-groove bearing 6305,Bearings,Bremen,HB,0,0,0,12,BRG-6305 · Bremen
2024-07-25,BRG-6305,Deep-groove bearing 6305,Bearings,Bremen,HB,0,0,0,12,BRG-6305 · Bremen
2024-07-26,BRG-6305,Deep-groove bearing 6305,Bearings,Bremen,HB,0,0,0,11,BRG-6305 · Bremen
2024-07-27,BRG-6305,Deep-groove bearing 6305,Bearings,Bremen,HB,0,0,0,1,BRG-6305 · Bremen
2024-07-28,BRG-6305,Deep-groove bearing 6305,Bearings,Bremen,HB,0,0,0,1,BRG-6305 · Bremen
2024-07-29,BRG-6305,Deep-groove bearing 6305,Bearings,Bremen,HB,0,0,0,12,BRG-6305 · Bremen
2024-07-30,BRG-6305,Deep-groove bearing 6305,Bearings,Bremen,HB,0,0,0,12,BRG-6305 · Bremen
2024-07-31,BRG-6305,Deep-groove bearing 6305,Bearings,Bremen,HB,0,0,0,11,BRG-6305 · Bremen
2024-08-01,BRG-6305,Deep-groove bearing 6305,Bearings,Bremen,HB,0,0,0,11,BRG-6305 · Bremen
2024-08-02,BRG-6305,Deep-groove bearing 6305,Bearings,Bremen,HB,0,0,0,9,BRG-6305 · Bremen
2024-08-03,BRG-6305,Deep-groove bearing 6305,Bearings,Bremen,HB,0,0,0,2,BRG-6305 · Bremen
2024-08-04,BRG-6305,Deep-groove bearing 6305,Bearings,Bremen,HB,0,0,0,1,BRG-6305 · Bremen
2024-08-05,BRG-6305,Deep-groove bearing 6305,Bearings,Bremen,HB,0,1,0,2,BRG-6305 · Bremen
2024-08-06,BRG-6305,Deep-groove bearing 6305,Bearings,Bremen,HB,0,1,0,4,BRG-6305 · Bremen
2024-08-07,BRG-6305,Deep-groove bearing 6305,Bearings,Bremen,HB,0,1,0,2,BRG-6305 · Bremen
2024-08-08,BRG-6305,Deep-groove bearing 6305,Bearings,Bremen,HB,0,1,0,3,BRG-6305 · Bremen
2024-08-09,BRG-6305,Deep-groove bearing 6305,Bearings,Bremen,HB,0,1,0,2,BRG-6305 · Bremen
2024-08-10,BRG-6305,Deep-groove bearing 6305,Bearings,Bremen,HB,0,1,0,0,BRG-6305 · Bremen
2024-08-11,BRG-6305,Deep-groove bearing 6305,Bearings,Bremen,HB,0,1,0,0,BRG-6305 · Bremen
2024-08-12,BRG-6305,Deep-groove bearing 6305,Bearings,Bremen,HB,0,1,0,2,BRG-6305 · Bremen
2024-08-13,BRG-6305,Deep-groove bearing 6305,Bearings,Bremen,HB,0,1,0,2,BRG-6305 · Bremen
2024-08-14,BRG-6305,Deep-groove bearing 6305,Bearings,Bremen,HB,0,1,0,2,BRG-6305 · Bremen
2024-08-15,BRG-6305,Deep-groove bearing 6305,Bearings,Bremen,HB,0,1,0,2,BRG-6305 · Bremen
2024-08-16,BRG-6305,Deep-groove bearing 6305,Bearings,Bremen,HB,0,1,0,2,BRG-6305 · Bremen
2024-08-17,BRG-6305,Deep-groove bearing 6305,Bearings,Bremen,HB,0,1,0,0,BRG-6305 · Bremen
2024-08-18,BRG-6305,Deep-groove bearing 6305,Bearings,Bremen,HB,0,1,0,1,BRG-6305 · Bremen
2024-08-19,BRG-6305,Deep-groove bearing 6305,Bearings,Bremen,HB,0,0,0,17,BRG-6305 · Bremen
2024-08-20,BRG-6305,Deep-groove bearing 6305,Bearings,Bremen,HB,0,0,0,12,BRG-6305 · Bremen
2024-08-21,BRG-6305,Deep-groove bearing 6305,Bearings,Bremen,HB,0,0,0,13,BRG-6305 · Bremen
2024-08-22,BRG-6305,Deep-groove bearing 6305,Bearings,Bremen,HB,0,0,0,14,BRG-6305 · Bremen
2024-08-23,BRG-6305,Deep-groove bearing 6305,Bearings,Bremen,HB,0,0,0,8,BRG-6305 · Bremen
2024-08-24,BRG-6305,Deep-groove bearing 6305,Bearings,Bremen,HB,0,0,0,2,BRG-6305 · Bremen
2024-08-25,BRG-6305,Deep-groove bearing 6305,Bearings,Bremen,HB,0,0,0,1,BRG-6305 · Bremen
2024-08-26,BRG-6305,Deep-groove bearing 6305,Bearings,Bremen,HB,0,0,0,17,BRG-6305 · Bremen
2024-08-27,BRG-6305,Deep-groove bearing 6305,Bearings,Bremen,HB,0,0,0,12,BRG-6305 · Bremen
2024-08-28,BRG-6305,Deep-groove bearing 6305,Bearings,Bremen,HB,0,0,0,14,BRG-6305 · Bremen
2024-08-29,BRG-6305,Deep-groove bearing 6305,Bearings,Bremen,HB,0,0,0,11,BRG-6305 · Bremen
2024-08-30,BRG-6305,Deep-groove bearing 6305,Bearings,Bremen,HB,0,0,0,14,BRG-6305 · Bremen
2024-08-31,BRG-6305,Deep-groove bearing 6305,Bearings,Bremen,HB,0,0,0,1,BRG-6305 · Bremen
2024-09-01,BRG-6305,Deep-groove bearing 6305,Bearings,Bremen,HB,0,0,0,1,BRG-6305 · Bremen
2024-09-02,BRG-6305,Deep-groove bearing 6305,Bearings,Bremen,HB,0,0,0,13,BRG-6305 · Bremen
2024-09-03,BRG-6305,Deep-groove bearing 6305,Bearings,Bremen,HB,0,0,0,13,BRG-6305 · Bremen
2024-09-04,BRG-6305,Deep-groove bearing 6305,Bearings,Bremen,HB,0,0,0,12,BRG-6305 · Bremen
2024-09-05,BRG-6305,Deep-groove bearing 6305,Bearings,Bremen,HB,0,0,0,10,BRG-6305 · Bremen
2024-09-06,BRG-6305,Deep-groove bearing 6305,Bearings,Bremen,HB,0,0,0,5,BRG-6305 · Bremen
2024-09-07,BRG-6305,Deep-groove bearing 6305,Bearings,Bremen,HB,0,0,0,2,BRG-6305 · Bremen
2024-09-08,BRG-6305,Deep-groove bearing 6305,Bearings,Bremen,HB,0,0,0,1,BRG-6305 · Bremen
2024-09-09,BRG-6305,Deep-groove bearing 6305,Bearings,Bremen,HB,0,0,0,14,BRG-6305 · Bremen
2024-09-10,BRG-6305,Deep-groove bearing 6305,Bearings,Bremen,HB,0,0,0,13,BRG-6305 · Bremen
2024-09-11,BRG-6305,Deep-groove bearing 6305,Bearings,Bremen,HB,0,0,0,14,BRG-6305 · Bremen
2024-09-12,BRG-6305,Deep-groove bearing 6305,Bearings,Bremen,HB,0,0,0,13,BRG-6305 · Bremen
2024-09-13,BRG-6305,Deep-groove bearing 6305,Bearings,Bremen,HB,0,0,0,6,BRG-6305 · Bremen
2024-09-14,BRG-6305,Deep-groove bearing 6305,Bearings,Bremen,HB,0,0,0,2,BRG-6305 · Bremen
2024-09-15,BRG-6305,Deep-groove bearing 6305,Bearings,Bremen,HB,0,0,0,1,BRG-6305 · Bremen
2024-09-16,BRG-6305,Deep-groove bearing 6305,Bearings,Bremen,HB,0,0,0,15,BRG-6305 · Bremen
2024-09-17,BRG-6305,Deep-groove bearing 6305,Bearings,Bremen,HB,0,0,0,13,BRG-6305 · Bremen
2024-09-18,BRG-6305,Deep-groove bearing 6305,Bearings,Bremen,HB,0,0,0,13,BRG-6305 · Bremen
2024-09-19,BRG-6305,Deep-groove bearing 6305,Bearings,Bremen,HB,0,0,0,11,BRG-6305 · Bremen
2024-09-20,BRG-6305,Deep-groove bearing 6305,Bearings,Bremen,HB,0,0,0,9,BRG-6305 · Bremen
2024-09-21,BRG-6305,Deep-groove bearing 6305,Bearings,Bremen,HB,0,0,0,1,BRG-6305 · Bremen
2024-09-22,BRG-6305,Deep-groove bearing 6305,Bearings,Bremen,HB,0,0,0,0,BRG-6305 · Bremen
2024-09-23,BRG-6305,Deep-groove bearing 6305,Bearings,Bremen,HB,0,0,0,11,BRG-6305 · Bremen
2024-09-24,BRG-6305,Deep-groove bearing 6305,Bearings,Bremen,HB,0,0,0,9,BRG-6305 · Bremen
2024-09-25,BRG-6305,Deep-groove bearing 6305,Bearings,Bremen,HB,0,0,0,9,BRG-6305 · Bremen
2024-09-26,BRG-6305,Deep-groove bearing 6305,Bearings,Bremen,HB,0,0,0,11,BRG-6305 · Bremen
2024-09-27,BRG-6305,Deep-groove bearing 6305,Bearings,Bremen,HB,0,0,0,11,BRG-6305 · Bremen
2024-09-28,BRG-6305,Deep-groove bearing 6305,Bearings,Bremen,HB,0,0,0,1,BRG-6305 · Bremen
2024-09-29,BRG-6305,Deep-groove bearing 6305,Bearings,Bremen,HB,0,0,0,1,BRG-6305 · Bremen
2024-09-30,BRG-6305,Deep-groove bearing 6305,Bearings,Bremen,HB,0,0,0,11,BRG-6305 · Bremen
2024-10-01,BRG-6305,Deep-groove bearing 6305,Bearings,Bremen,HB,0,0,1,12,BRG-6305 · Bremen
2024-10-02,BRG-6305,Deep-groove bearing 6305,Bearings,Bremen,HB,0,0,1,10,BRG-6305 · Bremen
2024-10-03,BRG-6305,Deep-groove bearing 6305,Bearings,Bremen,HB,1,0,1,1,BRG-6305 · Bremen
2024-10-04,BRG-6305,Deep-groove bearing 6305,Bearings,Bremen,HB,0,0,1,7,BRG-6305 · Bremen
2024-10-05,BRG-6305,Deep-groove bearing 6305,Bearings,Bremen,HB,0,0,1,2,BRG-6305 · Bremen
2024-10-06,BRG-6305,Deep-groove bearing 6305,Bearings,Bremen,HB,0,0,1,0,BRG-6305 · Bremen
2024-10-07,BRG-6305,Deep-groove bearing 6305,Bearings,Bremen,HB,0,0,1,12,BRG-6305 · Bremen
2024-10-08,BRG-6305,Deep-groove bearing 6305,Bearings,Bremen,HB,0,0,0,24,BRG-6305 · Bremen
2024-10-09,BRG-6305,Deep-groove bearing 6305,Bearings,Bremen,HB,0,0,0,11,BRG-6305 · Bremen
2024-10-10,BRG-6305,Deep-groove bearing 6305,Bearings,Bremen,HB,0,0,0,12,BRG-6305 · Bremen
2024-10-11,BRG-6305,Deep-groove bearing 6305,Bearings,Bremen,HB,0,0,0,6,BRG-6305 · Bremen
2024-10-12,BRG-6305,Deep-groove bearing 6305,Bearings,Bremen,HB,0,0,0,1,BRG-6305 · Bremen
2024-10-13,BRG-6305,Deep-groove bearing 6305,Bearings,Bremen,HB,0,0,0,1,BRG-6305 · Bremen
2024-10-14,BRG-6305,Deep-groove bearing 6305,Bearings,Bremen,HB,0,0,0,12,BRG-6305 · Bremen
2024-10-15,BRG-6305,Deep-groove bearing 6305,Bearings,Bremen,HB,0,0,0,14,BRG-6305 · Bremen
2024-10-16,BRG-6305,Deep-groove bearing 6305,Bearings,Bremen,HB,0,0,0,14,BRG-6305 · Bremen
2024-10-17,BRG-6305,Deep-groove bearing 6305,Bearings,Bremen,HB,0,0,0,11,BRG-6305 · Bremen
2024-10-18,BRG-6305,Deep-groove bearing 6305,Bearings,Bremen,HB,0,0,0,9,BRG-6305 · Bremen
2024-10-19,BRG-6305,Deep-groove bearing 6305,Bearings,Bremen,HB,0,0,0,1,BRG-6305 · Bremen
2024-10-20,BRG-6305,Deep-groove bearing 6305,Bearings,Bremen,HB,0,0,0,1,BRG-6305 · Bremen
2024-10-21,BRG-6305,Deep-groove bearing 6305,Bearings,Bremen,HB,0,0,0,12,BRG-6305 · Bremen
2024-10-22,BRG-6305,Deep-groove bearing 6305,Bearings,Bremen,HB,0,0,0,11,BRG-6305 · Bremen
2024-10-23,BRG-6305,Deep-groove bearing 6305,Bearings,Bremen,HB,0,0,0,10,BRG-6305 · Bremen
2024-10-24,BRG-6305,Deep-groove bearing 6305,Bearings,Bremen,HB,0,0,0,12,BRG-6305 · Bremen
2024-10-25,BRG-6305,Deep-groove bearing 6305,Bearings,Bremen,HB,0,0,0,14,BRG-6305 · Bremen
2024-10-26,BRG-6305,Deep-groove bearing 6305,Bearings,Bremen,HB,0,0,0,2,BRG-6305 · Bremen
2024-10-27,BRG-6305,Deep-groove bearing 6305,Bearings,Bremen,HB,0,0,0,1,BRG-6305 · Bremen
2024-10-28,BRG-6305,Deep-groove bearing 6305,Bearings,Bremen,HB,0,0,0,16,BRG-6305 · Bremen
2024-10-29,BRG-6305,Deep-groove bearing 6305,Bearings,Bremen,HB,0,0,0,15,BRG-6305 · Bremen
2024-10-30,BRG-6305,Deep-groove bearing 6305,Bearings,Bremen,HB,0,0,0,14,BRG-6305 · Bremen
2024-10-31,BRG-6305,Deep-groove bearing 6305,Bearings,Bremen,HB,1,0,0,1,BRG-6305 · Bremen
2024-11-01,BRG-6305,Deep-groove bearing 6305,Bearings,Bremen,HB,0,0,0,11,BRG-6305 · Bremen
2024-11-02,BRG-6305,Deep-groove bearing 6305,Bearings,Bremen,HB,0,0,0,2,BRG-6305 · Bremen
2024-11-03,BRG-6305,Deep-groove bearing 6305,Bearings,Bremen,HB,0,0,0,1,BRG-6305 · Bremen
2024-11-04,BRG-6305,Deep-groove bearing 6305,Bearings,Bremen,HB,0,0,0,11,BRG-6305 · Bremen
2024-11-05,BRG-6305,Deep-groove bearing 6305,Bearings,Bremen,HB,0,0,0,11,BRG-6305 · Bremen
2024-11-06,BRG-6305,Deep-groove bearing 6305,Bearings,Bremen,HB,0,0,0,13,BRG-6305 · Bremen
2024-11-07,BRG-6305,Deep-groove bearing 6305,Bearings,Bremen,HB,0,0,0,13,BRG-6305 · Bremen
2024-11-08,BRG-6305,Deep-groove bearing 6305,Bearings,Bremen,HB,0,0,0,11,BRG-6305 · Bremen
2024-11-09,BRG-6305,Deep-groove bearing 6305,Bearings,Bremen,HB,0,0,0,1,BRG-6305 · Bremen
2024-11-10,BRG-6305,Deep-groove bearing 6305,Bearings,Bremen,HB,0,0,0,2,BRG-6305 · Bremen
2024-11-11,BRG-6305,Deep-groove bearing 6305,Bearings,Bremen,HB,0,0,0,16,BRG-6305 · Bremen
2024-11-12,BRG-6305,Deep-groove bearing 6305,Bearings,Bremen,HB,0,0,0,9,BRG-6305 · Bremen
2024-11-13,BRG-6305,Deep-groove bearing 6305,Bearings,Bremen,HB,0,0,0,15,BRG-6305 · Bremen
2024-11-14,BRG-6305,Deep-groove bearing 6305,Bearings,Bremen,HB,0,0,0,12,BRG-6305 · Bremen
2024-11-15,BRG-6305,Deep-groove bearing 6305,Bearings,Bremen,HB,0,0,0,11,BRG-6305 · Bremen
2024-11-16,BRG-6305,Deep-groove bearing 6305,Bearings,Bremen,HB,0,0,0,2,BRG-6305 · Bremen
2024-11-17,BRG-6305,Deep-groove bearing 6305,Bearings,Bremen,HB,0,0,0,2,BRG-6305 · Bremen
2024-11-18,BRG-6305,Deep-groove bearing 6305,Bearings,Bremen,HB,0,0,0,15,BRG-6305 · Bremen
2024-11-19,BRG-6305,Deep-groove bearing 6305,Bearings,Bremen,HB,0,0,0,13,BRG-6305 · Bremen
2024-11-20,BRG-6305,Deep-groove bearing 6305,Bearings,Bremen,HB,0,0,0,10,BRG-6305 · Bremen
2024-11-21,BRG-6305,Deep-groove bearing 6305,Bearings,Bremen,HB,0,0,0,8,BRG-6305 · Bremen
2024-11-22,BRG-6305,Deep-groove bearing 6305,Bearings,Bremen,HB,0,0,0,13,BRG-6305 · Bremen
2024-11-23,BRG-6305,Deep-groove bearing 6305,Bearings,Bremen,HB,0,0,0,2,BRG-6305 · Bremen
2024-11-24,BRG-6305,Deep-groove bearing 6305,Bearings,Bremen,HB,0,0,0,0,BRG-6305 · Bremen
2024-11-25,BRG-6305,Deep-groove bearing 6305,Bearings,Bremen,HB,0,0,0,13,BRG-6305 · Bremen
2024-11-26,BRG-6305,Deep-groove bearing 6305,Bearings,Bremen,HB,0,0,0,12,BRG-6305 · Bremen
2024-11-27,BRG-6305,Deep-groove bearing 6305,Bearings,Bremen,HB,0,0,0,12,BRG-6305 · Bremen
2024-11-28,BRG-6305,Deep-groove bearing 6305,Bearings,Bremen,HB,0,0,0,15,BRG-6305 · Bremen
2024-11-29,BRG-6305,Deep-groove bearing 6305,Bearings,Bremen,HB,0,0,0,12,BRG-6305 · Bremen
2024-11-30,BRG-6305,Deep-groove bearing 6305,Bearings,Bremen,HB,0,0,0,1,BRG-6305 · Bremen
2024-12-01,BRG-6305,Deep-groove bearing 6305,Bearings,Bremen,HB,0,0,0,2,BRG-6305 · Bremen
2024-12-02,BRG-6305,Deep-groove bearing 6305,Bearings,Bremen,HB,0,0,0,11,BRG-6305 · Bremen
2024-12-03,BRG-6305,Deep-groove bearing 6305,Bearings,Bremen,HB,0,0,0,14,BRG-6305 · Bremen
2024-12-04,BRG-6305,Deep-groove bearing 6305,Bearings,Bremen,HB,0,0,0,11,BRG-6305 · Bremen
2024-12-05,BRG-6305,Deep-groove bearing 6305,Bearings,Bremen,HB,0,0,0,12,BRG-6305 · Bremen
2024-12-06,BRG-6305,Deep-groove bearing 6305,Bearings,Bremen,HB,0,0,0,11,BRG-6305 · Bremen
2024-12-07,BRG-6305,Deep-groove bearing 6305,Bearings,Bremen,HB,0,0,0,2,BRG-6305 · Bremen
2024-12-08,BRG-6305,Deep-groove bearing 6305,Bearings,Bremen,HB,0,0,0,1,BRG-6305 · Bremen
2024-12-09,BRG-6305,Deep-groove bearing 6305,Bearings,Bremen,HB,0,0,0,13,BRG-6305 · Bremen
2024-12-10,BRG-6305,Deep-groove bearing 6305,Bearings,Bremen,HB,0,0,0,13,BRG-6305 · Bremen
2024-12-11,BRG-6305,Deep-groove bearing 6305,Bearings,Bremen,HB,0,0,0,12,BRG-6305 · Bremen
2024-12-12,BRG-6305,Deep-groove bearing 6305,Bearings,Bremen,HB,0,0,0,15,BRG-6305 · Bremen
2024-12-13,BRG-6305,Deep-groove bearing 6305,Bearings,Bremen,HB,0,0,0,13,BRG-6305 · Bremen
2024-12-14,BRG-6305,Deep-groove bearing 6305,Bearings,Bremen,HB,0,0,0,2,BRG-6305 · Bremen
2024-12-15,BRG-6305,Deep-groove bearing 6305,Bearings,Bremen,HB,0,0,0,1,BRG-6305 · Bremen
2024-12-16,BRG-6305,Deep-groove bearing 6305,Bearings,Bremen,HB,0,0,0,14,BRG-6305 · Bremen
2024-12-17,BRG-6305,Deep-groove bearing 6305,Bearings,Bremen,HB,0,0,0,17,BRG-6305 · Bremen
2024-12-18,BRG-6305,Deep-groove bearing 6305,Bearings,Bremen,HB,0,0,0,15,BRG-6305 · Bremen
2024-12-19,BRG-6305,Deep-groove bearing 6305,Bearings,Bremen,HB,0,0,0,15,BRG-6305 · Bremen
2024-12-20,BRG-6305,Deep-groove bearing 6305,Bearings,Bremen,HB,0,0,0,12,BRG-6305 · Bremen
2024-12-21,BRG-6305,Deep-groove bearing 6305,Bearings,Bremen,HB,0,0,0,2,BRG-6305 · Bremen
2024-12-22,BRG-6305,Deep-groove bearing 6305,Bearings,Bremen,HB,0,0,0,1,BRG-6305 · Bremen
2024-12-23,BRG-6305,Deep-groove bearing 6305,Bearings,Bremen,HB,0,0,0,13,BRG-6305 · Bremen
2024-12-24,BRG-6305,Deep-groove bearing 6305,Bearings,Bremen,HB,0,1,0,4,BRG-6305 · Bremen
2024-12-25,BRG-6305,Deep-groove bearing 6305,Bearings,Bremen,HB,1,1,0,1,BRG-6305 · Bremen
2024-12-26,BRG-6305,Deep-groove bearing 6305,Bearings,Bremen,HB,1,1,0,0,BRG-6305 · Bremen
2024-12-27,BRG-6305,Deep-groove bearing 6305,Bearings,Bremen,HB,0,1,0,1,BRG-6305 · Bremen
2024-12-28,BRG-6305,Deep-groove bearing 6305,Bearings,Bremen,HB,0,1,0,0,BRG-6305 · Bremen
2024-12-29,BRG-6305,Deep-groove bearing 6305,Bearings,Bremen,HB,0,1,0,0,BRG-6305 · Bremen
2024-12-30,BRG-6305,Deep-groove bearing 6305,Bearings,Bremen,HB,0,1,0,4,BRG-6305 · Bremen
2024-12-31,BRG-6305,Deep-groove bearing 6305,Bearings,Bremen,HB,0,1,0,3,BRG-6305 · Bremen
2023-01-01,DRV-BELT-A45,Drive belt A45,Drive,Augsburg,BY,1,1,0,1,DRV-BELT-A45 · Augsburg
2023-01-02,DRV-BELT-A45,Drive belt A45,Drive,Augsburg,BY,0,1,0,1,DRV-BELT-A45 · Augsburg
2023-01-03,DRV-BELT-A45,Drive belt A45,Drive,Augsburg,BY,0,0,0,2,DRV-BELT-A45 · Augsburg
2023-01-04,DRV-BELT-A45,Drive belt A45,Drive,Augsburg,BY,0,0,0,3,DRV-BELT-A45 · Augsburg
2023-01-05,DRV-BELT-A45,Drive belt A45,Drive,Augsburg,BY,0,0,0,2,DRV-BELT-A45 · Augsburg
2023-01-06,DRV-BELT-A45,Drive belt A45,Drive,Augsburg,BY,1,0,0,0,DRV-BELT-A45 · Augsburg
2023-01-07,DRV-BELT-A45,Drive belt A45,Drive,Augsburg,BY,0,0,0,1,DRV-BELT-A45 · Augsburg
2023-01-08,DRV-BELT-A45,Drive belt A45,Drive,Augsburg,BY,0,0,0,0,DRV-BELT-A45 · Augsburg
2023-01-09,DRV-BELT-A45,Drive belt A45,Drive,Augsburg,BY,0,0,0,6,DRV-BELT-A45 · Augsburg
2023-01-10,DRV-BELT-A45,Drive belt A45,Drive,Augsburg,BY,0,0,0,5,DRV-BELT-A45 · Augsburg
2023-01-11,DRV-BELT-A45,Drive belt A45,Drive,Augsburg,BY,0,0,0,5,DRV-BELT-A45 · Augsburg
2023-01-12,DRV-BELT-A45,Drive belt A45,Drive,Augsburg,BY,0,0,0,4,DRV-BELT-A45 · Augsburg
2023-01-13,DRV-BELT-A45,Drive belt A45,Drive,Augsburg,BY,0,0,0,2,DRV-BELT-A45 · Augsburg
2023-01-14,DRV-BELT-A45,Drive belt A45,Drive,Augsburg,BY,0,0,0,1,DRV-BELT-A45 · Augsburg
2023-01-15,DRV-BELT-A45,Drive belt A45,Drive,Augsburg,BY,0,0,0,0,DRV-BELT-A45 · Augsburg
2023-01-16,DRV-BELT-A45,Drive belt A45,Drive,Augsburg,BY,0,0,0,5,DRV-BELT-A45 · Augsburg
2023-01-17,DRV-BELT-A45,Drive belt A45,Drive,Augsburg,BY,0,0,0,4,DRV-BELT-A45 · Augsburg
2023-01-18,DRV-BELT-A45,Drive belt A45,Drive,Augsburg,BY,0,0,0,3,DRV-BELT-A45 · Augsburg
2023-01-19,DRV-BELT-A45,Drive belt A45,Drive,Augsburg,BY,0,0,0,3,DRV-BELT-A45 · Augsburg
2023-01-20,DRV-BELT-A45,Drive belt A45,Drive,Augsburg,BY,0,0,0,4,DRV-BELT-A45 · Augsburg
2023-01-21,DRV-BELT-A45,Drive belt A45,Drive,Augsburg,BY,0,0,0,0,DRV-BELT-A45 · Augsburg
2023-01-22,DRV-BELT-A45,Drive belt A45,Drive,Augsburg,BY,0,0,0,1,DRV-BELT-A45 · Augsburg
2023-01-23,DRV-BELT-A45,Drive belt A45,Drive,Augsburg,BY,0,0,0,3,DRV-BELT-A45 · Augsburg
2023-01-24,DRV-BELT-A45,Drive belt A45,Drive,Augsburg,BY,0,0,0,2,DRV-BELT-A45 · Augsburg
2023-01-25,DRV-BELT-A45,Drive belt A45,Drive,Augsburg,BY,0,0,0,2,DRV-BELT-A45 · Augsburg
2023-01-26,DRV-BELT-A45,Drive belt A45,Drive,Augsburg,BY,0,0,0,1,DRV-BELT-A45 · Augsburg
2023-01-27,DRV-BELT-A45,Drive belt A45,Drive,Augsburg,BY,0,0,0,3,DRV-BELT-A45 · Augsburg
2023-01-28,DRV-BELT-A45,Drive belt A45,Drive,Augsburg,BY,0,0,0,0,DRV-BELT-A45 · Augsburg
2023-01-29,DRV-BELT-A45,Drive belt A45,Drive,Augsburg,BY,0,0,0,0,DRV-BELT-A45 · Augsburg
2023-01-30,DRV-BELT-A45,Drive belt A45,Drive,Augsburg,BY,0,0,0,4,DRV-BELT-A45 · Augsburg
2023-01-31,DRV-BELT-A45,Drive belt A45,Drive,Augsburg,BY,0,0,0,2,DRV-BELT-A45 · Augsburg
2023-02-01,DRV-BELT-A45,Drive belt A45,Drive,Augsburg,BY,0,0,0,3,DRV-BELT-A45 · Augsburg
2023-02-02,DRV-BELT-A45,Drive belt A45,Drive,Augsburg,BY,0,0,0,1,DRV-BELT-A45 · Augsburg
2023-02-03,DRV-BELT-A45,Drive belt A45,Drive,Augsburg,BY,0,0,0,2,DRV-BELT-A45 · Augsburg
2023-02-04,DRV-BELT-A45,Drive belt A45,Drive,Augsburg,BY,0,0,0,2,DRV-BELT-A45 · Augsburg
2023-02-05,DRV-BELT-A45,Drive belt A45,Drive,Augsburg,BY,0,0,0,1,DRV-BELT-A45 · Augsburg
2023-02-06,DRV-BELT-A45,Drive belt A45,Drive,Augsburg,BY,0,0,0,3,DRV-BELT-A45 · Augsburg
2023-02-07,DRV-BELT-A45,Drive belt A45,Drive,Augsburg,BY,0,0,0,2,DRV-BELT-A45 · Augsburg
2023-02-08,DRV-BELT-A45,Drive belt A45,Drive,Augsburg,BY,0,0,0,3,DRV-BELT-A45 · Augsburg
2023-02-09,DRV-BELT-A45,Drive belt A45,Drive,Augsburg,BY,0,0,0,3,DRV-BELT-A45 · Augsburg
2023-02-10,DRV-BELT-A45,Drive belt A45,Drive,Augsburg,BY,0,0,0,2,DRV-BELT-A45 · Augsburg
2023-02-11,DRV-BELT-A45,Drive belt A45,Drive,Augsburg,BY,0,0,0,1,DRV-BELT-A45 · Augsburg
2023-02-12,DRV-BELT-A45,Drive belt A45,Drive,Augsburg,BY,0,0,0,0,DRV-BELT-A45 · Augsburg
2023-02-13,DRV-BELT-A45,Drive belt A45,Drive,Augsburg,BY,0,0,0,2,DRV-BELT-A45 · Augsburg
2023-02-14,DRV-BELT-A45,Drive belt A45,Drive,Augsburg,BY,0,0,0,3,DRV-BELT-A45 · Augsburg
2023-02-15,DRV-BELT-A45,Drive belt A45,Drive,Augsburg,BY,0,0,0,2,DRV-BELT-A45 · Augsburg
2023-02-16,DRV-BELT-A45,Drive belt A45,Drive,Augsburg,BY,0,0,0,3,DRV-BELT-A45 · Augsburg
2023-02-17,DRV-BELT-A45,Drive belt A45,Drive,Augsburg,BY,0,0,0,3,DRV-BELT-A45 · Augsburg
2023-02-18,DRV-BELT-A45,Drive belt A45,Drive,Augsburg,BY,0,0,0,0,DRV-BELT-A45 · Augsburg
2023-02-19,DRV-BELT-A45,Drive belt A45,Drive,Augsburg,BY,0,0,0,0,DRV-BELT-A45 · Augsburg
2023-02-20,DRV-BELT-A45,Drive belt A45,Drive,Augsburg,BY,0,0,0,2,DRV-BELT-A45 · Augsburg
2023-02-21,DRV-BELT-A45,Drive belt A45,Drive,Augsburg,BY,0,0,0,4,DRV-BELT-A45 · Augsburg
2023-02-22,DRV-BELT-A45,Drive belt A45,Drive,Augsburg,BY,0,0,0,3,DRV-BELT-A45 · Augsburg
2023-02-23,DRV-BELT-A45,Drive belt A45,Drive,Augsburg,BY,0,0,0,5,DRV-BELT-A45 · Augsburg
2023-02-24,DRV-BELT-A45,Drive belt A45,Drive,Augsburg,BY,0,0,0,4,DRV-BELT-A45 · Augsburg
2023-02-25,DRV-BELT-A45,Drive belt A45,Drive,Augsburg,BY,0,0,0,0,DRV-BELT-A45 · Augsburg
2023-02-26,DRV-BELT-A45,Drive belt A45,Drive,Augsburg,BY,0,0,0,0,DRV-BELT-A45 · Augsburg
2023-02-27,DRV-BELT-A45,Drive belt A45,Drive,Augsburg,BY,0,0,0,2,DRV-BELT-A45 · Augsburg
2023-02-28,DRV-BELT-A45,Drive belt A45,Drive,Augsburg,BY,0,0,0,2,DRV-BELT-A45 · Augsburg
2023-03-01,DRV-BELT-A45,Drive belt A45,Drive,Augsburg,BY,0,0,1,26,DRV-BELT-A45 · Augsburg
2023-03-02,DRV-BELT-A45,Drive belt A45,Drive,Augsburg,BY,0,0,1,20,DRV-BELT-A45 · Augsburg
2023-03-03,DRV-BELT-A45,Drive belt A45,Drive,Augsburg,BY,0,0,1,19,DRV-BELT-A45 · Augsburg
2023-03-04,DRV-BELT-A45,Drive belt A45,Drive,Augsburg,BY,0,0,1,2,DRV-BELT-A45 · Augsburg
2023-03-05,DRV-BELT-A45,Drive belt A45,Drive,Augsburg,BY,0,0,1,1,DRV-BELT-A45 · Augsburg
2023-03-06,DRV-BELT-A45,Drive belt A45,Drive,Augsburg,BY,0,0,1,20,DRV-BELT-A45 · Augsburg
2023-03-07,DRV-BELT-A45,Drive belt A45,Drive,Augsburg,BY,0,0,1,23,DRV-BELT-A45 · Augsburg
2023-03-08,DRV-BELT-A45,Drive belt A45,Drive,Augsburg,BY,0,0,0,3,DRV-BELT-A45 · Augsburg
2023-03-09,DRV-BELT-A45,Drive belt A45,Drive,Augsburg,BY,0,0,0,2,DRV-BELT-A45 · Augsburg
2023-03-10,DRV-BELT-A45,Drive belt A45,Drive,Augsburg,BY,0,0,0,4,DRV-BELT-A45 · Augsburg
2023-03-11,DRV-BELT-A45,Drive belt A45,Drive,Augsburg,BY,0,0,0,0,DRV-BELT-A45 · Augsburg
2023-03-12,DRV-BELT-A45,Drive belt A45,Drive,Augsburg,BY,0,0,0,0,DRV-BELT-A45 · Augsburg
2023-03-13,DRV-BELT-A45,Drive belt A45,Drive,Augsburg,BY,0,0,0,0,DRV-BELT-A45 · Augsburg
2023-03-14,DRV-BELT-A45,Drive belt A45,Drive,Augsburg,BY,0,0,0,3,DRV-BELT-A45 · Augsburg
2023-03-15,DRV-BELT-A45,Drive belt A45,Drive,Augsburg,BY,0,0,0,3,DRV-BELT-A45 · Augsburg
2023-03-16,DRV-BELT-A45,Drive belt A45,Drive,Augsburg,BY,0,0,0,3,DRV-BELT-A45 · Augsburg
2023-03-17,DRV-BELT-A45,Drive belt A45,Drive,Augsburg,BY,0,0,0,2,DRV-BELT-A45 · Augsburg
2023-03-18,DRV-BELT-A45,Drive belt A45,Drive,Augsburg,BY,0,0,0,0,DRV-BELT-A45 · Augsburg
2023-03-19,DRV-BELT-A45,Drive belt A45,Drive,Augsburg,BY,0,0,0,0,DRV-BELT-A45 · Augsburg
2023-03-20,DRV-BELT-A45,Drive belt A45,Drive,Augsburg,BY,0,0,0,4,DRV-BELT-A45 · Augsburg
2023-03-21,DRV-BELT-A45,Drive belt A45,Drive,Augsburg,BY,0,0,0,4,DRV-BELT-A45 · Augsburg
2023-03-22,DRV-BELT-A45,Drive belt A45,Drive,Augsburg,BY,0,0,0,3,DRV-BELT-A45 · Augsburg
2023-03-23,DRV-BELT-A45,Drive belt A45,Drive,Augsburg,BY,0,0,0,4,DRV-BELT-A45 · Augsburg
2023-03-24,DRV-BELT-A45,Drive belt A45,Drive,Augsburg,BY,0,0,0,3,DRV-BELT-A45 · Augsburg
2023-03-25,DRV-BELT-A45,Drive belt A45,Drive,Augsburg,BY,0,0,0,0,DRV-BELT-A45 · Augsburg
2023-03-26,DRV-BELT-A45,Drive belt A45,Drive,Augsburg,BY,0,0,0,0,DRV-BELT-A45 · Augsburg
2023-03-27,DRV-BELT-A45,Drive belt A45,Drive,Augsburg,BY,0,0,0,2,DRV-BELT-A45 · Augsburg
2023-03-28,DRV-BELT-A45,Drive belt A45,Drive,Augsburg,BY,0,0,0,4,DRV-BELT-A45 · Augsburg
2023-03-29,DRV-BELT-A45,Drive belt A45,Drive,Augsburg,BY,0,0,0,2,DRV-BELT-A45 · Augsburg
2023-03-30,DRV-BELT-A45,Drive belt A45,Drive,Augsburg,BY,0,0,0,2,DRV-BELT-A45 · Augsburg
2023-03-31,DRV-BELT-A45,Drive belt A45,Drive,Augsburg,BY,0,0,0,1,DRV-BELT-A45 · Augsburg
2023-04-01,DRV-BELT-A45,Drive belt A45,Drive,Augsburg,BY,0,0,0,0,DRV-BELT-A45 · Augsburg
2023-04-02,DRV-BELT-A45,Drive belt A45,Drive,Augsburg,BY,0,0,0,1,DRV-BELT-A45 · Augsburg
2023-04-03,DRV-BELT-A45,Drive belt A45,Drive,Augsburg,BY,0,0,0,4,DRV-BELT-A45 · Augsburg
2023-04-04,DRV-BELT-A45,Drive belt A45,Drive,Augsburg,BY,0,0,0,4,DRV-BELT-A45 · Augsburg
2023-04-05,DRV-BELT-A45,Drive belt A45,Drive,Augsburg,BY,0,0,0,6,DRV-BELT-A45 · Augsburg
2023-04-06,DRV-BELT-A45,Drive belt A45,Drive,Augsburg,BY,0,0,0,4,DRV-BELT-A45 · Augsburg
2023-04-07,DRV-BELT-A45,Drive belt A45,Drive,Augsburg,BY,1,0,0,0,DRV-BELT-A45 · Augsburg
2023-04-08,DRV-BELT-A45,Drive belt A45,Drive,Augsburg,BY,0,0,0,0,DRV-BELT-A45 · Augsburg
2023-04-09,DRV-BELT-A45,Drive belt A45,Drive,Augsburg,BY,0,0,0,0,DRV-BELT-A45 · Augsburg
2023-04-10,DRV-BELT-A45,Drive belt A45,Drive,Augsburg,BY,1,0,0,0,DRV-BELT-A45 · Augsburg
2023-04-11,DRV-BELT-A45,Drive belt A45,Drive,Augsburg,BY,0,0,0,3,DRV-BELT-A45 · Augsburg
2023-04-12,DRV-BELT-A45,Drive belt A45,Drive,Augsburg,BY,0,0,0,5,DRV-BELT-A45 · Augsburg
2023-04-13,DRV-BELT-A45,Drive belt A45,Drive,Augsburg,BY,0,0,0,5,DRV-BELT-A45 · Augsburg
2023-04-14,DRV-BELT-A45,Drive belt A45,Drive,Augsburg,BY,0,0,0,1,DRV-BELT-A45 · Augsburg
2023-04-15,DRV-BELT-A45,Drive belt A45,Drive,Augsburg,BY,0,0,0,0,DRV-BELT-A45 · Augsburg
2023-04-16,DRV-BELT-A45,Drive belt A45,Drive,Augsburg,BY,0,0,0,0,DRV-BELT-A45 · Augsburg
2023-04-17,DRV-BELT-A45,Drive belt A45,Drive,Augsburg,BY,0,0,0,4,DRV-BELT-A45 · Augsburg
2023-04-18,DRV-BELT-A45,Drive belt A45,Drive,Augsburg,BY,0,0,0,5,DRV-BELT-A45 · Augsburg
2023-04-19,DRV-BELT-A45,Drive belt A45,Drive,Augsburg,BY,0,0,0,6,DRV-BELT-A45 · Augsburg
2023-04-20,DRV-BELT-A45,Drive belt A45,Drive,Augsburg,BY,0,0,0,3,DRV-BELT-A45 · Augsburg
2023-04-21,DRV-BELT-A45,Drive belt A45,Drive,Augsburg,BY,0,0,0,2,DRV-BELT-A45 · Augsburg
2023-04-22,DRV-BELT-A45,Drive belt A45,Drive,Augsburg,BY,0,0,0,1,DRV-BELT-A45 · Augsburg
2023-04-23,DRV-BELT-A45,Drive belt A45,Drive,Augsburg,BY,0,0,0,0,DRV-BELT-A45 · Augsburg
2023-04-24,DRV-BELT-A45,Drive belt A45,Drive,Augsburg,BY,0,0,0,3,DRV-BELT-A45 · Augsburg
2023-04-25,DRV-BELT-A45,Drive belt A45,Drive,Augsburg,BY,0,0,0,3,DRV-BELT-A45 · Augsburg
2023-04-26,DRV-BELT-A45,Drive belt A45,Drive,Augsburg,BY,0,0,0,1,DRV-BELT-A45 · Augsburg
2023-04-27,DRV-BELT-A45,Drive belt A45,Drive,Augsburg,BY,0,0,0,3,DRV-BELT-A45 · Augsburg
2023-04-28,DRV-BELT-A45,Drive belt A45,Drive,Augsburg,BY,0,0,0,3,DRV-BELT-A45 · Augsburg
2023-04-29,DRV-BELT-A45,Drive belt A45,Drive,Augsburg,BY,0,0,0,1,DRV-BELT-A45 · Augsburg
2023-04-30,DRV-BELT-A45,Drive belt A45,Drive,Augsburg,BY,0,0,0,0,DRV-BELT-A45 · Augsburg
2023-05-01,DRV-BELT-A45,Drive belt A45,Drive,Augsburg,BY,1,0,0,0,DRV-BELT-A45 · Augsburg
2023-05-02,DRV-BELT-A45,Drive belt A45,Drive,Augsburg,BY,0,0,0,3,DRV-BELT-A45 · Augsburg
2023-05-03,DRV-BELT-A45,Drive belt A45,Drive,Augsburg,BY,0,0,0,1,DRV-BELT-A45 · Augsburg
2023-05-04,DRV-BELT-A45,Drive belt A45,Drive,Augsburg,BY,0,0,0,2,DRV-BELT-A45 · Augsburg
2023-05-05,DRV-BELT-A45,Drive belt A45,Drive,Augsburg,BY,0,0,0,3,DRV-BELT-A45 · Augsburg
2023-05-06,DRV-BELT-A45,Drive belt A45,Drive,Augsburg,BY,0,0,0,0,DRV-BELT-A45 · Augsburg
2023-05-07,DRV-BELT-A45,Drive belt A45,Drive,Augsburg,BY,0,0,0,1,DRV-BELT-A45 · Augsburg
2023-05-08,DRV-BELT-A45,Drive belt A45,Drive,Augsburg,BY,0,0,0,1,DRV-BELT-A45 · Augsburg
2023-05-09,DRV-BELT-A45,Drive belt A45,Drive,Augsburg,BY,0,0,0,3,DRV-BELT-A45 · Augsburg
2023-05-10,DRV-BELT-A45,Drive belt A45,Drive,Augsburg,BY,0,0,0,2,DRV-BELT-A45 · Augsburg
2023-05-11,DRV-BELT-A45,Drive belt A45,Drive,Augsburg,BY,0,0,0,4,DRV-BELT-A45 · Augsburg
2023-05-12,DRV-BELT-A45,Drive belt A45,Drive,Augsburg,BY,0,0,0,3,DRV-BELT-A45 · Augsburg
2023-05-13,DRV-BELT-A45,Drive belt A45,Drive,Augsburg,BY,0,0,0,1,DRV-BELT-A45 · Augsburg
2023-05-14,DRV-BELT-A45,Drive belt A45,Drive,Augsburg,BY,0,0,0,1,DRV-BELT-A45 · Augsburg
2023-05-15,DRV-BELT-A45,Drive belt A45,Drive,Augsburg,BY,0,0,0,3,DRV-BELT-A45 · Augsburg
2023-05-16,DRV-BELT-A45,Drive belt A45,Drive,Augsburg,BY,0,0,0,5,DRV-BELT-A45 · Augsburg
2023-05-17,DRV-BELT-A45,Drive belt A45,Drive,Augsburg,BY,0,0,0,2,DRV-BELT-A45 · Augsburg
2023-05-18,DRV-BELT-A45,Drive belt A45,Drive,Augsburg,BY,1,0,0,0,DRV-BELT-A45 · Augsburg
2023-05-19,DRV-BELT-A45,Drive belt A45,Drive,Augsburg,BY,0,0,0,4,DRV-BELT-A45 · Augsburg
2023-05-20,DRV-BELT-A45,Drive belt A45,Drive,Augsburg,BY,0,0,0,0,DRV-BELT-A45 · Augsburg
2023-05-21,DRV-BELT-A45,Drive belt A45,Drive,Augsburg,BY,0,0,0,1,DRV-BELT-A45 · Augsburg
2023-05-22,DRV-BELT-A45,Drive belt A45,Drive,Augsburg,BY,0,0,0,4,DRV-BELT-A45 · Augsburg
2023-05-23,DRV-BELT-A45,Drive belt A45,Drive,Augsburg,BY,0,0,0,5,DRV-BELT-A45 · Augsburg
2023-05-24,DRV-BELT-A45,Drive belt A45,Drive,Augsburg,BY,0,0,0,3,DRV-BELT-A45 · Augsburg
2023-05-25,DRV-BELT-A45,Drive belt A45,Drive,Augsburg,BY,0,0,0,3,DRV-BELT-A45 · Augsburg
2023-05-26,DRV-BELT-A45,Drive belt A45,Drive,Augsburg,BY,0,0,0,3,DRV-BELT-A45 · Augsburg
2023-05-27,DRV-BELT-A45,Drive belt A45,Drive,Augsburg,BY,0,0,0,0,DRV-BELT-A45 · Augsburg
2023-05-28,DRV-BELT-A45,Drive belt A45,Drive,Augsburg,BY,0,0,0,0,DRV-BELT-A45 · Augsburg
2023-05-29,DRV-BELT-A45,Drive belt A45,Drive,Augsburg,BY,1,0,0,1,DRV-BELT-A45 · Augsburg
2023-05-30,DRV-BELT-A45,Drive belt A45,Drive,Augsburg,BY,0,0,0,4,DRV-BELT-A45 · Augsburg
2023-05-31,DRV-BELT-A45,Drive belt A45,Drive,Augsburg,BY,0,0,0,3,DRV-BELT-A45 · Augsburg
2023-06-01,DRV-BELT-A45,Drive belt A45,Drive,Augsburg,BY,0,0,0,3,DRV-BELT-A45 · Augsburg
2023-06-02,DRV-BELT-A45,Drive belt A45,Drive,Augsburg,BY,0,0,0,5,DRV-BELT-A45 · Augsburg
2023-06-03,DRV-BELT-A45,Drive belt A45,Drive,Augsburg,BY,0,0,0,0,DRV-BELT-A45 · Augsburg
2023-06-04,DRV-BELT-A45,Drive belt A45,Drive,Augsburg,BY,0,0,0,0,DRV-BELT-A45 · Augsburg
2023-06-05,DRV-BELT-A45,Drive belt A45,Drive,Augsburg,BY,0,0,0,2,DRV-BELT-A45 · Augsburg
2023-06-06,DRV-BELT-A45,Drive belt A45,Drive,Augsburg,BY,0,0,0,4,DRV-BELT-A45 · Augsburg
2023-06-07,DRV-BELT-A45,Drive belt A45,Drive,Augsburg,BY,0,0,0,5,DRV-BELT-A45 · Augsburg
2023-06-08,DRV-BELT-A45,Drive belt A45,Drive,Augsburg,BY,1,0,0,1,DRV-BELT-A45 · Augsburg
2023-06-09,DRV-BELT-A45,Drive belt A45,Drive,Augsburg,BY,0,0,0,3,DRV-BELT-A45 · Augsburg
2023-06-10,DRV-BELT-A45,Drive belt A45,Drive,Augsburg,BY,0,0,0,1,DRV-BELT-A45 · Augsburg
2023-06-11,DRV-BELT-A45,Drive belt A45,Drive,Augsburg,BY,0,0,0,1,DRV-BELT-A45 · Augsburg
2023-06-12,DRV-BELT-A45,Drive belt A45,Drive,Augsburg,BY,0,0,0,5,DRV-BELT-A45 · Augsburg
2023-06-13,DRV-BELT-A45,Drive belt A45,Drive,Augsburg,BY,0,0,0,5,DRV-BELT-A45 · Augsburg
2023-06-14,DRV-BELT-A45,Drive belt A45,Drive,Augsburg,BY,0,0,0,5,DRV-BELT-A45 · Augsburg
2023-06-15,DRV-BELT-A45,Drive belt A45,Drive,Augsburg,BY,0,0,0,3,DRV-BELT-A45 · Augsburg
2023-06-16,DRV-BELT-A45,Drive belt A45,Drive,Augsburg,BY,0,0,0,2,DRV-BELT-A45 · Augsburg
2023-06-17,DRV-BELT-A45,Drive belt A45,Drive,Augsburg,BY,0,0,0,1,DRV-BELT-A45 · Augsburg
2023-06-18,DRV-BELT-A45,Drive belt A45,Drive,Augsburg,BY,0,0,0,1,DRV-BELT-A45 · Augsburg
2023-06-19,DRV-BELT-A45,Drive belt A45,Drive,Augsburg,BY,0,0,0,5,DRV-BELT-A45 · Augsburg
2023-06-20,DRV-BELT-A45,Drive belt A45,Drive,Augsburg,BY,0,0,0,5,DRV-BELT-A45 · Augsburg
2023-06-21,DRV-BELT-A45,Drive belt A45,Drive,Augsburg,BY,0,0,0,6,DRV-BELT-A45 · Augsburg
2023-06-22,DRV-BELT-A45,Drive belt A45,Drive,Augsburg,BY,0,0,0,4,DRV-BELT-A45 · Augsburg
2023-06-23,DRV-BELT-A45,Drive belt A45,Drive,Augsburg,BY,0,0,0,4,DRV-BELT-A45 · Augsburg
2023-06-24,DRV-BELT-A45,Drive belt A45,Drive,Augsburg,BY,0,0,0,0,DRV-BELT-A45 · Augsburg
2023-06-25,DRV-BELT-A45,Drive belt A45,Drive,Augsburg,BY,0,0,0,0,DRV-BELT-A45 · Augsburg
2023-06-26,DRV-BELT-A45,Drive belt A45,Drive,Augsburg,BY,0,0,0,3,DRV-BELT-A45 · Augsburg
2023-06-27,DRV-BELT-A45,Drive belt A45,Drive,Augsburg,BY,0,0,0,4,DRV-BELT-A45 · Augsburg
2023-06-28,DRV-BELT-A45,Drive belt A45,Drive,Augsburg,BY,0,0,0,4,DRV-BELT-A45 · Augsburg
2023-06-29,DRV-BELT-A45,Drive belt A45,Drive,Augsburg,BY,0,0,0,4,DRV-BELT-A45 · Augsburg
2023-06-30,DRV-BELT-A45,Drive belt A45,Drive,Augsburg,BY,0,0,0,3,DRV-BELT-A45 · Augsburg
2023-07-01,DRV-BELT-A45,Drive belt A45,Drive,Augsburg,BY,0,0,0,1,DRV-BELT-A45 · Augsburg
2023-07-02,DRV-BELT-A45,Drive belt A45,Drive,Augsburg,BY,0,0,0,0,DRV-BELT-A45 · Augsburg
2023-07-03,DRV-BELT-A45,Drive belt A45,Drive,Augsburg,BY,0,0,0,4,DRV-BELT-A45 · Augsburg
2023-07-04,DRV-BELT-A45,Drive belt A45,Drive,Augsburg,BY,0,0,0,6,DRV-BELT-A45 · Augsburg
2023-07-05,DRV-BELT-A45,Drive belt A45,Drive,Augsburg,BY,0,0,0,6,DRV-BELT-A45 · Augsburg
2023-07-06,DRV-BELT-A45,Drive belt A45,Drive,Augsburg,BY,0,0,0,5,DRV-BELT-A45 · Augsburg
2023-07-07,DRV-BELT-A45,Drive belt A45,Drive,Augsburg,BY,0,0,0,5,DRV-BELT-A45 · Augsburg
2023-07-08,DRV-BELT-A45,Drive belt A45,Drive,Augsburg,BY,0,0,0,1,DRV-BELT-A45 · Augsburg
2023-07-09,DRV-BELT-A45,Drive belt A45,Drive,Augsburg,BY,0,0,0,0,DRV-BELT-A45 · Augsburg
2023-07-10,DRV-BELT-A45,Drive belt A45,Drive,Augsburg,BY,0,0,0,5,DRV-BELT-A45 · Augsburg
2023-07-11,DRV-BELT-A45,Drive belt A45,Drive,Augsburg,BY,0,0,0,4,DRV-BELT-A45 · Augsburg
2023-07-12,DRV-BELT-A45,Drive belt A45,Drive,Augsburg,BY,0,0,0,3,DRV-BELT-A45 · Augsburg
2023-07-13,DRV-BELT-A45,Drive belt A45,Drive,Augsburg,BY,0,0,0,3,DRV-BELT-A45 · Augsburg
2023-07-14,DRV-BELT-A45,Drive belt A45,Drive,Augsburg,BY,0,0,0,2,DRV-BELT-A45 · Augsburg
2023-07-15,DRV-BELT-A45,Drive belt A45,Drive,Augsburg,BY,0,0,0,1,DRV-BELT-A45 · Augsburg
2023-07-16,DRV-BELT-A45,Drive belt A45,Drive,Augsburg,BY,0,0,0,0,DRV-BELT-A45 · Augsburg
2023-07-17,DRV-BELT-A45,Drive belt A45,Drive,Augsburg,BY,0,0,0,4,DRV-BELT-A45 · Augsburg
2023-07-18,DRV-BELT-A45,Drive belt A45,Drive,Augsburg,BY,0,0,0,3,DRV-BELT-A45 · Augsburg
2023-07-19,DRV-BELT-A45,Drive belt A45,Drive,Augsburg,BY,0,0,0,4,DRV-BELT-A45 · Augsburg
2023-07-20,DRV-BELT-A45,Drive belt A45,Drive,Augsburg,BY,0,0,0,4,DRV-BELT-A45 · Augsburg
2023-07-21,DRV-BELT-A45,Drive belt A45,Drive,Augsburg,BY,0,0,0,2,DRV-BELT-A45 · Augsburg
2023-07-22,DRV-BELT-A45,Drive belt A45,Drive,Augsburg,BY,0,0,0,0,DRV-BELT-A45 · Augsburg
2023-07-23,DRV-BELT-A45,Drive belt A45,Drive,Augsburg,BY,0,0,0,1,DRV-BELT-A45 · Augsburg
2023-07-24,DRV-BELT-A45,Drive belt A45,Drive,Augsburg,BY,0,0,0,2,DRV-BELT-A45 · Augsburg
2023-07-25,DRV-BELT-A45,Drive belt A45,Drive,Augsburg,BY,0,0,0,4,DRV-BELT-A45 · Augsburg
2023-07-26,DRV-BELT-A45,Drive belt A45,Drive,Augsburg,BY,0,0,0,5,DRV-BELT-A45 · Augsburg
2023-07-27,DRV-BELT-A45,Drive belt A45,Drive,Augsburg,BY,0,0,0,5,DRV-BELT-A45 · Augsburg
2023-07-28,DRV-BELT-A45,Drive belt A45,Drive,Augsburg,BY,0,0,0,4,DRV-BELT-A45 · Augsburg
2023-07-29,DRV-BELT-A45,Drive belt A45,Drive,Augsburg,BY,0,0,0,1,DRV-BELT-A45 · Augsburg
2023-07-30,DRV-BELT-A45,Drive belt A45,Drive,Augsburg,BY,0,0,0,2,DRV-BELT-A45 · Augsburg
2023-07-31,DRV-BELT-A45,Drive belt A45,Drive,Augsburg,BY,0,0,0,1,DRV-BELT-A45 · Augsburg
2023-08-01,DRV-BELT-A45,Drive belt A45,Drive,Augsburg,BY,0,0,0,3,DRV-BELT-A45 · Augsburg
2023-08-02,DRV-BELT-A45,Drive belt A45,Drive,Augsburg,BY,0,0,0,5,DRV-BELT-A45 · Augsburg
2023-08-03,DRV-BELT-A45,Drive belt A45,Drive,Augsburg,BY,0,0,0,3,DRV-BELT-A45 · Augsburg
2023-08-04,DRV-BELT-A45,Drive belt A45,Drive,Augsburg,BY,0,0,0,5,DRV-BELT-A45 · Augsburg
2023-08-05,DRV-BELT-A45,Drive belt A45,Drive,Augsburg,BY,0,0,0,0,DRV-BELT-A45 · Augsburg
2023-08-06,DRV-BELT-A45,Drive belt A45,Drive,Augsburg,BY,0,0,0,0,DRV-BELT-A45 · Augsburg
2023-08-07,DRV-BELT-A45,Drive belt A45,Drive,Augsburg,BY,0,1,0,1,DRV-BELT-A45 · Augsburg
2023-08-08,DRV-BELT-A45,Drive belt A45,Drive,Augsburg,BY,0,1,0,0,DRV-BELT-A45 · Augsburg
2023-08-09,DRV-BELT-A45,Drive belt A45,Drive,Augsburg,BY,0,1,0,0,DRV-BELT-A45 · Augsburg
2023-08-10,DRV-BELT-A45,Drive belt A45,Drive,Augsburg,BY,0,1,0,1,DRV-BELT-A45 · Augsburg
2023-08-11,DRV-BELT-A45,Drive belt A45,Drive,Augsburg,BY,0,1,0,0,DRV-BELT-A45 · Augsburg
2023-08-12,DRV-BELT-A45,Drive belt A45,Drive,Augsburg,BY,0,1,0,1,DRV-BELT-A45 · Augsburg
2023-08-13,DRV-BELT-A45,Drive belt A45,Drive,Augsburg,BY,0,1,0,0,DRV-BELT-A45 · Augsburg
2023-08-14,DRV-BELT-A45,Drive belt A45,Drive,Augsburg,BY,0,1,0,1,DRV-BELT-A45 · Augsburg
2023-08-15,DRV-BELT-A45,Drive belt A45,Drive,Augsburg,BY,0,1,0,0,DRV-BELT-A45 · Augsburg
2023-08-16,DRV-BELT-A45,Drive belt A45,Drive,Augsburg,BY,0,1,0,0,DRV-BELT-A45 · Augsburg
2023-08-17,DRV-BELT-A45,Drive belt A45,Drive,Augsburg,BY,0,1,0,1,DRV-BELT-A45 · Augsburg
2023-08-18,DRV-BELT-A45,Drive belt A45,Drive,Augsburg,BY,0,1,0,2,DRV-BELT-A45 · Augsburg
2023-08-19,DRV-BELT-A45,Drive belt A45,Drive,Augsburg,BY,0,1,0,1,DRV-BELT-A45 · Augsburg
2023-08-20,DRV-BELT-A45,Drive belt A45,Drive,Augsburg,BY,0,1,0,0,DRV-BELT-A45 · Augsburg
2023-08-21,DRV-BELT-A45,Drive belt A45,Drive,Augsburg,BY,0,0,0,5,DRV-BELT-A45 · Augsburg
2023-08-22,DRV-BELT-A45,Drive belt A45,Drive,Augsburg,BY,0,0,0,5,DRV-BELT-A45 · Augsburg
2023-08-23,DRV-BELT-A45,Drive belt A45,Drive,Augsburg,BY,0,0,0,2,DRV-BELT-A45 · Augsburg
2023-08-24,DRV-BELT-A45,Drive belt A45,Drive,Augsburg,BY,0,0,0,5,DRV-BELT-A45 · Augsburg
2023-08-25,DRV-BELT-A45,Drive belt A45,Drive,Augsburg,BY,0,0,0,3,DRV-BELT-A45 · Augsburg
2023-08-26,DRV-BELT-A45,Drive belt A45,Drive,Augsburg,BY,0,0,0,0,DRV-BELT-A45 · Augsburg
2023-08-27,DRV-BELT-A45,Drive belt A45,Drive,Augsburg,BY,0,0,0,0,DRV-BELT-A45 · Augsburg
2023-08-28,DRV-BELT-A45,Drive belt A45,Drive,Augsburg,BY,0,0,0,5,DRV-BELT-A45 · Augsburg
2023-08-29,DRV-BELT-A45,Drive belt A45,Drive,Augsburg,BY,0,0,0,3,DRV-BELT-A45 · Augsburg
2023-08-30,DRV-BELT-A45,Drive belt A45,Drive,Augsburg,BY,0,0,0,2,DRV-BELT-A45 · Augsburg
2023-08-31,DRV-BELT-A45,Drive belt A45,Drive,Augsburg,BY,0,0,0,4,DRV-BELT-A45 · Augsburg
2023-09-01,DRV-BELT-A45,Drive belt A45,Drive,Augsburg,BY,0,0,1,17,DRV-BELT-A45 · Augsburg
2023-09-02,DRV-BELT-A45,Drive belt A45,Drive,Augsburg,BY,0,0,1,3,DRV-BELT-A45 · Augsburg
2023-09-03,DRV-BELT-A45,Drive belt A45,Drive,Augsburg,BY,0,0,1,3,DRV-BELT-A45 · Augsburg
2023-09-04,DRV-BELT-A45,Drive belt A45,Drive,Augsburg,BY,0,0,1,28,DRV-BELT-A45 · Augsburg
2023-09-05,DRV-BELT-A45,Drive belt A45,Drive,Augsburg,BY,0,0,1,28,DRV-BELT-A45 · Augsburg
2023-09-06,DRV-BELT-A45,Drive belt A45,Drive,Augsburg,BY,0,0,1,27,DRV-BELT-A45 · Augsburg
2023-09-07,DRV-BELT-A45,Drive belt A45,Drive,Augsburg,BY,0,0,1,31,DRV-BELT-A45 · Augsburg
2023-09-08,DRV-BELT-A45,Drive belt A45,Drive,Augsburg,BY,0,0,0,3,DRV-BELT-A45 · Augsburg
2023-09-09,DRV-BELT-A45,Drive belt A45,Drive,Augsburg,BY,0,0,0,1,DRV-BELT-A45 · Augsburg
2023-09-10,DRV-BELT-A45,Drive belt A45,Drive,Augsburg,BY,0,0,0,0,DRV-BELT-A45 · Augsburg
2023-09-11,DRV-BELT-A45,Drive belt A45,Drive,Augsburg,BY,0,0,0,5,DRV-BELT-A45 · Augsburg
2023-09-12,DRV-BELT-A45,Drive belt A45,Drive,Augsburg,BY,0,0,0,4,DRV-BELT-A45 · Augsburg
2023-09-13,DRV-BELT-A45,Drive belt A45,Drive,Augsburg,BY,0,0,0,6,DRV-BELT-A45 · Augsburg
2023-09-14,DRV-BELT-A45,Drive belt A45,Drive,Augsburg,BY,0,0,0,3,DRV-BELT-A45 · Augsburg
2023-09-15,DRV-BELT-A45,Drive belt A45,Drive,Augsburg,BY,0,0,0,5,DRV-BELT-A45 · Augsburg
2023-09-16,DRV-BELT-A45,Drive belt A45,Drive,Augsburg,BY,0,0,0,1,DRV-BELT-A45 · Augsburg
2023-09-17,DRV-BELT-A45,Drive belt A45,Drive,Augsburg,BY,0,0,0,0,DRV-BELT-A45 · Augsburg
2023-09-18,DRV-BELT-A45,Drive belt A45,Drive,Augsburg,BY,0,0,0,4,DRV-BELT-A45 · Augsburg
2023-09-19,DRV-BELT-A45,Drive belt A45,Drive,Augsburg,BY,0,0,0,4,DRV-BELT-A45 · Augsburg
2023-09-20,DRV-BELT-A45,Drive belt A45,Drive,Augsburg,BY,0,0,0,4,DRV-BELT-A45 · Augsburg
2023-09-21,DRV-BELT-A45,Drive belt A45,Drive,Augsburg,BY,0,0,0,3,DRV-BELT-A45 · Augsburg
2023-09-22,DRV-BELT-A45,Drive belt A45,Drive,Augsburg,BY,0,0,0,3,DRV-BELT-A45 · Augsburg
2023-09-23,DRV-BELT-A45,Drive belt A45,Drive,Augsburg,BY,0,0,0,0,DRV-BELT-A45 · Augsburg
2023-09-24,DRV-BELT-A45,Drive belt A45,Drive,Augsburg,BY,0,0,0,0,DRV-BELT-A45 · Augsburg
2023-09-25,DRV-BELT-A45,Drive belt A45,Drive,Augsburg,BY,0,0,0,5,DRV-BELT-A45 · Augsburg
2023-09-26,DRV-BELT-A45,Drive belt A45,Drive,Augsburg,BY,0,0,0,2,DRV-BELT-A45 · Augsburg
2023-09-27,DRV-BELT-A45,Drive belt A45,Drive,Augsburg,BY,0,0,0,3,DRV-BELT-A45 · Augsburg
2023-09-28,DRV-BELT-A45,Drive belt A45,Drive,Augsburg,BY,0,0,0,4,DRV-BELT-A45 · Augsburg
2023-09-29,DRV-BELT-A45,Drive belt A45,Drive,Augsburg,BY,0,0,0,4,DRV-BELT-A45 · Augsburg
2023-09-30,DRV-BELT-A45,Drive belt A45,Drive,Augsburg,BY,0,0,0,0,DRV-BELT-A45 · Augsburg
2023-10-01,DRV-BELT-A45,Drive belt A45,Drive,Augsburg,BY,0,0,0,0,DRV-BELT-A45 · Augsburg
2023-10-02,DRV-BELT-A45,Drive belt A45,Drive,Augsburg,BY,0,0,0,4,DRV-BELT-A45 · Augsburg
2023-10-03,DRV-BELT-A45,Drive belt A45,Drive,Augsburg,BY,1,0,0,0,DRV-BELT-A45 · Augsburg
2023-10-04,DRV-BELT-A45,Drive belt A45,Drive,Augsburg,BY,0,0,0,5,DRV-BELT-A45 · Augsburg
2023-10-05,DRV-BELT-A45,Drive belt A45,Drive,Augsburg,BY,0,0,0,2,DRV-BELT-A45 · Augsburg
2023-10-06,DRV-BELT-A45,Drive belt A45,Drive,Augsburg,BY,0,0,0,1,DRV-BELT-A45 · Augsburg
2023-10-07,DRV-BELT-A45,Drive belt A45,Drive,Augsburg,BY,0,0,0,1,DRV-BELT-A45 · Augsburg
2023-10-08,DRV-BELT-A45,Drive belt A45,Drive,Augsburg,BY,0,0,0,0,DRV-BELT-A45 · Augsburg
2023-10-09,DRV-BELT-A45,Drive belt A45,Drive,Augsburg,BY,0,0,0,2,DRV-BELT-A45 · Augsburg
2023-10-10,DRV-BELT-A45,Drive belt A45,Drive,Augsburg,BY,0,0,0,3,DRV-BELT-A45 · Augsburg
2023-10-11,DRV-BELT-A45,Drive belt A45,Drive,Augsburg,BY,0,0,0,5,DRV-BELT-A45 · Augsburg
2023-10-12,DRV-BELT-A45,Drive belt A45,Drive,Augsburg,BY,0,0,0,2,DRV-BELT-A45 · Augsburg
2023-10-13,DRV-BELT-A45,Drive belt A45,Drive,Augsburg,BY,0,0,0,5,DRV-BELT-A45 · Augsburg
2023-10-14,DRV-BELT-A45,Drive belt A45,Drive,Augsburg,BY,0,0,0,0,DRV-BELT-A45 · Augsburg
2023-10-15,DRV-BELT-A45,Drive belt A45,Drive,Augsburg,BY,0,0,0,0,DRV-BELT-A45 · Augsburg
2023-10-16,DRV-BELT-A45,Drive belt A45,Drive,Augsburg,BY,0,0,0,2,DRV-BELT-A45 · Augsburg
2023-10-17,DRV-BELT-A45,Drive belt A45,Drive,Augsburg,BY,0,0,0,3,DRV-BELT-A45 · Augsburg
2023-10-18,DRV-BELT-A45,Drive belt A45,Drive,Augsburg,BY,0,0,0,3,DRV-BELT-A45 · Augsburg
2023-10-19,DRV-BELT-A45,Drive belt A45,Drive,Augsburg,BY,0,0,0,2,DRV-BELT-A45 · Augsburg
2023-10-20,DRV-BELT-A45,Drive belt A45,Drive,Augsburg,BY,0,0,0,6,DRV-BELT-A45 · Augsburg
2023-10-21,DRV-BELT-A45,Drive belt A45,Drive,Augsburg,BY,0,0,0,0,DRV-BELT-A45 · Augsburg
2023-10-22,DRV-BELT-A45,Drive belt A45,Drive,Augsburg,BY,0,0,0,0,DRV-BELT-A45 · Augsburg
2023-10-23,DRV-BELT-A45,Drive belt A45,Drive,Augsburg,BY,0,0,0,5,DRV-BELT-A45 · Augsburg
2023-10-24,DRV-BELT-A45,Drive belt A45,Drive,Augsburg,BY,0,0,0,5,DRV-BELT-A45 · Augsburg
2023-10-25,DRV-BELT-A45,Drive belt A45,Drive,Augsburg,BY,0,0,0,5,DRV-BELT-A45 · Augsburg
2023-10-26,DRV-BELT-A45,Drive belt A45,Drive,Augsburg,BY,0,0,0,2,DRV-BELT-A45 · Augsburg
2023-10-27,DRV-BELT-A45,Drive belt A45,Drive,Augsburg,BY,0,0,0,3,DRV-BELT-A45 · Augsburg
2023-10-28,DRV-BELT-A45,Drive belt A45,Drive,Augsburg,BY,0,0,0,0,DRV-BELT-A45 · Augsburg
2023-10-29,DRV-BELT-A45,Drive belt A45,Drive,Augsburg,BY,0,0,0,1,DRV-BELT-A45 · Augsburg
2023-10-30,DRV-BELT-A45,Drive belt A45,Drive,Augsburg,BY,0,0,0,2,DRV-BELT-A45 · Augsburg
2023-10-31,DRV-BELT-A45,Drive belt A45,Drive,Augsburg,BY,0,0,0,3,DRV-BELT-A45 · Augsburg
2023-11-01,DRV-BELT-A45,Drive belt A45,Drive,Augsburg,BY,1,0,0,0,DRV-BELT-A45 · Augsburg
2023-11-02,DRV-BELT-A45,Drive belt A45,Drive,Augsburg,BY,0,0,0,4,DRV-BELT-A45 · Augsburg
2023-11-03,DRV-BELT-A45,Drive belt A45,Drive,Augsburg,BY,0,0,0,3,DRV-BELT-A45 · Augsburg
2023-11-04,DRV-BELT-A45,Drive belt A45,Drive,Augsburg,BY,0,0,0,1,DRV-BELT-A45 · Augsburg
2023-11-05,DRV-BELT-A45,Drive belt A45,Drive,Augsburg,BY,0,0,0,1,DRV-BELT-A45 · Augsburg
2023-11-06,DRV-BELT-A45,Drive belt A45,Drive,Augsburg,BY,0,0,0,4,DRV-BELT-A45 · Augsburg
2023-11-07,DRV-BELT-A45,Drive belt A45,Drive,Augsburg,BY,0,0,0,2,DRV-BELT-A45 · Augsburg
2023-11-08,DRV-BELT-A45,Drive belt A45,Drive,Augsburg,BY,0,0,0,6,DRV-BELT-A45 · Augsburg
2023-11-09,DRV-BELT-A45,Drive belt A45,Drive,Augsburg,BY,0,0,0,3,DRV-BELT-A45 · Augsburg
2023-11-10,DRV-BELT-A45,Drive belt A45,Drive,Augsburg,BY,0,0,0,5,DRV-BELT-A45 · Augsburg
2023-11-11,DRV-BELT-A45,Drive belt A45,Drive,Augsburg,BY,0,0,0,2,DRV-BELT-A45 · Augsburg
2023-11-12,DRV-BELT-A45,Drive belt A45,Drive,Augsburg,BY,0,0,0,1,DRV-BELT-A45 · Augsburg
2023-11-13,DRV-BELT-A45,Drive belt A45,Drive,Augsburg,BY,0,0,0,5,DRV-BELT-A45 · Augsburg
2023-11-14,DRV-BELT-A45,Drive belt A45,Drive,Augsburg,BY,0,0,0,0,DRV-BELT-A45 · Augsburg
2023-11-15,DRV-BELT-A45,Drive belt A45,Drive,Augsburg,BY,0,0,0,4,DRV-BELT-A45 · Augsburg
2023-11-16,DRV-BELT-A45,Drive belt A45,Drive,Augsburg,BY,0,0,0,5,DRV-BELT-A45 · Augsburg
2023-11-17,DRV-BELT-A45,Drive belt A45,Drive,Augsburg,BY,0,0,0,4,DRV-BELT-A45 · Augsburg
2023-11-18,DRV-BELT-A45,Drive belt A45,Drive,Augsburg,BY,0,0,0,0,DRV-BELT-A45 · Augsburg
2023-11-19,DRV-BELT-A45,Drive belt A45,Drive,Augsburg,BY,0,0,0,0,DRV-BELT-A45 · Augsburg
2023-11-20,DRV-BELT-A45,Drive belt A45,Drive,Augsburg,BY,0,0,0,1,DRV-BELT-A45 · Augsburg
2023-11-21,DRV-BELT-A45,Drive belt A45,Drive,Augsburg,BY,0,0,0,4,DRV-BELT-A45 · Augsburg
2023-11-22,DRV-BELT-A45,Drive belt A45,Drive,Augsburg,BY,0,0,0,2,DRV-BELT-A45 · Augsburg
2023-11-23,DRV-BELT-A45,Drive belt A45,Drive,Augsburg,BY,0,0,0,5,DRV-BELT-A45 · Augsburg
2023-11-24,DRV-BELT-A45,Drive belt A45,Drive,Augsburg,BY,0,0,0,4,DRV-BELT-A45 · Augsburg
2023-11-25,DRV-BELT-A45,Drive belt A45,Drive,Augsburg,BY,0,0,0,0,DRV-BELT-A45 · Augsburg
2023-11-26,DRV-BELT-A45,Drive belt A45,Drive,Augsburg,BY,0,0,0,1,DRV-BELT-A45 · Augsburg
2023-11-27,DRV-BELT-A45,Drive belt A45,Drive,Augsburg,BY,0,0,0,3,DRV-BELT-A45 · Augsburg
2023-11-28,DRV-BELT-A45,Drive belt A45,Drive,Augsburg,BY,0,0,0,4,DRV-BELT-A45 · Augsburg
2023-11-29,DRV-BELT-A45,Drive belt A45,Drive,Augsburg,BY,0,0,0,2,DRV-BELT-A45 · Augsburg
2023-11-30,DRV-BELT-A45,Drive belt A45,Drive,Augsburg,BY,0,0,0,4,DRV-BELT-A45 · Augsburg
2023-12-01,DRV-BELT-A45,Drive belt A45,Drive,Augsburg,BY,0,0,0,2,DRV-BELT-A45 · Augsburg
2023-12-02,DRV-BELT-A45,Drive belt A45,Drive,Augsburg,BY,0,0,0,0,DRV-BELT-A45 · Augsburg
2023-12-03,DRV-BELT-A45,Drive belt A45,Drive,Augsburg,BY,0,0,0,0,DRV-BELT-A45 · Augsburg
2023-12-04,DRV-BELT-A45,Drive belt A45,Drive,Augsburg,BY,0,0,0,3,DRV-BELT-A45 · Augsburg
2023-12-05,DRV-BELT-A45,Drive belt A45,Drive,Augsburg,BY,0,0,0,4,DRV-BELT-A45 · Augsburg
2023-12-06,DRV-BELT-A45,Drive belt A45,Drive,Augsburg,BY,0,0,0,3,DRV-BELT-A45 · Augsburg
2023-12-07,DRV-BELT-A45,Drive belt A45,Drive,Augsburg,BY,0,0,0,5,DRV-BELT-A45 · Augsburg
2023-12-08,DRV-BELT-A45,Drive belt A45,Drive,Augsburg,BY,0,0,0,3,DRV-BELT-A45 · Augsburg
2023-12-09,DRV-BELT-A45,Drive belt A45,Drive,Augsburg,BY,0,0,0,1,DRV-BELT-A45 · Augsburg
2023-12-10,DRV-BELT-A45,Drive belt A45,Drive,Augsburg,BY,0,0,0,0,DRV-BELT-A45 · Augsburg
2023-12-11,DRV-BELT-A45,Drive belt A45,Drive,Augsburg,BY,0,0,0,5,DRV-BELT-A45 · Augsburg
2023-12-12,DRV-BELT-A45,Drive belt A45,Drive,Augsburg,BY,0,0,0,4,DRV-BELT-A45 · Augsburg
2023-12-13,DRV-BELT-A45,Drive belt A45,Drive,Augsburg,BY,0,0,0,4,DRV-BELT-A45 · Augsburg
2023-12-14,DRV-BELT-A45,Drive belt A45,Drive,Augsburg,BY,0,0,0,4,DRV-BELT-A45 · Augsburg
2023-12-15,DRV-BELT-A45,Drive belt A45,Drive,Augsburg,BY,0,0,0,1,DRV-BELT-A45 · Augsburg
2023-12-16,DRV-BELT-A45,Drive belt A45,Drive,Augsburg,BY,0,0,0,0,DRV-BELT-A45 · Augsburg
2023-12-17,DRV-BELT-A45,Drive belt A45,Drive,Augsburg,BY,0,0,0,0,DRV-BELT-A45 · Augsburg
2023-12-18,DRV-BELT-A45,Drive belt A45,Drive,Augsburg,BY,0,0,0,3,DRV-BELT-A45 · Augsburg
2023-12-19,DRV-BELT-A45,Drive belt A45,Drive,Augsburg,BY,0,0,0,4,DRV-BELT-A45 · Augsburg
2023-12-20,DRV-BELT-A45,Drive belt A45,Drive,Augsburg,BY,0,0,0,4,DRV-BELT-A45 · Augsburg
2023-12-21,DRV-BELT-A45,Drive belt A45,Drive,Augsburg,BY,0,0,0,4,DRV-BELT-A45 · Augsburg
2023-12-22,DRV-BELT-A45,Drive belt A45,Drive,Augsburg,BY,0,0,0,2,DRV-BELT-A45 · Augsburg
2023-12-23,DRV-BELT-A45,Drive belt A45,Drive,Augsburg,BY,0,0,0,0,DRV-BELT-A45 · Augsburg
2023-12-24,DRV-BELT-A45,Drive belt A45,Drive,Augsburg,BY,0,1,0,0,DRV-BELT-A45 · Augsburg
2023-12-25,DRV-BELT-A45,Drive belt A45,Drive,Augsburg,BY,1,1,0,0,DRV-BELT-A45 · Augsburg
2023-12-26,DRV-BELT-A45,Drive belt A45,Drive,Augsburg,BY,1,1,0,0,DRV-BELT-A45 · Augsburg
2023-12-27,DRV-BELT-A45,Drive belt A45,Drive,Augsburg,BY,0,1,0,1,DRV-BELT-A45 · Augsburg
2023-12-28,DRV-BELT-A45,Drive belt A45,Drive,Augsburg,BY,0,1,0,0,DRV-BELT-A45 · Augsburg
2023-12-29,DRV-BELT-A45,Drive belt A45,Drive,Augsburg,BY,0,1,0,0,DRV-BELT-A45 · Augsburg
2023-12-30,DRV-BELT-A45,Drive belt A45,Drive,Augsburg,BY,0,1,0,1,DRV-BELT-A45 · Augsburg
2023-12-31,DRV-BELT-A45,Drive belt A45,Drive,Augsburg,BY,0,1,0,0,DRV-BELT-A45 · Augsburg
2024-01-01,DRV-BELT-A45,Drive belt A45,Drive,Augsburg,BY,1,1,0,0,DRV-BELT-A45 · Augsburg
2024-01-02,DRV-BELT-A45,Drive belt A45,Drive,Augsburg,BY,0,1,0,0,DRV-BELT-A45 · Augsburg
2024-01-03,DRV-BELT-A45,Drive belt A45,Drive,Augsburg,BY,0,0,0,2,DRV-BELT-A45 · Augsburg
2024-01-04,DRV-BELT-A45,Drive belt A45,Drive,Augsburg,BY,0,0,0,1,DRV-BELT-A45 · Augsburg
2024-01-05,DRV-BELT-A45,Drive belt A45,Drive,Augsburg,BY,0,0,0,3,DRV-BELT-A45 · Augsburg
2024-01-06,DRV-BELT-A45,Drive belt A45,Drive,Augsburg,BY,1,0,0,0,DRV-BELT-A45 · Augsburg
2024-01-07,DRV-BELT-A45,Drive belt A45,Drive,Augsburg,BY,0,0,0,0,DRV-BELT-A45 · Augsburg
2024-01-08,DRV-BELT-A45,Drive belt A45,Drive,Augsburg,BY,0,0,0,4,DRV-BELT-A45 · Augsburg
2024-01-09,DRV-BELT-A45,Drive belt A45,Drive,Augsburg,BY,0,0,0,3,DRV-BELT-A45 · Augsburg
2024-01-10,DRV-BELT-A45,Drive belt A45,Drive,Augsburg,BY,0,0,0,3,DRV-BELT-A45 · Augsburg
2024-01-11,DRV-BELT-A45,Drive belt A45,Drive,Augsburg,BY,0,0,0,2,DRV-BELT-A45 · Augsburg
2024-01-12,DRV-BELT-A45,Drive belt A45,Drive,Augsburg,BY,0,0,0,2,DRV-BELT-A45 · Augsburg
2024-01-13,DRV-BELT-A45,Drive belt A45,Drive,Augsburg,BY,0,0,0,0,DRV-BELT-A45 · Augsburg
2024-01-14,DRV-BELT-A45,Drive belt A45,Drive,Augsburg,BY,0,0,0,0,DRV-BELT-A45 · Augsburg
2024-01-15,DRV-BELT-A45,Drive belt A45,Drive,Augsburg,BY,0,0,0,3,DRV-BELT-A45 · Augsburg
2024-01-16,DRV-BELT-A45,Drive belt A45,Drive,Augsburg,BY,0,0,0,3,DRV-BELT-A45 · Augsburg
2024-01-17,DRV-BELT-A45,Drive belt A45,Drive,Augsburg,BY,0,0,0,6,DRV-BELT-A45 · Augsburg
2024-01-18,DRV-BELT-A45,Drive belt A45,Drive,Augsburg,BY,0,0,0,1,DRV-BELT-A45 · Augsburg
2024-01-19,DRV-BELT-A45,Drive belt A45,Drive,Augsburg,BY,0,0,0,2,DRV-BELT-A45 · Augsburg
2024-01-20,DRV-BELT-A45,Drive belt A45,Drive,Augsburg,BY,0,0,0,0,DRV-BELT-A45 · Augsburg
2024-01-21,DRV-BELT-A45,Drive belt A45,Drive,Augsburg,BY,0,0,0,0,DRV-BELT-A45 · Augsburg
2024-01-22,DRV-BELT-A45,Drive belt A45,Drive,Augsburg,BY,0,0,0,3,DRV-BELT-A45 · Augsburg
2024-01-23,DRV-BELT-A45,Drive belt A45,Drive,Augsburg,BY,0,0,0,4,DRV-BELT-A45 · Augsburg
2024-01-24,DRV-BELT-A45,Drive belt A45,Drive,Augsburg,BY,0,0,0,3,DRV-BELT-A45 · Augsburg
2024-01-25,DRV-BELT-A45,Drive belt A45,Drive,Augsburg,BY,0,0,0,3,DRV-BELT-A45 · Augsburg
2024-01-26,DRV-BELT-A45,Drive belt A45,Drive,Augsburg,BY,0,0,0,2,DRV-BELT-A45 · Augsburg
2024-01-27,DRV-BELT-A45,Drive belt A45,Drive,Augsburg,BY,0,0,0,0,DRV-BELT-A45 · Augsburg
2024-01-28,DRV-BELT-A45,Drive belt A45,Drive,Augsburg,BY,0,0,0,0,DRV-BELT-A45 · Augsburg
2024-01-29,DRV-BELT-A45,Drive belt A45,Drive,Augsburg,BY,0,0,0,3,DRV-BELT-A45 · Augsburg
2024-01-30,DRV-BELT-A45,Drive belt A45,Drive,Augsburg,BY,0,0,0,3,DRV-BELT-A45 · Augsburg
2024-01-31,DRV-BELT-A45,Drive belt A45,Drive,Augsburg,BY,0,0,0,3,DRV-BELT-A45 · Augsburg
2024-02-01,DRV-BELT-A45,Drive belt A45,Drive,Augsburg,BY,0,0,0,3,DRV-BELT-A45 · Augsburg
2024-02-02,DRV-BELT-A45,Drive belt A45,Drive,Augsburg,BY,0,0,0,2,DRV-BELT-A45 · Augsburg
2024-02-03,DRV-BELT-A45,Drive belt A45,Drive,Augsburg,BY,0,0,0,0,DRV-BELT-A45 · Augsburg
2024-02-04,DRV-BELT-A45,Drive belt A45,Drive,Augsburg,BY,0,0,0,1,DRV-BELT-A45 · Augsburg
2024-02-05,DRV-BELT-A45,Drive belt A45,Drive,Augsburg,BY,0,0,0,3,DRV-BELT-A45 · Augsburg
2024-02-06,DRV-BELT-A45,Drive belt A45,Drive,Augsburg,BY,0,0,0,4,DRV-BELT-A45 · Augsburg
2024-02-07,DRV-BELT-A45,Drive belt A45,Drive,Augsburg,BY,0,0,0,4,DRV-BELT-A45 · Augsburg
2024-02-08,DRV-BELT-A45,Drive belt A45,Drive,Augsburg,BY,0,0,0,3,DRV-BELT-A45 · Augsburg
2024-02-09,DRV-BELT-A45,Drive belt A45,Drive,Augsburg,BY,0,0,0,2,DRV-BELT-A45 · Augsburg
2024-02-10,DRV-BELT-A45,Drive belt A45,Drive,Augsburg,BY,0,0,0,0,DRV-BELT-A45 · Augsburg
2024-02-11,DRV-BELT-A45,Drive belt A45,Drive,Augsburg,BY,0,0,0,0,DRV-BELT-A45 · Augsburg
2024-02-12,DRV-BELT-A45,Drive belt A45,Drive,Augsburg,BY,0,0,0,3,DRV-BELT-A45 · Augsburg
2024-02-13,DRV-BELT-A45,Drive belt A45,Drive,Augsburg,BY,0,0,0,2,DRV-BELT-A45 · Augsburg
2024-02-14,DRV-BELT-A45,Drive belt A45,Drive,Augsburg,BY,0,0,0,3,DRV-BELT-A45 · Augsburg
2024-02-15,DRV-BELT-A45,Drive belt A45,Drive,Augsburg,BY,0,0,0,3,DRV-BELT-A45 · Augsburg
2024-02-16,DRV-BELT-A45,Drive belt A45,Drive,Augsburg,BY,0,0,0,2,DRV-BELT-A45 · Augsburg
2024-02-17,DRV-BELT-A45,Drive belt A45,Drive,Augsburg,BY,0,0,0,0,DRV-BELT-A45 · Augsburg
2024-02-18,DRV-BELT-A45,Drive belt A45,Drive,Augsburg,BY,0,0,0,0,DRV-BELT-A45 · Augsburg
2024-02-19,DRV-BELT-A45,Drive belt A45,Drive,Augsburg,BY,0,0,0,2,DRV-BELT-A45 · Augsburg
2024-02-20,DRV-BELT-A45,Drive belt A45,Drive,Augsburg,BY,0,0,0,3,DRV-BELT-A45 · Augsburg
2024-02-21,DRV-BELT-A45,Drive belt A45,Drive,Augsburg,BY,0,0,0,3,DRV-BELT-A45 · Augsburg
2024-02-22,DRV-BELT-A45,Drive belt A45,Drive,Augsburg,BY,0,0,0,1,DRV-BELT-A45 · Augsburg
2024-02-23,DRV-BELT-A45,Drive belt A45,Drive,Augsburg,BY,0,0,0,3,DRV-BELT-A45 · Augsburg
2024-02-24,DRV-BELT-A45,Drive belt A45,Drive,Augsburg,BY,0,0,0,1,DRV-BELT-A45 · Augsburg
2024-02-25,DRV-BELT-A45,Drive belt A45,Drive,Augsburg,BY,0,0,0,1,DRV-BELT-A45 · Augsburg
2024-02-26,DRV-BELT-A45,Drive belt A45,Drive,Augsburg,BY,0,0,0,3,DRV-BELT-A45 · Augsburg
2024-02-27,DRV-BELT-A45,Drive belt A45,Drive,Augsburg,BY,0,0,0,1,DRV-BELT-A45 · Augsburg
2024-02-28,DRV-BELT-A45,Drive belt A45,Drive,Augsburg,BY,0,0,0,4,DRV-BELT-A45 · Augsburg
2024-02-29,DRV-BELT-A45,Drive belt A45,Drive,Augsburg,BY,0,0,0,3,DRV-BELT-A45 · Augsburg
2024-03-01,DRV-BELT-A45,Drive belt A45,Drive,Augsburg,BY,0,0,1,14,DRV-BELT-A45 · Augsburg
2024-03-02,DRV-BELT-A45,Drive belt A45,Drive,Augsburg,BY,0,0,1,2,DRV-BELT-A45 · Augsburg
2024-03-03,DRV-BELT-A45,Drive belt A45,Drive,Augsburg,BY,0,0,1,1,DRV-BELT-A45 · Augsburg
2024-03-04,DRV-BELT-A45,Drive belt A45,Drive,Augsburg,BY,0,0,1,23,DRV-BELT-A45 · Augsburg
2024-03-05,DRV-BELT-A45,Drive belt A45,Drive,Augsburg,BY,0,0,1,19,DRV-BELT-A45 · Augsburg
2024-03-06,DRV-BELT-A45,Drive belt A45,Drive,Augsburg,BY,0,0,1,22,DRV-BELT-A45 · Augsburg
2024-03-07,DRV-BELT-A45,Drive belt A45,Drive,Augsburg,BY,0,0,1,16,DRV-BELT-A45 · Augsburg
2024-03-08,DRV-BELT-A45,Drive belt A45,Drive,Augsburg,BY,0,0,0,2,DRV-BELT-A45 · Augsburg
2024-03-09,DRV-BELT-A45,Drive belt A45,Drive,Augsburg,BY,0,0,0,0,DRV-BELT-A45 · Augsburg
2024-03-10,DRV-BELT-A45,Drive belt A45,Drive,Augsburg,BY,0,0,0,0,DRV-BELT-A45 · Augsburg
2024-03-11,DRV-BELT-A45,Drive belt A45,Drive,Augsburg,BY,0,0,0,5,DRV-BELT-A45 · Augsburg
2024-03-12,DRV-BELT-A45,Drive belt A45,Drive,Augsburg,BY,0,0,0,5,DRV-BELT-A45 · Augsburg
2024-03-13,DRV-BELT-A45,Drive belt A45,Drive,Augsburg,BY,0,0,0,3,DRV-BELT-A45 · Augsburg
2024-03-14,DRV-BELT-A45,Drive belt A45,Drive,Augsburg,BY,0,0,0,2,DRV-BELT-A45 · Augsburg
2024-03-15,DRV-BELT-A45,Drive belt A45,Drive,Augsburg,BY,0,0,0,2,DRV-BELT-A45 · Augsburg
2024-03-16,DRV-BELT-A45,Drive belt A45,Drive,Augsburg,BY,0,0,0,1,DRV-BELT-A45 · Augsburg
2024-03-17,DRV-BELT-A45,Drive belt A45,Drive,Augsburg,BY,0,0,0,0,DRV-BELT-A45 · Augsburg
2024-03-18,DRV-BELT-A45,Drive belt A45,Drive,Augsburg,BY,0,0,0,3,DRV-BELT-A45 · Augsburg
2024-03-19,DRV-BELT-A45,Drive belt A45,Drive,Augsburg,BY,0,0,0,5,DRV-BELT-A45 · Augsburg
2024-03-20,DRV-BELT-A45,Drive belt A45,Drive,Augsburg,BY,0,0,0,2,DRV-BELT-A45 · Augsburg
2024-03-21,DRV-BELT-A45,Drive belt A45,Drive,Augsburg,BY,0,0,0,2,DRV-BELT-A45 · Augsburg
2024-03-22,DRV-BELT-A45,Drive belt A45,Drive,Augsburg,BY,0,0,0,3,DRV-BELT-A45 · Augsburg
2024-03-23,DRV-BELT-A45,Drive belt A45,Drive,Augsburg,BY,0,0,0,1,DRV-BELT-A45 · Augsburg
2024-03-24,DRV-BELT-A45,Drive belt A45,Drive,Augsburg,BY,0,0,0,0,DRV-BELT-A45 · Augsburg
2024-03-25,DRV-BELT-A45,Drive belt A45,Drive,Augsburg,BY,0,0,0,4,DRV-BELT-A45 · Augsburg
2024-03-26,DRV-BELT-A45,Drive belt A45,Drive,Augsburg,BY,0,0,0,4,DRV-BELT-A45 · Augsburg
2024-03-27,DRV-BELT-A45,Drive belt A45,Drive,Augsburg,BY,0,0,0,6,DRV-BELT-A45 · Augsburg
2024-03-28,DRV-BELT-A45,Drive belt A45,Drive,Augsburg,BY,0,0,0,3,DRV-BELT-A45 · Augsburg
2024-03-29,DRV-BELT-A45,Drive belt A45,Drive,Augsburg,BY,1,0,0,0,DRV-BELT-A45 · Augsburg
2024-03-30,DRV-BELT-A45,Drive belt A45,Drive,Augsburg,BY,0,0,0,1,DRV-BELT-A45 · Augsburg
2024-03-31,DRV-BELT-A45,Drive belt A45,Drive,Augsburg,BY,0,0,0,0,DRV-BELT-A45 · Augsburg
2024-04-01,DRV-BELT-A45,Drive belt A45,Drive,Augsburg,BY,1,0,0,0,DRV-BELT-A45 · Augsburg
2024-04-02,DRV-BELT-A45,Drive belt A45,Drive,Augsburg,BY,0,0,0,4,DRV-BELT-A45 · Augsburg
2024-04-03,DRV-BELT-A45,Drive belt A45,Drive,Augsburg,BY,0,0,0,4,DRV-BELT-A45 · Augsburg
2024-04-04,DRV-BELT-A45,Drive belt A45,Drive,Augsburg,BY,0,0,0,4,DRV-BELT-A45 · Augsburg
2024-04-05,DRV-BELT-A45,Drive belt A45,Drive,Augsburg,BY,0,0,0,3,DRV-BELT-A45 · Augsburg
2024-04-06,DRV-BELT-A45,Drive belt A45,Drive,Augsburg,BY,0,0,0,0,DRV-BELT-A45 · Augsburg
2024-04-07,DRV-BELT-A45,Drive belt A45,Drive,Augsburg,BY,0,0,0,0,DRV-BELT-A45 · Augsburg
2024-04-08,DRV-BELT-A45,Drive belt A45,Drive,Augsburg,BY,0,0,0,5,DRV-BELT-A45 · Augsburg
2024-04-09,DRV-BELT-A45,Drive belt A45,Drive,Augsburg,BY,0,0,0,2,DRV-BELT-A45 · Augsburg
2024-04-10,DRV-BELT-A45,Drive belt A45,Drive,Augsburg,BY,0,0,0,3,DRV-BELT-A45 · Augsburg
2024-04-11,DRV-BELT-A45,Drive belt A45,Drive,Augsburg,BY,0,0,0,3,DRV-BELT-A45 · Augsburg
2024-04-12,DRV-BELT-A45,Drive belt A45,Drive,Augsburg,BY,0,0,0,2,DRV-BELT-A45 · Augsburg
2024-04-13,DRV-BELT-A45,Drive belt A45,Drive,Augsburg,BY,0,0,0,1,DRV-BELT-A45 · Augsburg
2024-04-14,DRV-BELT-A45,Drive belt A45,Drive,Augsburg,BY,0,0,0,0,DRV-BELT-A45 · Augsburg
2024-04-15,DRV-BELT-A45,Drive belt A45,Drive,Augsburg,BY,0,0,0,4,DRV-BELT-A45 · Augsburg
2024-04-16,DRV-BELT-A45,Drive belt A45,Drive,Augsburg,BY,0,0,0,3,DRV-BELT-A45 · Augsburg
2024-04-17,DRV-BELT-A45,Drive belt A45,Drive,Augsburg,BY,0,0,0,2,DRV-BELT-A45 · Augsburg
2024-04-18,DRV-BELT-A45,Drive belt A45,Drive,Augsburg,BY,0,0,0,4,DRV-BELT-A45 · Augsburg
2024-04-19,DRV-BELT-A45,Drive belt A45,Drive,Augsburg,BY,0,0,0,2,DRV-BELT-A45 · Augsburg
2024-04-20,DRV-BELT-A45,Drive belt A45,Drive,Augsburg,BY,0,0,0,1,DRV-BELT-A45 · Augsburg
2024-04-21,DRV-BELT-A45,Drive belt A45,Drive,Augsburg,BY,0,0,0,1,DRV-BELT-A45 · Augsburg
2024-04-22,DRV-BELT-A45,Drive belt A45,Drive,Augsburg,BY,0,0,0,6,DRV-BELT-A45 · Augsburg
2024-04-23,DRV-BELT-A45,Drive belt A45,Drive,Augsburg,BY,0,0,0,2,DRV-BELT-A45 · Augsburg
2024-04-24,DRV-BELT-A45,Drive belt A45,Drive,Augsburg,BY,0,0,0,4,DRV-BELT-A45 · Augsburg
2024-04-25,DRV-BELT-A45,Drive belt A45,Drive,Augsburg,BY,0,0,0,4,DRV-BELT-A45 · Augsburg
2024-04-26,DRV-BELT-A45,Drive belt A45,Drive,Augsburg,BY,0,0,0,3,DRV-BELT-A45 · Augsburg
2024-04-27,DRV-BELT-A45,Drive belt A45,Drive,Augsburg,BY,0,0,0,0,DRV-BELT-A45 · Augsburg
2024-04-28,DRV-BELT-A45,Drive belt A45,Drive,Augsburg,BY,0,0,0,1,DRV-BELT-A45 · Augsburg
2024-04-29,DRV-BELT-A45,Drive belt A45,Drive,Augsburg,BY,0,0,0,3,DRV-BELT-A45 · Augsburg
2024-04-30,DRV-BELT-A45,Drive belt A45,Drive,Augsburg,BY,0,0,0,4,DRV-BELT-A45 · Augsburg
2024-05-01,DRV-BELT-A45,Drive belt A45,Drive,Augsburg,BY,1,0,0,0,DRV-BELT-A45 · Augsburg
2024-05-02,DRV-BELT-A45,Drive belt A45,Drive,Augsburg,BY,0,0,0,4,DRV-BELT-A45 · Augsburg
2024-05-03,DRV-BELT-A45,Drive belt A45,Drive,Augsburg,BY,0,0,0,3,DRV-BELT-A45 · Augsburg
2024-05-04,DRV-BELT-A45,Drive belt A45,Drive,Augsburg,BY,0,0,0,1,DRV-BELT-A45 · Augsburg
2024-05-05,DRV-BELT-A45,Drive belt A45,Drive,Augsburg,BY,0,0,0,0,DRV-BELT-A45 · Augsburg
2024-05-06,DRV-BELT-A45,Drive belt A45,Drive,Augsburg,BY,0,0,0,4,DRV-BELT-A45 · Augsburg
2024-05-07,DRV-BELT-A45,Drive belt A45,Drive,Augsburg,BY,0,0,0,3,DRV-BELT-A45 · Augsburg
2024-05-08,DRV-BELT-A45,Drive belt A45,Drive,Augsburg,BY,0,0,0,4,DRV-BELT-A45 · Augsburg
2024-05-09,DRV-BELT-A45,Drive belt A45,Drive,Augsburg,BY,1,0,0,0,DRV-BELT-A45 · Augsburg
2024-05-10,DRV-BELT-A45,Drive belt A45,Drive,Augsburg,BY,0,0,0,1,DRV-BELT-A45 · Augsburg
2024-05-11,DRV-BELT-A45,Drive belt A45,Drive,Augsburg,BY,0,0,0,1,DRV-BELT-A45 · Augsburg
2024-05-12,DRV-BELT-A45,Drive belt A45,Drive,Augsburg,BY,0,0,0,0,DRV-BELT-A45 · Augsburg
2024-05-13,DRV-BELT-A45,Drive belt A45,Drive,Augsburg,BY,0,0,0,2,DRV-BELT-A45 · Augsburg
2024-05-14,DRV-BELT-A45,Drive belt A45,Drive,Augsburg,BY,0,0,0,2,DRV-BELT-A45 · Augsburg
2024-05-15,DRV-BELT-A45,Drive belt A45,Drive,Augsburg,BY,0,0,0,4,DRV-BELT-A45 · Augsburg
2024-05-16,DRV-BELT-A45,Drive belt A45,Drive,Augsburg,BY,0,0,0,3,DRV-BELT-A45 · Augsburg
2024-05-17,DRV-BELT-A45,Drive belt A45,Drive,Augsburg,BY,0,0,0,4,DRV-BELT-A45 · Augsburg
2024-05-18,DRV-BELT-A45,Drive belt A45,Drive,Augsburg,BY,0,0,0,0,DRV-BELT-A45 · Augsburg
2024-05-19,DRV-BELT-A45,Drive belt A45,Drive,Augsburg,BY,0,0,0,1,DRV-BELT-A45 · Augsburg
2024-05-20,DRV-BELT-A45,Drive belt A45,Drive,Augsburg,BY,1,0,0,0,DRV-BELT-A45 · Augsburg
2024-05-21,DRV-BELT-A45,Drive belt A45,Drive,Augsburg,BY,0,0,0,3,DRV-BELT-A45 · Augsburg
2024-05-22,DRV-BELT-A45,Drive belt A45,Drive,Augsburg,BY,0,0,0,5,DRV-BELT-A45 · Augsburg
2024-05-23,DRV-BELT-A45,Drive belt A45,Drive,Augsburg,BY,0,0,0,4,DRV-BELT-A45 · Augsburg
2024-05-24,DRV-BELT-A45,Drive belt A45,Drive,Augsburg,BY,0,0,0,4,DRV-BELT-A45 · Augsburg
2024-05-25,DRV-BELT-A45,Drive belt A45,Drive,Augsburg,BY,0,0,0,0,DRV-BELT-A45 · Augsburg
2024-05-26,DRV-BELT-A45,Drive belt A45,Drive,Augsburg,BY,0,0,0,1,DRV-BELT-A45 · Augsburg
2024-05-27,DRV-BELT-A45,Drive belt A45,Drive,Augsburg,BY,0,0,0,4,DRV-BELT-A45 · Augsburg
2024-05-28,DRV-BELT-A45,Drive belt A45,Drive,Augsburg,BY,0,0,0,6,DRV-BELT-A45 · Augsburg
2024-05-29,DRV-BELT-A45,Drive belt A45,Drive,Augsburg,BY,0,0,0,3,DRV-BELT-A45 · Augsburg
2024-05-30,DRV-BELT-A45,Drive belt A45,Drive,Augsburg,BY,1,0,0,0,DRV-BELT-A45 · Augsburg
2024-05-31,DRV-BELT-A45,Drive belt A45,Drive,Augsburg,BY,0,0,0,3,DRV-BELT-A45 · Augsburg
2024-06-01,DRV-BELT-A45,Drive belt A45,Drive,Augsburg,BY,0,0,0,0,DRV-BELT-A45 · Augsburg
2024-06-02,DRV-BELT-A45,Drive belt A45,Drive,Augsburg,BY,0,0,0,1,DRV-BELT-A45 · Augsburg
2024-06-03,DRV-BELT-A45,Drive belt A45,Drive,Augsburg,BY,0,0,0,5,DRV-BELT-A45 · Augsburg
2024-06-04,DRV-BELT-A45,Drive belt A45,Drive,Augsburg,BY,0,0,0,3,DRV-BELT-A45 · Augsburg
2024-06-05,DRV-BELT-A45,Drive belt A45,Drive,Augsburg,BY,0,0,0,3,DRV-BELT-A45 · Augsburg
2024-06-06,DRV-BELT-A45,Drive belt A45,Drive,Augsburg,BY,0,0,0,4,DRV-BELT-A45 · Augsburg
2024-06-07,DRV-BELT-A45,Drive belt A45,Drive,Augsburg,BY,0,0,0,3,DRV-BELT-A45 · Augsburg
2024-06-08,DRV-BELT-A45,Drive belt A45,Drive,Augsburg,BY,0,0,0,0,DRV-BELT-A45 · Augsburg
2024-06-09,DRV-BELT-A45,Drive belt A45,Drive,Augsburg,BY,0,0,0,1,DRV-BELT-A45 · Augsburg
2024-06-10,DRV-BELT-A45,Drive belt A45,Drive,Augsburg,BY,0,0,0,5,DRV-BELT-A45 · Augsburg
2024-06-11,DRV-BELT-A45,Drive belt A45,Drive,Augsburg,BY,0,0,0,5,DRV-BELT-A45 · Augsburg
2024-06-12,DRV-BELT-A45,Drive belt A45,Drive,Augsburg,BY,0,0,0,4,DRV-BELT-A45 · Augsburg
2024-06-13,DRV-BELT-A45,Drive belt A45,Drive,Augsburg,BY,0,0,0,1,DRV-BELT-A45 · Augsburg
2024-06-14,DRV-BELT-A45,Drive belt A45,Drive,Augsburg,BY,0,0,0,3,DRV-BELT-A45 · Augsburg
2024-06-15,DRV-BELT-A45,Drive belt A45,Drive,Augsburg,BY,0,0,0,0,DRV-BELT-A45 · Augsburg
2024-06-16,DRV-BELT-A45,Drive belt A45,Drive,Augsburg,BY,0,0,0,0,DRV-BELT-A45 · Augsburg
2024-06-17,DRV-BELT-A45,Drive belt A45,Drive,Augsburg,BY,0,0,0,3,DRV-BELT-A45 · Augsburg
2024-06-18,DRV-BELT-A45,Drive belt A45,Drive,Augsburg,BY,0,0,0,4,DRV-BELT-A45 · Augsburg
2024-06-19,DRV-BELT-A45,Drive belt A45,Drive,Augsburg,BY,0,0,0,3,DRV-BELT-A45 · Augsburg
2024-06-20,DRV-BELT-A45,Drive belt A45,Drive,Augsburg,BY,0,0,0,3,DRV-BELT-A45 · Augsburg
2024-06-21,DRV-BELT-A45,Drive belt A45,Drive,Augsburg,BY,0,0,0,5,DRV-BELT-A45 · Augsburg
2024-06-22,DRV-BELT-A45,Drive belt A45,Drive,Augsburg,BY,0,0,0,0,DRV-BELT-A45 · Augsburg
2024-06-23,DRV-BELT-A45,Drive belt A45,Drive,Augsburg,BY,0,0,0,0,DRV-BELT-A45 · Augsburg
2024-06-24,DRV-BELT-A45,Drive belt A45,Drive,Augsburg,BY,0,0,0,5,DRV-BELT-A45 · Augsburg
2024-06-25,DRV-BELT-A45,Drive belt A45,Drive,Augsburg,BY,0,0,0,5,DRV-BELT-A45 · Augsburg
2024-06-26,DRV-BELT-A45,Drive belt A45,Drive,Augsburg,BY,0,0,0,5,DRV-BELT-A45 · Augsburg
2024-06-27,DRV-BELT-A45,Drive belt A45,Drive,Augsburg,BY,0,0,0,4,DRV-BELT-A45 · Augsburg
2024-06-28,DRV-BELT-A45,Drive belt A45,Drive,Augsburg,BY,0,0,0,4,DRV-BELT-A45 · Augsburg
2024-06-29,DRV-BELT-A45,Drive belt A45,Drive,Augsburg,BY,0,0,0,1,DRV-BELT-A45 · Augsburg
2024-06-30,DRV-BELT-A45,Drive belt A45,Drive,Augsburg,BY,0,0,0,0,DRV-BELT-A45 · Augsburg
2024-07-01,DRV-BELT-A45,Drive belt A45,Drive,Augsburg,BY,0,0,0,2,DRV-BELT-A45 · Augsburg
2024-07-02,DRV-BELT-A45,Drive belt A45,Drive,Augsburg,BY,0,0,0,3,DRV-BELT-A45 · Augsburg
2024-07-03,DRV-BELT-A45,Drive belt A45,Drive,Augsburg,BY,0,0,0,5,DRV-BELT-A45 · Augsburg
2024-07-04,DRV-BELT-A45,Drive belt A45,Drive,Augsburg,BY,0,0,0,3,DRV-BELT-A45 · Augsburg
2024-07-05,DRV-BELT-A45,Drive belt A45,Drive,Augsburg,BY,0,0,0,5,DRV-BELT-A45 · Augsburg
2024-07-06,DRV-BELT-A45,Drive belt A45,Drive,Augsburg,BY,0,0,0,0,DRV-BELT-A45 · Augsburg
2024-07-07,DRV-BELT-A45,Drive belt A45,Drive,Augsburg,BY,0,0,0,0,DRV-BELT-A45 · Augsburg
2024-07-08,DRV-BELT-A45,Drive belt A45,Drive,Augsburg,BY,0,0,0,5,DRV-BELT-A45 · Augsburg
2024-07-09,DRV-BELT-A45,Drive belt A45,Drive,Augsburg,BY,0,0,0,3,DRV-BELT-A45 · Augsburg
2024-07-10,DRV-BELT-A45,Drive belt A45,Drive,Augsburg,BY,0,0,0,4,DRV-BELT-A45 · Augsburg
2024-07-11,DRV-BELT-A45,Drive belt A45,Drive,Augsburg,BY,0,0,0,4,DRV-BELT-A45 · Augsburg
2024-07-12,DRV-BELT-A45,Drive belt A45,Drive,Augsburg,BY,0,0,0,2,DRV-BELT-A45 · Augsburg
2024-07-13,DRV-BELT-A45,Drive belt A45,Drive,Augsburg,BY,0,0,0,0,DRV-BELT-A45 · Augsburg
2024-07-14,DRV-BELT-A45,Drive belt A45,Drive,Augsburg,BY,0,0,0,1,DRV-BELT-A45 · Augsburg
2024-07-15,DRV-BELT-A45,Drive belt A45,Drive,Augsburg,BY,0,0,0,4,DRV-BELT-A45 · Augsburg
2024-07-16,DRV-BELT-A45,Drive belt A45,Drive,Augsburg,BY,0,0,0,5,DRV-BELT-A45 · Augsburg
2024-07-17,DRV-BELT-A45,Drive belt A45,Drive,Augsburg,BY,0,0,0,2,DRV-BELT-A45 · Augsburg
2024-07-18,DRV-BELT-A45,Drive belt A45,Drive,Augsburg,BY,0,0,0,2,DRV-BELT-A45 · Augsburg
2024-07-19,DRV-BELT-A45,Drive belt A45,Drive,Augsburg,BY,0,0,0,4,DRV-BELT-A45 · Augsburg
2024-07-20,DRV-BELT-A45,Drive belt A45,Drive,Augsburg,BY,0,0,0,1,DRV-BELT-A45 · Augsburg
2024-07-21,DRV-BELT-A45,Drive belt A45,Drive,Augsburg,BY,0,0,0,0,DRV-BELT-A45 · Augsburg
2024-07-22,DRV-BELT-A45,Drive belt A45,Drive,Augsburg,BY,0,0,0,4,DRV-BELT-A45 · Augsburg
2024-07-23,DRV-BELT-A45,Drive belt A45,Drive,Augsburg,BY,0,0,0,4,DRV-BELT-A45 · Augsburg
2024-07-24,DRV-BELT-A45,Drive belt A45,Drive,Augsburg,BY,0,0,0,3,DRV-BELT-A45 · Augsburg
2024-07-25,DRV-BELT-A45,Drive belt A45,Drive,Augsburg,BY,0,0,0,3,DRV-BELT-A45 · Augsburg
2024-07-26,DRV-BELT-A45,Drive belt A45,Drive,Augsburg,BY,0,0,0,3,DRV-BELT-A45 · Augsburg
2024-07-27,DRV-BELT-A45,Drive belt A45,Drive,Augsburg,BY,0,0,0,1,DRV-BELT-A45 · Augsburg
2024-07-28,DRV-BELT-A45,Drive belt A45,Drive,Augsburg,BY,0,0,0,0,DRV-BELT-A45 · Augsburg
2024-07-29,DRV-BELT-A45,Drive belt A45,Drive,Augsburg,BY,0,0,0,4,DRV-BELT-A45 · Augsburg
2024-07-30,DRV-BELT-A45,Drive belt A45,Drive,Augsburg,BY,0,0,0,4,DRV-BELT-A45 · Augsburg
2024-07-31,DRV-BELT-A45,Drive belt A45,Drive,Augsburg,BY,0,0,0,4,DRV-BELT-A45 · Augsburg
2024-08-01,DRV-BELT-A45,Drive belt A45,Drive,Augsburg,BY,0,0,0,4,DRV-BELT-A45 · Augsburg
2024-08-02,DRV-BELT-A45,Drive belt A45,Drive,Augsburg,BY,0,0,0,3,DRV-BELT-A45 · Augsburg
2024-08-03,DRV-BELT-A45,Drive belt A45,Drive,Augsburg,BY,0,0,0,1,DRV-BELT-A45 · Augsburg
2024-08-04,DRV-BELT-A45,Drive belt A45,Drive,Augsburg,BY,0,0,0,0,DRV-BELT-A45 · Augsburg
2024-08-05,DRV-BELT-A45,Drive belt A45,Drive,Augsburg,BY,0,1,0,0,DRV-BELT-A45 · Augsburg
2024-08-06,DRV-BELT-A45,Drive belt A45,Drive,Augsburg,BY,0,1,0,0,DRV-BELT-A45 · Augsburg
2024-08-07,DRV-BELT-A45,Drive belt A45,Drive,Augsburg,BY,0,1,0,0,DRV-BELT-A45 · Augsburg
2024-08-08,DRV-BELT-A45,Drive belt A45,Drive,Augsburg,BY,0,1,0,1,DRV-BELT-A45 · Augsburg
2024-08-09,DRV-BELT-A45,Drive belt A45,Drive,Augsburg,BY,0,1,0,1,DRV-BELT-A45 · Augsburg
2024-08-10,DRV-BELT-A45,Drive belt A45,Drive,Augsburg,BY,0,1,0,0,DRV-BELT-A45 · Augsburg
2024-08-11,DRV-BELT-A45,Drive belt A45,Drive,Augsburg,BY,0,1,0,0,DRV-BELT-A45 · Augsburg
2024-08-12,DRV-BELT-A45,Drive belt A45,Drive,Augsburg,BY,0,1,0,2,DRV-BELT-A45 · Augsburg
2024-08-13,DRV-BELT-A45,Drive belt A45,Drive,Augsburg,BY,0,1,0,0,DRV-BELT-A45 · Augsburg
2024-08-14,DRV-BELT-A45,Drive belt A45,Drive,Augsburg,BY,0,1,0,0,DRV-BELT-A45 · Augsburg
2024-08-15,DRV-BELT-A45,Drive belt A45,Drive,Augsburg,BY,0,1,0,0,DRV-BELT-A45 · Augsburg
2024-08-16,DRV-BELT-A45,Drive belt A45,Drive,Augsburg,BY,0,1,0,0,DRV-BELT-A45 · Augsburg
2024-08-17,DRV-BELT-A45,Drive belt A45,Drive,Augsburg,BY,0,1,0,0,DRV-BELT-A45 · Augsburg
2024-08-18,DRV-BELT-A45,Drive belt A45,Drive,Augsburg,BY,0,1,0,0,DRV-BELT-A45 · Augsburg
2024-08-19,DRV-BELT-A45,Drive belt A45,Drive,Augsburg,BY,0,0,0,5,DRV-BELT-A45 · Augsburg
2024-08-20,DRV-BELT-A45,Drive belt A45,Drive,Augsburg,BY,0,0,0,5,DRV-BELT-A45 · Augsburg
2024-08-21,DRV-BELT-A45,Drive belt A45,Drive,Augsburg,BY,0,0,0,4,DRV-BELT-A45 · Augsburg
2024-08-22,DRV-BELT-A45,Drive belt A45,Drive,Augsburg,BY,0,0,0,6,DRV-BELT-A45 · Augsburg
2024-08-23,DRV-BELT-A45,Drive belt A45,Drive,Augsburg,BY,0,0,0,3,DRV-BELT-A45 · Augsburg
2024-08-24,DRV-BELT-A45,Drive belt A45,Drive,Augsburg,BY,0,0,0,0,DRV-BELT-A45 · Augsburg
2024-08-25,DRV-BELT-A45,Drive belt A45,Drive,Augsburg,BY,0,0,0,1,DRV-BELT-A45 · Augsburg
2024-08-26,DRV-BELT-A45,Drive belt A45,Drive,Augsburg,BY,0,0,0,2,DRV-BELT-A45 · Augsburg
2024-08-27,DRV-BELT-A45,Drive belt A45,Drive,Augsburg,BY,0,0,0,3,DRV-BELT-A45 · Augsburg
2024-08-28,DRV-BELT-A45,Drive belt A45,Drive,Augsburg,BY,0,0,0,4,DRV-BELT-A45 · Augsburg
2024-08-29,DRV-BELT-A45,Drive belt A45,Drive,Augsburg,BY,0,0,0,3,DRV-BELT-A45 · Augsburg
2024-08-30,DRV-BELT-A45,Drive belt A45,Drive,Augsburg,BY,0,0,0,3,DRV-BELT-A45 · Augsburg
2024-08-31,DRV-BELT-A45,Drive belt A45,Drive,Augsburg,BY,0,0,0,0,DRV-BELT-A45 · Augsburg
2024-09-01,DRV-BELT-A45,Drive belt A45,Drive,Augsburg,BY,0,0,1,2,DRV-BELT-A45 · Augsburg
2024-09-02,DRV-BELT-A45,Drive belt A45,Drive,Augsburg,BY,0,0,1,27,DRV-BELT-A45 · Augsburg
2024-09-03,DRV-BELT-A45,Drive belt A45,Drive,Augsburg,BY,0,0,1,26,DRV-BELT-A45 · Augsburg
2024-09-04,DRV-BELT-A45,Drive belt A45,Drive,Augsburg,BY,0,0,1,24,DRV-BELT-A45 · Augsburg
2024-09-05,DRV-BELT-A45,Drive belt A45,Drive,Augsburg,BY,0,0,1,23,DRV-BELT-A45 · Augsburg
2024-09-06,DRV-BELT-A45,Drive belt A45,Drive,Augsburg,BY,0,0,1,22,DRV-BELT-A45 · Augsburg
2024-09-07,DRV-BELT-A45,Drive belt A45,Drive,Augsburg,BY,0,0,1,3,DRV-BELT-A45 · Augsburg
2024-09-08,DRV-BELT-A45,Drive belt A45,Drive,Augsburg,BY,0,0,0,0,DRV-BELT-A45 · Augsburg
2024-09-09,DRV-BELT-A45,Drive belt A45,Drive,Augsburg,BY,0,0,0,3,DRV-BELT-A45 · Augsburg
2024-09-10,DRV-BELT-A45,Drive belt A45,Drive,Augsburg,BY,0,0,0,1,DRV-BELT-A45 · Augsburg
2024-09-11,DRV-BELT-A45,Drive belt A45,Drive,Augsburg,BY,0,0,0,4,DRV-BELT-A45 · Augsburg
2024-09-12,DRV-BELT-A45,Drive belt A45,Drive,Augsburg,BY,0,0,0,3,DRV-BELT-A45 · Augsburg
2024-09-13,DRV-BELT-A45,Drive belt A45,Drive,Augsburg,BY,0,0,0,4,DRV-BELT-A45 · Augsburg
2024-09-14,DRV-BELT-A45,Drive belt A45,Drive,Augsburg,BY,0,0,0,0,DRV-BELT-A45 · Augsburg
2024-09-15,DRV-BELT-A45,Drive belt A45,Drive,Augsburg,BY,0,0,0,0,DRV-BELT-A45 · Augsburg
2024-09-16,DRV-BELT-A45,Drive belt A45,Drive,Augsburg,BY,0,0,0,4,DRV-BELT-A45 · Augsburg
2024-09-17,DRV-BELT-A45,Drive belt A45,Drive,Augsburg,BY,0,0,0,6,DRV-BELT-A45 · Augsburg
2024-09-18,DRV-BELT-A45,Drive belt A45,Drive,Augsburg,BY,0,0,0,4,DRV-BELT-A45 · Augsburg
2024-09-19,DRV-BELT-A45,Drive belt A45,Drive,Augsburg,BY,0,0,0,4,DRV-BELT-A45 · Augsburg
2024-09-20,DRV-BELT-A45,Drive belt A45,Drive,Augsburg,BY,0,0,0,3,DRV-BELT-A45 · Augsburg
2024-09-21,DRV-BELT-A45,Drive belt A45,Drive,Augsburg,BY,0,0,0,0,DRV-BELT-A45 · Augsburg
2024-09-22,DRV-BELT-A45,Drive belt A45,Drive,Augsburg,BY,0,0,0,0,DRV-BELT-A45 · Augsburg
2024-09-23,DRV-BELT-A45,Drive belt A45,Drive,Augsburg,BY,0,0,0,1,DRV-BELT-A45 · Augsburg
2024-09-24,DRV-BELT-A45,Drive belt A45,Drive,Augsburg,BY,0,0,0,5,DRV-BELT-A45 · Augsburg
2024-09-25,DRV-BELT-A45,Drive belt A45,Drive,Augsburg,BY,0,0,0,5,DRV-BELT-A45 · Augsburg
2024-09-26,DRV-BELT-A45,Drive belt A45,Drive,Augsburg,BY,0,0,0,4,DRV-BELT-A45 · Augsburg
2024-09-27,DRV-BELT-A45,Drive belt A45,Drive,Augsburg,BY,0,0,0,3,DRV-BELT-A45 · Augsburg
2024-09-28,DRV-BELT-A45,Drive belt A45,Drive,Augsburg,BY,0,0,0,0,DRV-BELT-A45 · Augsburg
2024-09-29,DRV-BELT-A45,Drive belt A45,Drive,Augsburg,BY,0,0,0,0,DRV-BELT-A45 · Augsburg
2024-09-30,DRV-BELT-A45,Drive belt A45,Drive,Augsburg,BY,0,0,0,6,DRV-BELT-A45 · Augsburg
2024-10-01,DRV-BELT-A45,Drive belt A45,Drive,Augsburg,BY,0,0,0,4,DRV-BELT-A45 · Augsburg
2024-10-02,DRV-BELT-A45,Drive belt A45,Drive,Augsburg,BY,0,0,0,3,DRV-BELT-A45 · Augsburg
2024-10-03,DRV-BELT-A45,Drive belt A45,Drive,Augsburg,BY,1,0,0,0,DRV-BELT-A45 · Augsburg
2024-10-04,DRV-BELT-A45,Drive belt A45,Drive,Augsburg,BY,0,0,0,4,DRV-BELT-A45 · Augsburg
2024-10-05,DRV-BELT-A45,Drive belt A45,Drive,Augsburg,BY,0,0,0,0,DRV-BELT-A45 · Augsburg
2024-10-06,DRV-BELT-A45,Drive belt A45,Drive,Augsburg,BY,0,0,0,0,DRV-BELT-A45 · Augsburg
2024-10-07,DRV-BELT-A45,Drive belt A45,Drive,Augsburg,BY,0,0,0,3,DRV-BELT-A45 · Augsburg
2024-10-08,DRV-BELT-A45,Drive belt A45,Drive,Augsburg,BY,0,0,0,2,DRV-BELT-A45 · Augsburg
2024-10-09,DRV-BELT-A45,Drive belt A45,Drive,Augsburg,BY,0,0,0,3,DRV-BELT-A45 · Augsburg
2024-10-10,DRV-BELT-A45,Drive belt A45,Drive,Augsburg,BY,0,0,0,4,DRV-BELT-A45 · Augsburg
2024-10-11,DRV-BELT-A45,Drive belt A45,Drive,Augsburg,BY,0,0,0,3,DRV-BELT-A45 · Augsburg
2024-10-12,DRV-BELT-A45,Drive belt A45,Drive,Augsburg,BY,0,0,0,1,DRV-BELT-A45 · Augsburg
2024-10-13,DRV-BELT-A45,Drive belt A45,Drive,Augsburg,BY,0,0,0,0,DRV-BELT-A45 · Augsburg
2024-10-14,DRV-BELT-A45,Drive belt A45,Drive,Augsburg,BY,0,0,0,5,DRV-BELT-A45 · Augsburg
2024-10-15,DRV-BELT-A45,Drive belt A45,Drive,Augsburg,BY,0,0,0,3,DRV-BELT-A45 · Augsburg
2024-10-16,DRV-BELT-A45,Drive belt A45,Drive,Augsburg,BY,0,0,0,7,DRV-BELT-A45 · Augsburg
2024-10-17,DRV-BELT-A45,Drive belt A45,Drive,Augsburg,BY,0,0,0,3,DRV-BELT-A45 · Augsburg
2024-10-18,DRV-BELT-A45,Drive belt A45,Drive,Augsburg,BY,0,0,0,2,DRV-BELT-A45 · Augsburg
2024-10-19,DRV-BELT-A45,Drive belt A45,Drive,Augsburg,BY,0,0,0,0,DRV-BELT-A45 · Augsburg
2024-10-20,DRV-BELT-A45,Drive belt A45,Drive,Augsburg,BY,0,0,0,0,DRV-BELT-A45 · Augsburg
2024-10-21,DRV-BELT-A45,Drive belt A45,Drive,Augsburg,BY,0,0,0,2,DRV-BELT-A45 · Augsburg
2024-10-22,DRV-BELT-A45,Drive belt A45,Drive,Augsburg,BY,0,0,0,4,DRV-BELT-A45 · Augsburg
2024-10-23,DRV-BELT-A45,Drive belt A45,Drive,Augsburg,BY,0,0,0,2,DRV-BELT-A45 · Augsburg
2024-10-24,DRV-BELT-A45,Drive belt A45,Drive,Augsburg,BY,0,0,0,4,DRV-BELT-A45 · Augsburg
2024-10-25,DRV-BELT-A45,Drive belt A45,Drive,Augsburg,BY,0,0,0,2,DRV-BELT-A45 · Augsburg
2024-10-26,DRV-BELT-A45,Drive belt A45,Drive,Augsburg,BY,0,0,0,0,DRV-BELT-A45 · Augsburg
2024-10-27,DRV-BELT-A45,Drive belt A45,Drive,Augsburg,BY,0,0,0,1,DRV-BELT-A45 · Augsburg
2024-10-28,DRV-BELT-A45,Drive belt A45,Drive,Augsburg,BY,0,0,0,7,DRV-BELT-A45 · Augsburg
2024-10-29,DRV-BELT-A45,Drive belt A45,Drive,Augsburg,BY,0,0,0,3,DRV-BELT-A45 · Augsburg
2024-10-30,DRV-BELT-A45,Drive belt A45,Drive,Augsburg,BY,0,0,0,4,DRV-BELT-A45 · Augsburg
2024-10-31,DRV-BELT-A45,Drive belt A45,Drive,Augsburg,BY,0,0,0,3,DRV-BELT-A45 · Augsburg
2024-11-01,DRV-BELT-A45,Drive belt A45,Drive,Augsburg,BY,1,0,0,0,DRV-BELT-A45 · Augsburg
2024-11-02,DRV-BELT-A45,Drive belt A45,Drive,Augsburg,BY,0,0,0,0,DRV-BELT-A45 · Augsburg
2024-11-03,DRV-BELT-A45,Drive belt A45,Drive,Augsburg,BY,0,0,0,1,DRV-BELT-A45 · Augsburg
2024-11-04,DRV-BELT-A45,Drive belt A45,Drive,Augsburg,BY,0,0,0,4,DRV-BELT-A45 · Augsburg
2024-11-05,DRV-BELT-A45,Drive belt A45,Drive,Augsburg,BY,0,0,0,6,DRV-BELT-A45 · Augsburg
2024-11-06,DRV-BELT-A45,Drive belt A45,Drive,Augsburg,BY,0,0,0,4,DRV-BELT-A45 · Augsburg
2024-11-07,DRV-BELT-A45,Drive belt A45,Drive,Augsburg,BY,0,0,0,3,DRV-BELT-A45 · Augsburg
2024-11-08,DRV-BELT-A45,Drive belt A45,Drive,Augsburg,BY,0,0,0,3,DRV-BELT-A45 · Augsburg
2024-11-09,DRV-BELT-A45,Drive belt A45,Drive,Augsburg,BY,0,0,0,0,DRV-BELT-A45 · Augsburg
2024-11-10,DRV-BELT-A45,Drive belt A45,Drive,Augsburg,BY,0,0,0,1,DRV-BELT-A45 · Augsburg
2024-11-11,DRV-BELT-A45,Drive belt A45,Drive,Augsburg,BY,0,0,0,2,DRV-BELT-A45 · Augsburg
2024-11-12,DRV-BELT-A45,Drive belt A45,Drive,Augsburg,BY,0,0,0,2,DRV-BELT-A45 · Augsburg
2024-11-13,DRV-BELT-A45,Drive belt A45,Drive,Augsburg,BY,0,0,0,3,DRV-BELT-A45 · Augsburg
2024-11-14,DRV-BELT-A45,Drive belt A45,Drive,Augsburg,BY,0,0,0,5,DRV-BELT-A45 · Augsburg
2024-11-15,DRV-BELT-A45,Drive belt A45,Drive,Augsburg,BY,0,0,0,5,DRV-BELT-A45 · Augsburg
2024-11-16,DRV-BELT-A45,Drive belt A45,Drive,Augsburg,BY,0,0,0,1,DRV-BELT-A45 · Augsburg
2024-11-17,DRV-BELT-A45,Drive belt A45,Drive,Augsburg,BY,0,0,0,1,DRV-BELT-A45 · Augsburg
2024-11-18,DRV-BELT-A45,Drive belt A45,Drive,Augsburg,BY,0,0,0,4,DRV-BELT-A45 · Augsburg
2024-11-19,DRV-BELT-A45,Drive belt A45,Drive,Augsburg,BY,0,0,0,5,DRV-BELT-A45 · Augsburg
2024-11-20,DRV-BELT-A45,Drive belt A45,Drive,Augsburg,BY,0,0,0,2,DRV-BELT-A45 · Augsburg
2024-11-21,DRV-BELT-A45,Drive belt A45,Drive,Augsburg,BY,0,0,0,2,DRV-BELT-A45 · Augsburg
2024-11-22,DRV-BELT-A45,Drive belt A45,Drive,Augsburg,BY,0,0,0,3,DRV-BELT-A45 · Augsburg
2024-11-23,DRV-BELT-A45,Drive belt A45,Drive,Augsburg,BY,0,0,0,0,DRV-BELT-A45 · Augsburg
2024-11-24,DRV-BELT-A45,Drive belt A45,Drive,Augsburg,BY,0,0,0,0,DRV-BELT-A45 · Augsburg
2024-11-25,DRV-BELT-A45,Drive belt A45,Drive,Augsburg,BY,0,0,0,3,DRV-BELT-A45 · Augsburg
2024-11-26,DRV-BELT-A45,Drive belt A45,Drive,Augsburg,BY,0,0,0,4,DRV-BELT-A45 · Augsburg
2024-11-27,DRV-BELT-A45,Drive belt A45,Drive,Augsburg,BY,0,0,0,4,DRV-BELT-A45 · Augsburg
2024-11-28,DRV-BELT-A45,Drive belt A45,Drive,Augsburg,BY,0,0,0,4,DRV-BELT-A45 · Augsburg
2024-11-29,DRV-BELT-A45,Drive belt A45,Drive,Augsburg,BY,0,0,0,3,DRV-BELT-A45 · Augsburg
2024-11-30,DRV-BELT-A45,Drive belt A45,Drive,Augsburg,BY,0,0,0,0,DRV-BELT-A45 · Augsburg
2024-12-01,DRV-BELT-A45,Drive belt A45,Drive,Augsburg,BY,0,0,0,0,DRV-BELT-A45 · Augsburg
2024-12-02,DRV-BELT-A45,Drive belt A45,Drive,Augsburg,BY,0,0,0,3,DRV-BELT-A45 · Augsburg
2024-12-03,DRV-BELT-A45,Drive belt A45,Drive,Augsburg,BY,0,0,0,3,DRV-BELT-A45 · Augsburg
2024-12-04,DRV-BELT-A45,Drive belt A45,Drive,Augsburg,BY,0,0,0,6,DRV-BELT-A45 · Augsburg
2024-12-05,DRV-BELT-A45,Drive belt A45,Drive,Augsburg,BY,0,0,0,3,DRV-BELT-A45 · Augsburg
2024-12-06,DRV-BELT-A45,Drive belt A45,Drive,Augsburg,BY,0,0,0,3,DRV-BELT-A45 · Augsburg
2024-12-07,DRV-BELT-A45,Drive belt A45,Drive,Augsburg,BY,0,0,0,0,DRV-BELT-A45 · Augsburg
2024-12-08,DRV-BELT-A45,Drive belt A45,Drive,Augsburg,BY,0,0,0,1,DRV-BELT-A45 · Augsburg
2024-12-09,DRV-BELT-A45,Drive belt A45,Drive,Augsburg,BY,0,0,0,4,DRV-BELT-A45 · Augsburg
2024-12-10,DRV-BELT-A45,Drive belt A45,Drive,Augsburg,BY,0,0,0,4,DRV-BELT-A45 · Augsburg
2024-12-11,DRV-BELT-A45,Drive belt A45,Drive,Augsburg,BY,0,0,0,3,DRV-BELT-A45 · Augsburg
2024-12-12,DRV-BELT-A45,Drive belt A45,Drive,Augsburg,BY,0,0,0,4,DRV-BELT-A45 · Augsburg
2024-12-13,DRV-BELT-A45,Drive belt A45,Drive,Augsburg,BY,0,0,0,4,DRV-BELT-A45 · Augsburg
2024-12-14,DRV-BELT-A45,Drive belt A45,Drive,Augsburg,BY,0,0,0,1,DRV-BELT-A45 · Augsburg
2024-12-15,DRV-BELT-A45,Drive belt A45,Drive,Augsburg,BY,0,0,0,0,DRV-BELT-A45 · Augsburg
2024-12-16,DRV-BELT-A45,Drive belt A45,Drive,Augsburg,BY,0,0,0,4,DRV-BELT-A45 · Augsburg
2024-12-17,DRV-BELT-A45,Drive belt A45,Drive,Augsburg,BY,0,0,0,2,DRV-BELT-A45 · Augsburg
2024-12-18,DRV-BELT-A45,Drive belt A45,Drive,Augsburg,BY,0,0,0,2,DRV-BELT-A45 · Augsburg
2024-12-19,DRV-BELT-A45,Drive belt A45,Drive,Augsburg,BY,0,0,0,3,DRV-BELT-A45 · Augsburg
2024-12-20,DRV-BELT-A45,Drive belt A45,Drive,Augsburg,BY,0,0,0,1,DRV-BELT-A45 · Augsburg
2024-12-21,DRV-BELT-A45,Drive belt A45,Drive,Augsburg,BY,0,0,0,1,DRV-BELT-A45 · Augsburg
2024-12-22,DRV-BELT-A45,Drive belt A45,Drive,Augsburg,BY,0,0,0,0,DRV-BELT-A45 · Augsburg
2024-12-23,DRV-BELT-A45,Drive belt A45,Drive,Augsburg,BY,0,0,0,3,DRV-BELT-A45 · Augsburg
2024-12-24,DRV-BELT-A45,Drive belt A45,Drive,Augsburg,BY,0,1,0,0,DRV-BELT-A45 · Augsburg
2024-12-25,DRV-BELT-A45,Drive belt A45,Drive,Augsburg,BY,1,1,0,0,DRV-BELT-A45 · Augsburg
2024-12-26,DRV-BELT-A45,Drive belt A45,Drive,Augsburg,BY,1,1,0,0,DRV-BELT-A45 · Augsburg
2024-12-27,DRV-BELT-A45,Drive belt A45,Drive,Augsburg,BY,0,1,0,0,DRV-BELT-A45 · Augsburg
2024-12-28,DRV-BELT-A45,Drive belt A45,Drive,Augsburg,BY,0,1,0,0,DRV-BELT-A45 · Augsburg
2024-12-29,DRV-BELT-A45,Drive belt A45,Drive,Augsburg,BY,0,1,0,0,DRV-BELT-A45 · Augsburg
2024-12-30,DRV-BELT-A45,Drive belt A45,Drive,Augsburg,BY,0,1,0,0,DRV-BELT-A45 · Augsburg
2024-12-31,DRV-BELT-A45,Drive belt A45,Drive,Augsburg,BY,0,1,0,1,DRV-BELT-A45 · Augsburg
2023-01-01,DRV-BELT-A45,Drive belt A45,Drive,Bremen,HB,1,1,0,0,DRV-BELT-A45 · Bremen
2023-01-02,DRV-BELT-A45,Drive belt A45,Drive,Bremen,HB,0,1,0,1,DRV-BELT-A45 · Bremen
2023-01-03,DRV-BELT-A45,Drive belt A45,Drive,Bremen,HB,0,0,0,3,DRV-BELT-A45 · Bremen
2023-01-04,DRV-BELT-A45,Drive belt A45,Drive,Bremen,HB,0,0,0,3,DRV-BELT-A45 · Bremen
2023-01-05,DRV-BELT-A45,Drive belt A45,Drive,Bremen,HB,0,0,0,3,DRV-BELT-A45 · Bremen
2023-01-06,DRV-BELT-A45,Drive belt A45,Drive,Bremen,HB,0,0,0,4,DRV-BELT-A45 · Bremen
2023-01-07,DRV-BELT-A45,Drive belt A45,Drive,Bremen,HB,0,0,0,0,DRV-BELT-A45 · Bremen
2023-01-08,DRV-BELT-A45,Drive belt A45,Drive,Bremen,HB,0,0,0,1,DRV-BELT-A45 · Bremen
2023-01-09,DRV-BELT-A45,Drive belt A45,Drive,Bremen,HB,0,0,0,3,DRV-BELT-A45 · Bremen
2023-01-10,DRV-BELT-A45,Drive belt A45,Drive,Bremen,HB,0,0,0,2,DRV-BELT-A45 · Bremen
2023-01-11,DRV-BELT-A45,Drive belt A45,Drive,Bremen,HB,0,0,0,1,DRV-BELT-A45 · Bremen
2023-01-12,DRV-BELT-A45,Drive belt A45,Drive,Bremen,HB,0,0,0,2,DRV-BELT-A45 · Bremen
2023-01-13,DRV-BELT-A45,Drive belt A45,Drive,Bremen,HB,0,0,0,3,DRV-BELT-A45 · Bremen
2023-01-14,DRV-BELT-A45,Drive belt A45,Drive,Bremen,HB,0,0,0,0,DRV-BELT-A45 · Bremen
2023-01-15,DRV-BELT-A45,Drive belt A45,Drive,Bremen,HB,0,0,0,0,DRV-BELT-A45 · Bremen
2023-01-16,DRV-BELT-A45,Drive belt A45,Drive,Bremen,HB,0,0,0,3,DRV-BELT-A45 · Bremen
2023-01-17,DRV-BELT-A45,Drive belt A45,Drive,Bremen,HB,0,0,0,3,DRV-BELT-A45 · Bremen
2023-01-18,DRV-BELT-A45,Drive belt A45,Drive,Bremen,HB,0,0,0,2,DRV-BELT-A45 · Bremen
2023-01-19,DRV-BELT-A45,Drive belt A45,Drive,Bremen,HB,0,0,0,2,DRV-BELT-A45 · Bremen
2023-01-20,DRV-BELT-A45,Drive belt A45,Drive,Bremen,HB,0,0,0,3,DRV-BELT-A45 · Bremen
2023-01-21,DRV-BELT-A45,Drive belt A45,Drive,Bremen,HB,0,0,0,0,DRV-BELT-A45 · Bremen
2023-01-22,DRV-BELT-A45,Drive belt A45,Drive,Bremen,HB,0,0,0,0,DRV-BELT-A45 · Bremen
2023-01-23,DRV-BELT-A45,Drive belt A45,Drive,Bremen,HB,0,0,0,4,DRV-BELT-A45 · Bremen
2023-01-24,DRV-BELT-A45,Drive belt A45,Drive,Bremen,HB,0,0,0,3,DRV-BELT-A45 · Bremen
2023-01-25,DRV-BELT-A45,Drive belt A45,Drive,Bremen,HB,0,0,0,4,DRV-BELT-A45 · Bremen
2023-01-26,DRV-BELT-A45,Drive belt A45,Drive,Bremen,HB,0,0,0,3,DRV-BELT-A45 · Bremen
2023-01-27,DRV-BELT-A45,Drive belt A45,Drive,Bremen,HB,0,0,0,3,DRV-BELT-A45 · Bremen
2023-01-28,DRV-BELT-A45,Drive belt A45,Drive,Bremen,HB,0,0,0,0,DRV-BELT-A45 · Bremen
2023-01-29,DRV-BELT-A45,Drive belt A45,Drive,Bremen,HB,0,0,0,0,DRV-BELT-A45 · Bremen
2023-01-30,DRV-BELT-A45,Drive belt A45,Drive,Bremen,HB,0,0,0,3,DRV-BELT-A45 · Bremen
2023-01-31,DRV-BELT-A45,Drive belt A45,Drive,Bremen,HB,0,0,0,2,DRV-BELT-A45 · Bremen
2023-02-01,DRV-BELT-A45,Drive belt A45,Drive,Bremen,HB,0,0,0,2,DRV-BELT-A45 · Bremen
2023-02-02,DRV-BELT-A45,Drive belt A45,Drive,Bremen,HB,0,0,0,2,DRV-BELT-A45 · Bremen
2023-02-03,DRV-BELT-A45,Drive belt A45,Drive,Bremen,HB,0,0,0,3,DRV-BELT-A45 · Bremen
2023-02-04,DRV-BELT-A45,Drive belt A45,Drive,Bremen,HB,0,0,0,0,DRV-BELT-A45 · Bremen
2023-02-05,DRV-BELT-A45,Drive belt A45,Drive,Bremen,HB,0,0,0,0,DRV-BELT-A45 · Bremen
2023-02-06,DRV-BELT-A45,Drive belt A45,Drive,Bremen,HB,0,0,0,3,DRV-BELT-A45 · Bremen
2023-02-07,DRV-BELT-A45,Drive belt A45,Drive,Bremen,HB,0,0,0,2,DRV-BELT-A45 · Bremen
2023-02-08,DRV-BELT-A45,Drive belt A45,Drive,Bremen,HB,0,0,0,3,DRV-BELT-A45 · Bremen
2023-02-09,DRV-BELT-A45,Drive belt A45,Drive,Bremen,HB,0,0,0,3,DRV-BELT-A45 · Bremen
2023-02-10,DRV-BELT-A45,Drive belt A45,Drive,Bremen,HB,0,0,0,3,DRV-BELT-A45 · Bremen
2023-02-11,DRV-BELT-A45,Drive belt A45,Drive,Bremen,HB,0,0,0,0,DRV-BELT-A45 · Bremen
2023-02-12,DRV-BELT-A45,Drive belt A45,Drive,Bremen,HB,0,0,0,1,DRV-BELT-A45 · Bremen
2023-02-13,DRV-BELT-A45,Drive belt A45,Drive,Bremen,HB,0,0,0,3,DRV-BELT-A45 · Bremen
2023-02-14,DRV-BELT-A45,Drive belt A45,Drive,Bremen,HB,0,0,0,3,DRV-BELT-A45 · Bremen
2023-02-15,DRV-BELT-A45,Drive belt A45,Drive,Bremen,HB,0,0,0,2,DRV-BELT-A45 · Bremen
2023-02-16,DRV-BELT-A45,Drive belt A45,Drive,Bremen,HB,0,0,0,3,DRV-BELT-A45 · Bremen
2023-02-17,DRV-BELT-A45,Drive belt A45,Drive,Bremen,HB,0,0,0,2,DRV-BELT-A45 · Bremen
2023-02-18,DRV-BELT-A45,Drive belt A45,Drive,Bremen,HB,0,0,0,0,DRV-BELT-A45 · Bremen
2023-02-19,DRV-BELT-A45,Drive belt A45,Drive,Bremen,HB,0,0,0,1,DRV-BELT-A45 · Bremen
2023-02-20,DRV-BELT-A45,Drive belt A45,Drive,Bremen,HB,0,0,0,3,DRV-BELT-A45 · Bremen
2023-02-21,DRV-BELT-A45,Drive belt A45,Drive,Bremen,HB,0,0,0,1,DRV-BELT-A45 · Bremen
2023-02-22,DRV-BELT-A45,Drive belt A45,Drive,Bremen,HB,0,0,0,3,DRV-BELT-A45 · Bremen
2023-02-23,DRV-BELT-A45,Drive belt A45,Drive,Bremen,HB,0,0,0,4,DRV-BELT-A45 · Bremen
2023-02-24,DRV-BELT-A45,Drive belt A45,Drive,Bremen,HB,0,0,0,1,DRV-BELT-A45 · Bremen
2023-02-25,DRV-BELT-A45,Drive belt A45,Drive,Bremen,HB,0,0,0,0,DRV-BELT-A45 · Bremen
2023-02-26,DRV-BELT-A45,Drive belt A45,Drive,Bremen,HB,0,0,0,0,DRV-BELT-A45 · Bremen
2023-02-27,DRV-BELT-A45,Drive belt A45,Drive,Bremen,HB,0,0,0,4,DRV-BELT-A45 · Bremen
2023-02-28,DRV-BELT-A45,Drive belt A45,Drive,Bremen,HB,0,0,0,4,DRV-BELT-A45 · Bremen
2023-03-01,DRV-BELT-A45,Drive belt A45,Drive,Bremen,HB,0,0,1,15,DRV-BELT-A45 · Bremen
2023-03-02,DRV-BELT-A45,Drive belt A45,Drive,Bremen,HB,0,0,1,17,DRV-BELT-A45 · Bremen
2023-03-03,DRV-BELT-A45,Drive belt A45,Drive,Bremen,HB,0,0,1,20,DRV-BELT-A45 · Bremen
2023-03-04,DRV-BELT-A45,Drive belt A45,Drive,Bremen,HB,0,0,1,1,DRV-BELT-A45 · Bremen
2023-03-05,DRV-BELT-A45,Drive belt A45,Drive,Bremen,HB,0,0,1,1,DRV-BELT-A45 · Bremen
2023-03-06,DRV-BELT-A45,Drive belt A45,Drive,Bremen,HB,0,0,1,19,DRV-BELT-A45 · Bremen
2023-03-07,DRV-BELT-A45,Drive belt A45,Drive,Bremen,HB,0,0,1,15,DRV-BELT-A45 · Bremen
2023-03-08,DRV-BELT-A45,Drive belt A45,Drive,Bremen,HB,0,0,0,4,DRV-BELT-A45 · Bremen
2023-03-09,DRV-BELT-A45,Drive belt A45,Drive,Bremen,HB,0,0,0,2,DRV-BELT-A45 · Bremen
2023-03-10,DRV-BELT-A45,Drive belt A45,Drive,Bremen,HB,0,0,0,1,DRV-BELT-A45 · Bremen
2023-03-11,DRV-BELT-A45,Drive belt A45,Drive,Bremen,HB,0,0,0,0,DRV-BELT-A45 · Bremen
2023-03-12,DRV-BELT-A45,Drive belt A45,Drive,Bremen,HB,0,0,0,1,DRV-BELT-A45 · Bremen
2023-03-13,DRV-BELT-A45,Drive belt A45,Drive,Bremen,HB,0,0,0,2,DRV-BELT-A45 · Bremen
2023-03-14,DRV-BELT-A45,Drive belt A45,Drive,Bremen,HB,0,0,0,3,DRV-BELT-A45 · Bremen
2023-03-15,DRV-BELT-A45,Drive belt A45,Drive,Bremen,HB,0,0,0,3,DRV-BELT-A45 · Bremen
2023-03-16,DRV-BELT-A45,Drive belt A45,Drive,Bremen,HB,0,0,0,1,DRV-BELT-A45 · Bremen
2023-03-17,DRV-BELT-A45,Drive belt A45,Drive,Bremen,HB,0,0,0,2,DRV-BELT-A45 · Bremen
2023-03-18,DRV-BELT-A45,Drive belt A45,Drive,Bremen,HB,0,0,0,0,DRV-BELT-A45 · Bremen
2023-03-19,DRV-BELT-A45,Drive belt A45,Drive,Bremen,HB,0,0,0,1,DRV-BELT-A45 · Bremen
2023-03-20,DRV-BELT-A45,Drive belt A45,Drive,Bremen,HB,0,0,0,2,DRV-BELT-A45 · Bremen
2023-03-21,DRV-BELT-A45,Drive belt A45,Drive,Bremen,HB,0,0,0,3,DRV-BELT-A45 · Bremen
2023-03-22,DRV-BELT-A45,Drive belt A45,Drive,Bremen,HB,0,0,0,2,DRV-BELT-A45 · Bremen
2023-03-23,DRV-BELT-A45,Drive belt A45,Drive,Bremen,HB,0,0,0,3,DRV-BELT-A45 · Bremen
2023-03-24,DRV-BELT-A45,Drive belt A45,Drive,Bremen,HB,0,0,0,2,DRV-BELT-A45 · Bremen
2023-03-25,DRV-BELT-A45,Drive belt A45,Drive,Bremen,HB,0,0,0,0,DRV-BELT-A45 · Bremen
2023-03-26,DRV-BELT-A45,Drive belt A45,Drive,Bremen,HB,0,0,0,0,DRV-BELT-A45 · Bremen
2023-03-27,DRV-BELT-A45,Drive belt A45,Drive,Bremen,HB,0,0,0,2,DRV-BELT-A45 · Bremen
2023-03-28,DRV-BELT-A45,Drive belt A45,Drive,Bremen,HB,0,0,0,3,DRV-BELT-A45 · Bremen
2023-03-29,DRV-BELT-A45,Drive belt A45,Drive,Bremen,HB,0,0,0,3,DRV-BELT-A45 · Bremen
2023-03-30,DRV-BELT-A45,Drive belt A45,Drive,Bremen,HB,0,0,0,4,DRV-BELT-A45 · Bremen
2023-03-31,DRV-BELT-A45,Drive belt A45,Drive,Bremen,HB,0,0,0,2,DRV-BELT-A45 · Bremen
2023-04-01,DRV-BELT-A45,Drive belt A45,Drive,Bremen,HB,0,0,0,0,DRV-BELT-A45 · Bremen
2023-04-02,DRV-BELT-A45,Drive belt A45,Drive,Bremen,HB,0,0,0,0,DRV-BELT-A45 · Bremen
2023-04-03,DRV-BELT-A45,Drive belt A45,Drive,Bremen,HB,0,0,0,2,DRV-BELT-A45 · Bremen
2023-04-04,DRV-BELT-A45,Drive belt A45,Drive,Bremen,HB,0,0,0,2,DRV-BELT-A45 · Bremen
2023-04-05,DRV-BELT-A45,Drive belt A45,Drive,Bremen,HB,0,0,0,3,DRV-BELT-A45 · Bremen
2023-04-06,DRV-BELT-A45,Drive belt A45,Drive,Bremen,HB,0,0,0,3,DRV-BELT-A45 · Bremen
2023-04-07,DRV-BELT-A45,Drive belt A45,Drive,Bremen,HB,1,0,0,0,DRV-BELT-A45 · Bremen
2023-04-08,DRV-BELT-A45,Drive belt A45,Drive,Bremen,HB,0,0,0,0,DRV-BELT-A45 · Bremen
2023-04-09,DRV-BELT-A45,Drive belt A45,Drive,Bremen,HB,0,0,0,0,DRV-BELT-A45 · Bremen
2023-04-10,DRV-BELT-A45,Drive belt A45,Drive,Bremen,HB,1,0,0,0,DRV-BELT-A45 · Bremen
2023-04-11,DRV-BELT-A45,Drive belt A45,Drive,Bremen,HB,0,0,0,2,DRV-BELT-A45 · Bremen
2023-04-12,DRV-BELT-A45,Drive belt A45,Drive,Bremen,HB,0,0,0,1,DRV-BELT-A45 · Bremen
2023-04-13,DRV-BELT-A45,Drive belt A45,Drive,Bremen,HB,0,0,0,4,DRV-BELT-A45 · Bremen
2023-04-14,DRV-BELT-A45,Drive belt A45,Drive,Bremen,HB,0,0,0,4,DRV-BELT-A45 · Bremen
2023-04-15,DRV-BELT-A45,Drive belt A45,Drive,Bremen,HB,0,0,0,0,DRV-BELT-A45 · Bremen
2023-04-16,DRV-BELT-A45,Drive belt A45,Drive,Bremen,HB,0,0,0,0,DRV-BELT-A45 · Bremen
2023-04-17,DRV-BELT-A45,Drive belt A45,Drive,Bremen,HB,0,0,0,3,DRV-BELT-A45 · Bremen
2023-04-18,DRV-BELT-A45,Drive belt A45,Drive,Bremen,HB,0,0,0,3,DRV-BELT-A45 · Bremen
2023-04-19,DRV-BELT-A45,Drive belt A45,Drive,Bremen,HB,0,0,0,2,DRV-BELT-A45 · Bremen
2023-04-20,DRV-BELT-A45,Drive belt A45,Drive,Bremen,HB,0,0,0,3,DRV-BELT-A45 · Bremen
2023-04-21,DRV-BELT-A45,Drive belt A45,Drive,Bremen,HB,0,0,0,3,DRV-BELT-A45 · Bremen
2023-04-22,DRV-BELT-A45,Drive belt A45,Drive,Bremen,HB,0,0,0,1,DRV-BELT-A45 · Bremen
2023-04-23,DRV-BELT-A45,Drive belt A45,Drive,Bremen,HB,0,0,0,0,DRV-BELT-A45 · Bremen
2023-04-24,DRV-BELT-A45,Drive belt A45,Drive,Bremen,HB,0,0,0,1,DRV-BELT-A45 · Bremen
2023-04-25,DRV-BELT-A45,Drive belt A45,Drive,Bremen,HB,0,0,0,3,DRV-BELT-A45 · Bremen
2023-04-26,DRV-BELT-A45,Drive belt A45,Drive,Bremen,HB,0,0,0,2,DRV-BELT-A45 · Bremen
2023-04-27,DRV-BELT-A45,Drive belt A45,Drive,Bremen,HB,0,0,0,3,DRV-BELT-A45 · Bremen
2023-04-28,DRV-BELT-A45,Drive belt A45,Drive,Bremen,HB,0,0,0,0,DRV-BELT-A45 · Bremen
2023-04-29,DRV-BELT-A45,Drive belt A45,Drive,Bremen,HB,0,0,0,0,DRV-BELT-A45 · Bremen
2023-04-30,DRV-BELT-A45,Drive belt A45,Drive,Bremen,HB,0,0,0,0,DRV-BELT-A45 · Bremen
2023-05-01,DRV-BELT-A45,Drive belt A45,Drive,Bremen,HB,1,0,0,0,DRV-BELT-A45 · Bremen
2023-05-02,DRV-BELT-A45,Drive belt A45,Drive,Bremen,HB,0,0,0,3,DRV-BELT-A45 · Bremen
2023-05-03,DRV-BELT-A45,Drive belt A45,Drive,Bremen,HB,0,0,0,3,DRV-BELT-A45 · Bremen
2023-05-04,DRV-BELT-A45,Drive belt A45,Drive,Bremen,HB,0,0,0,3,DRV-BELT-A45 · Bremen
2023-05-05,DRV-BELT-A45,Drive belt A45,Drive,Bremen,HB,0,0,0,3,DRV-BELT-A45 · Bremen
2023-05-06,DRV-BELT-A45,Drive belt A45,Drive,Bremen,HB,0,0,0,0,DRV-BELT-A45 · Bremen
2023-05-07,DRV-BELT-A45,Drive belt A45,Drive,Bremen,HB,0,0,0,1,DRV-BELT-A45 · Bremen
2023-05-08,DRV-BELT-A45,Drive belt A45,Drive,Bremen,HB,0,0,0,4,DRV-BELT-A45 · Bremen
2023-05-09,DRV-BELT-A45,Drive belt A45,Drive,Bremen,HB,0,0,0,2,DRV-BELT-A45 · Bremen
2023-05-10,DRV-BELT-A45,Drive belt A45,Drive,Bremen,HB,0,0,0,2,DRV-BELT-A45 · Bremen
2023-05-11,DRV-BELT-A45,Drive belt A45,Drive,Bremen,HB,0,0,0,2,DRV-BELT-A45 · Bremen
2023-05-12,DRV-BELT-A45,Drive belt A45,Drive,Bremen,HB,0,0,0,3,DRV-BELT-A45 · Bremen
2023-05-13,DRV-BELT-A45,Drive belt A45,Drive,Bremen,HB,0,0,0,0,DRV-BELT-A45 · Bremen
2023-05-14,DRV-BELT-A45,Drive belt A45,Drive,Bremen,HB,0,0,0,0,DRV-BELT-A45 · Bremen
2023-05-15,DRV-BELT-A45,Drive belt A45,Drive,Bremen,HB,0,0,0,1,DRV-BELT-A45 · Bremen
2023-05-16,DRV-BELT-A45,Drive belt A45,Drive,Bremen,HB,0,0,0,2,DRV-BELT-A45 · Bremen
2023-05-17,DRV-BELT-A45,Drive belt A45,Drive,Bremen,HB,0,0,0,3,DRV-BELT-A45 · Bremen
2023-05-18,DRV-BELT-A45,Drive belt A45,Drive,Bremen,HB,1,0,0,0,DRV-BELT-A45 · Bremen
2023-05-19,DRV-BELT-A45,Drive belt A45,Drive,Bremen,HB,0,0,0,2,DRV-BELT-A45 · Bremen
2023-05-20,DRV-BELT-A45,Drive belt A45,Drive,Bremen,HB,0,0,0,0,DRV-BELT-A45 · Bremen
2023-05-21,DRV-BELT-A45,Drive belt A45,Drive,Bremen,HB,0,0,0,0,DRV-BELT-A45 · Bremen
2023-05-22,DRV-BELT-A45,Drive belt A45,Drive,Bremen,HB,0,0,0,3,DRV-BELT-A45 · Bremen
2023-05-23,DRV-BELT-A45,Drive belt A45,Drive,Bremen,HB,0,0,0,3,DRV-BELT-A45 · Bremen
2023-05-24,DRV-BELT-A45,Drive belt A45,Drive,Bremen,HB,0,0,0,3,DRV-BELT-A45 · Bremen
2023-05-25,DRV-BELT-A45,Drive belt A45,Drive,Bremen,HB,0,0,0,4,DRV-BELT-A45 · Bremen
2023-05-26,DRV-BELT-A45,Drive belt A45,Drive,Bremen,HB,0,0,0,3,DRV-BELT-A45 · Bremen
2023-05-27,DRV-BELT-A45,Drive belt A45,Drive,Bremen,HB,0,0,0,1,DRV-BELT-A45 · Bremen
2023-05-28,DRV-BELT-A45,Drive belt A45,Drive,Bremen,HB,0,0,0,0,DRV-BELT-A45 · Bremen
2023-05-29,DRV-BELT-A45,Drive belt A45,Drive,Bremen,HB,1,0,0,0,DRV-BELT-A45 · Bremen
2023-05-30,DRV-BELT-A45,Drive belt A45,Drive,Bremen,HB,0,0,0,5,DRV-BELT-A45 · Bremen
2023-05-31,DRV-BELT-A45,Drive belt A45,Drive,Bremen,HB,0,0,0,3,DRV-BELT-A45 · Bremen
2023-06-01,DRV-BELT-A45,Drive belt A45,Drive,Bremen,HB,0,0,0,3,DRV-BELT-A45 · Bremen
2023-06-02,DRV-BELT-A45,Drive belt A45,Drive,Bremen,HB,0,0,0,2,DRV-BELT-A45 · Bremen
2023-06-03,DRV-BELT-A45,Drive belt A45,Drive,Bremen,HB,0,0,0,0,DRV-BELT-A45 · Bremen
2023-06-04,DRV-BELT-A45,Drive belt A45,Drive,Bremen,HB,0,0,0,1,DRV-BELT-A45 · Bremen
2023-06-05,DRV-BELT-A45,Drive belt A45,Drive,Bremen,HB,0,0,0,3,DRV-BELT-A45 · Bremen
2023-06-06,DRV-BELT-A45,Drive belt A45,Drive,Bremen,HB,0,0,0,3,DRV-BELT-A45 · Bremen
2023-06-07,DRV-BELT-A45,Drive belt A45,Drive,Bremen,HB,0,0,0,3,DRV-BELT-A45 · Bremen
2023-06-08,DRV-BELT-A45,Drive belt A45,Drive,Bremen,HB,0,0,0,4,DRV-BELT-A45 · Bremen
2023-06-09,DRV-BELT-A45,Drive belt A45,Drive,Bremen,HB,0,0,0,3,DRV-BELT-A45 · Bremen
2023-06-10,DRV-BELT-A45,Drive belt A45,Drive,Bremen,HB,0,0,0,1,DRV-BELT-A45 · Bremen
2023-06-11,DRV-BELT-A45,Drive belt A45,Drive,Bremen,HB,0,0,0,0,DRV-BELT-A45 · Bremen
2023-06-12,DRV-BELT-A45,Drive belt A45,Drive,Bremen,HB,0,0,0,2,DRV-BELT-A45 · Bremen
2023-06-13,DRV-BELT-A45,Drive belt A45,Drive,Bremen,HB,0,0,0,3,DRV-BELT-A45 · Bremen
2023-06-14,DRV-BELT-A45,Drive belt A45,Drive,Bremen,HB,0,0,0,4,DRV-BELT-A45 · Bremen
2023-06-15,DRV-BELT-A45,Drive belt A45,Drive,Bremen,HB,0,0,0,2,DRV-BELT-A45 · Bremen
2023-06-16,DRV-BELT-A45,Drive belt A45,Drive,Bremen,HB,0,0,0,3,DRV-BELT-A45 · Bremen
2023-06-17,DRV-BELT-A45,Drive belt A45,Drive,Bremen,HB,0,0,0,1,DRV-BELT-A45 · Bremen
2023-06-18,DRV-BELT-A45,Drive belt A45,Drive,Bremen,HB,0,0,0,1,DRV-BELT-A45 · Bremen
2023-06-19,DRV-BELT-A45,Drive belt A45,Drive,Bremen,HB,0,0,0,3,DRV-BELT-A45 · Bremen
2023-06-20,DRV-BELT-A45,Drive belt A45,Drive,Bremen,HB,0,0,0,4,DRV-BELT-A45 · Bremen
2023-06-21,DRV-BELT-A45,Drive belt A45,Drive,Bremen,HB,0,0,0,2,DRV-BELT-A45 · Bremen
2023-06-22,DRV-BELT-A45,Drive belt A45,Drive,Bremen,HB,0,0,0,3,DRV-BELT-A45 · Bremen
2023-06-23,DRV-BELT-A45,Drive belt A45,Drive,Bremen,HB,0,0,0,3,DRV-BELT-A45 · Bremen
2023-06-24,DRV-BELT-A45,Drive belt A45,Drive,Bremen,HB,0,0,0,0,DRV-BELT-A45 · Bremen
2023-06-25,DRV-BELT-A45,Drive belt A45,Drive,Bremen,HB,0,0,0,1,DRV-BELT-A45 · Bremen
2023-06-26,DRV-BELT-A45,Drive belt A45,Drive,Bremen,HB,0,0,0,3,DRV-BELT-A45 · Bremen
2023-06-27,DRV-BELT-A45,Drive belt A45,Drive,Bremen,HB,0,0,0,3,DRV-BELT-A45 · Bremen
2023-06-28,DRV-BELT-A45,Drive belt A45,Drive,Bremen,HB,0,0,0,1,DRV-BELT-A45 · Bremen
2023-06-29,DRV-BELT-A45,Drive belt A45,Drive,Bremen,HB,0,0,0,3,DRV-BELT-A45 · Bremen
2023-06-30,DRV-BELT-A45,Drive belt A45,Drive,Bremen,HB,0,0,0,3,DRV-BELT-A45 · Bremen
2023-07-01,DRV-BELT-A45,Drive belt A45,Drive,Bremen,HB,0,0,0,1,DRV-BELT-A45 · Bremen
2023-07-02,DRV-BELT-A45,Drive belt A45,Drive,Bremen,HB,0,0,0,0,DRV-BELT-A45 · Bremen
2023-07-03,DRV-BELT-A45,Drive belt A45,Drive,Bremen,HB,0,0,0,4,DRV-BELT-A45 · Bremen
2023-07-04,DRV-BELT-A45,Drive belt A45,Drive,Bremen,HB,0,0,0,2,DRV-BELT-A45 · Bremen
2023-07-05,DRV-BELT-A45,Drive belt A45,Drive,Bremen,HB,0,0,0,3,DRV-BELT-A45 · Bremen
2023-07-06,DRV-BELT-A45,Drive belt A45,Drive,Bremen,HB,0,0,0,2,DRV-BELT-A45 · Bremen
2023-07-07,DRV-BELT-A45,Drive belt A45,Drive,Bremen,HB,0,0,0,3,DRV-BELT-A45 · Bremen
2023-07-08,DRV-BELT-A45,Drive belt A45,Drive,Bremen,HB,0,0,0,0,DRV-BELT-A45 · Bremen
2023-07-09,DRV-BELT-A45,Drive belt A45,Drive,Bremen,HB,0,0,0,1,DRV-BELT-A45 · Bremen
2023-07-10,DRV-BELT-A45,Drive belt A45,Drive,Bremen,HB,0,0,0,5,DRV-BELT-A45 · Bremen
2023-07-11,DRV-BELT-A45,Drive belt A45,Drive,Bremen,HB,0,0,0,4,DRV-BELT-A45 · Bremen
2023-07-12,DRV-BELT-A45,Drive belt A45,Drive,Bremen,HB,0,0,0,3,DRV-BELT-A45 · Bremen
2023-07-13,DRV-BELT-A45,Drive belt A45,Drive,Bremen,HB,0,0,0,3,DRV-BELT-A45 · Bremen
2023-07-14,DRV-BELT-A45,Drive belt A45,Drive,Bremen,HB,0,0,0,5,DRV-BELT-A45 · Bremen
2023-07-15,DRV-BELT-A45,Drive belt A45,Drive,Bremen,HB,0,0,0,1,DRV-BELT-A45 · Bremen
2023-07-16,DRV-BELT-A45,Drive belt A45,Drive,Bremen,HB,0,0,0,1,DRV-BELT-A45 · Bremen
2023-07-17,DRV-BELT-A45,Drive belt A45,Drive,Bremen,HB,0,0,0,2,DRV-BELT-A45 · Bremen
2023-07-18,DRV-BELT-A45,Drive belt A45,Drive,Bremen,HB,0,0,0,3,DRV-BELT-A45 · Bremen
2023-07-19,DRV-BELT-A45,Drive belt A45,Drive,Bremen,HB,0,0,0,3,DRV-BELT-A45 · Bremen
2023-07-20,DRV-BELT-A45,Drive belt A45,Drive,Bremen,HB,0,0,0,2,DRV-BELT-A45 · Bremen
2023-07-21,DRV-BELT-A45,Drive belt A45,Drive,Bremen,HB,0,0,0,3,DRV-BELT-A45 · Bremen
2023-07-22,DRV-BELT-A45,Drive belt A45,Drive,Bremen,HB,0,0,0,0,DRV-BELT-A45 · Bremen
2023-07-23,DRV-BELT-A45,Drive belt A45,Drive,Bremen,HB,0,0,0,0,DRV-BELT-A45 · Bremen
2023-07-24,DRV-BELT-A45,Drive belt A45,Drive,Bremen,HB,0,0,0,3,DRV-BELT-A45 · Bremen
2023-07-25,DRV-BELT-A45,Drive belt A45,Drive,Bremen,HB,0,0,0,3,DRV-BELT-A45 · Bremen
2023-07-26,DRV-BELT-A45,Drive belt A45,Drive,Bremen,HB,0,0,0,4,DRV-BELT-A45 · Bremen
2023-07-27,DRV-BELT-A45,Drive belt A45,Drive,Bremen,HB,0,0,0,3,DRV-BELT-A45 · Bremen
2023-07-28,DRV-BELT-A45,Drive belt A45,Drive,Bremen,HB,0,0,0,3,DRV-BELT-A45 · Bremen
2023-07-29,DRV-BELT-A45,Drive belt A45,Drive,Bremen,HB,0,0,0,1,DRV-BELT-A45 · Bremen
2023-07-30,DRV-BELT-A45,Drive belt A45,Drive,Bremen,HB,0,0,0,1,DRV-BELT-A45 · Bremen
2023-07-31,DRV-BELT-A45,Drive belt A45,Drive,Bremen,HB,0,0,0,3,DRV-BELT-A45 · Bremen
2023-08-01,DRV-BELT-A45,Drive belt A45,Drive,Bremen,HB,0,0,0,1,DRV-BELT-A45 · Bremen
2023-08-02,DRV-BELT-A45,Drive belt A45,Drive,Bremen,HB,0,0,0,4,DRV-BELT-A45 · Bremen
2023-08-03,DRV-BELT-A45,Drive belt A45,Drive,Bremen,HB,0,0,0,2,DRV-BELT-A45 · Bremen
2023-08-04,DRV-BELT-A45,Drive belt A45,Drive,Bremen,HB,0,0,0,2,DRV-BELT-A45 · Bremen
2023-08-05,DRV-BELT-A45,Drive belt A45,Drive,Bremen,HB,0,0,0,1,DRV-BELT-A45 · Bremen
2023-08-06,DRV-BELT-A45,Drive belt A45,Drive,Bremen,HB,0,0,0,1,DRV-BELT-A45 · Bremen
2023-08-07,DRV-BELT-A45,Drive belt A45,Drive,Bremen,HB,0,1,0,2,DRV-BELT-A45 · Bremen
2023-08-08,DRV-BELT-A45,Drive belt A45,Drive,Bremen,HB,0,1,0,0,DRV-BELT-A45 · Bremen
2023-08-09,DRV-BELT-A45,Drive belt A45,Drive,Bremen,HB,0,1,0,0,DRV-BELT-A45 · Bremen
2023-08-10,DRV-BELT-A45,Drive belt A45,Drive,Bremen,HB,0,1,0,1,DRV-BELT-A45 · Bremen
2023-08-11,DRV-BELT-A45,Drive belt A45,Drive,Bremen,HB,0,1,0,1,DRV-BELT-A45 · Bremen
2023-08-12,DRV-BELT-A45,Drive belt A45,Drive,Bremen,HB,0,1,0,0,DRV-BELT-A45 · Bremen
2023-08-13,DRV-BELT-A45,Drive belt A45,Drive,Bremen,HB,0,1,0,0,DRV-BELT-A45 · Bremen
2023-08-14,DRV-BELT-A45,Drive belt A45,Drive,Bremen,HB,0,1,0,1,DRV-BELT-A45 · Bremen
2023-08-15,DRV-BELT-A45,Drive belt A45,Drive,Bremen,HB,0,1,0,0,DRV-BELT-A45 · Bremen
2023-08-16,DRV-BELT-A45,Drive belt A45,Drive,Bremen,HB,0,1,0,0,DRV-BELT-A45 · Bremen
2023-08-17,DRV-BELT-A45,Drive belt A45,Drive,Bremen,HB,0,1,0,0,DRV-BELT-A45 · Bremen
2023-08-18,DRV-BELT-A45,Drive belt A45,Drive,Bremen,HB,0,1,0,0,DRV-BELT-A45 · Bremen
2023-08-19,DRV-BELT-A45,Drive belt A45,Drive,Bremen,HB,0,1,0,0,DRV-BELT-A45 · Bremen
2023-08-20,DRV-BELT-A45,Drive belt A45,Drive,Bremen,HB,0,1,0,0,DRV-BELT-A45 · Bremen
2023-08-21,DRV-BELT-A45,Drive belt A45,Drive,Bremen,HB,0,0,0,3,DRV-BELT-A45 · Bremen
2023-08-22,DRV-BELT-A45,Drive belt A45,Drive,Bremen,HB,0,0,0,5,DRV-BELT-A45 · Bremen
2023-08-23,DRV-BELT-A45,Drive belt A45,Drive,Bremen,HB,0,0,0,2,DRV-BELT-A45 · Bremen
2023-08-24,DRV-BELT-A45,Drive belt A45,Drive,Bremen,HB,0,0,0,2,DRV-BELT-A45 · Bremen
2023-08-25,DRV-BELT-A45,Drive belt A45,Drive,Bremen,HB,0,0,0,3,DRV-BELT-A45 · Bremen
2023-08-26,DRV-BELT-A45,Drive belt A45,Drive,Bremen,HB,0,0,0,1,DRV-BELT-A45 · Bremen
2023-08-27,DRV-BELT-A45,Drive belt A45,Drive,Bremen,HB,0,0,0,0,DRV-BELT-A45 · Bremen
2023-08-28,DRV-BELT-A45,Drive belt A45,Drive,Bremen,HB,0,0,0,5,DRV-BELT-A45 · Bremen
2023-08-29,DRV-BELT-A45,Drive belt A45,Drive,Bremen,HB,0,0,0,3,DRV-BELT-A45 · Bremen
2023-08-30,DRV-BELT-A45,Drive belt A45,Drive,Bremen,HB,0,0,0,1,DRV-BELT-A45 · Bremen
2023-08-31,DRV-BELT-A45,Drive belt A45,Drive,Bremen,HB,0,0,0,3,DRV-BELT-A45 · Bremen
2023-09-01,DRV-BELT-A45,Drive belt A45,Drive,Bremen,HB,0,0,1,19,DRV-BELT-A45 · Bremen
2023-09-02,DRV-BELT-A45,Drive belt A45,Drive,Bremen,HB,0,0,1,4,DRV-BELT-A45 · Bremen
2023-09-03,DRV-BELT-A45,Drive belt A45,Drive,Bremen,HB,0,0,1,2,DRV-BELT-A45 · Bremen
2023-09-04,DRV-BELT-A45,Drive belt A45,Drive,Bremen,HB,0,0,1,19,DRV-BELT-A45 · Bremen
2023-09-05,DRV-BELT-A45,Drive belt A45,Drive,Bremen,HB,0,0,1,26,DRV-BELT-A45 · Bremen
2023-09-06,DRV-BELT-A45,Drive belt A45,Drive,Bremen,HB,0,0,1,25,DRV-BELT-A45 · Bremen
2023-09-07,DRV-BELT-A45,Drive belt A45,Drive,Bremen,HB,0,0,1,19,DRV-BELT-A45 · Bremen
2023-09-08,DRV-BELT-A45,Drive belt A45,Drive,Bremen,HB,0,0,0,3,DRV-BELT-A45 · Bremen
2023-09-09,DRV-BELT-A45,Drive belt A45,Drive,Bremen,HB,0,0,0,1,DRV-BELT-A45 · Bremen
2023-09-10,DRV-BELT-A45,Drive belt A45,Drive,Bremen,HB,0,0,0,0,DRV-BELT-A45 · Bremen
2023-09-11,DRV-BELT-A45,Drive belt A45,Drive,Bremen,HB,0,0,0,3,DRV-BELT-A45 · Bremen
2023-09-12,DRV-BELT-A45,Drive belt A45,Drive,Bremen,HB,0,0,0,4,DRV-BELT-A45 · Bremen
2023-09-13,DRV-BELT-A45,Drive belt A45,Drive,Bremen,HB,0,0,0,3,DRV-BELT-A45 · Bremen
2023-09-14,DRV-BELT-A45,Drive belt A45,Drive,Bremen,HB,0,0,0,3,DRV-BELT-A45 · Bremen
2023-09-15,DRV-BELT-A45,Drive belt A45,Drive,Bremen,HB,0,0,0,3,DRV-BELT-A45 · Bremen
2023-09-16,DRV-BELT-A45,Drive belt A45,Drive,Bremen,HB,0,0,0,0,DRV-BELT-A45 · Bremen
2023-09-17,DRV-BELT-A45,Drive belt A45,Drive,Bremen,HB,0,0,0,0,DRV-BELT-A45 · Bremen
2023-09-18,DRV-BELT-A45,Drive belt A45,Drive,Bremen,HB,0,0,0,4,DRV-BELT-A45 · Bremen
2023-09-19,DRV-BELT-A45,Drive belt A45,Drive,Bremen,HB,0,0,0,3,DRV-BELT-A45 · Bremen
2023-09-20,DRV-BELT-A45,Drive belt A45,Drive,Bremen,HB,0,0,0,2,DRV-BELT-A45 · Bremen
2023-09-21,DRV-BELT-A45,Drive belt A45,Drive,Bremen,HB,0,0,0,3,DRV-BELT-A45 · Bremen
2023-09-22,DRV-BELT-A45,Drive belt A45,Drive,Bremen,HB,0,0,0,2,DRV-BELT-A45 · Bremen
2023-09-23,DRV-BELT-A45,Drive belt A45,Drive,Bremen,HB,0,0,0,0,DRV-BELT-A45 · Bremen
2023-09-24,DRV-BELT-A45,Drive belt A45,Drive,Bremen,HB,0,0,0,0,DRV-BELT-A45 · Bremen
2023-09-25,DRV-BELT-A45,Drive belt A45,Drive,Bremen,HB,0,0,0,4,DRV-BELT-A45 · Bremen
2023-09-26,DRV-BELT-A45,Drive belt A45,Drive,Bremen,HB,0,0,0,3,DRV-BELT-A45 · Bremen
2023-09-27,DRV-BELT-A45,Drive belt A45,Drive,Bremen,HB,0,0,0,2,DRV-BELT-A45 · Bremen
2023-09-28,DRV-BELT-A45,Drive belt A45,Drive,Bremen,HB,0,0,0,3,DRV-BELT-A45 · Bremen
2023-09-29,DRV-BELT-A45,Drive belt A45,Drive,Bremen,HB,0,0,0,3,DRV-BELT-A45 · Bremen
2023-09-30,DRV-BELT-A45,Drive belt A45,Drive,Bremen,HB,0,0,0,2,DRV-BELT-A45 · Bremen
2023-10-01,DRV-BELT-A45,Drive belt A45,Drive,Bremen,HB,0,0,0,1,DRV-BELT-A45 · Bremen
2023-10-02,DRV-BELT-A45,Drive belt A45,Drive,Bremen,HB,0,0,0,2,DRV-BELT-A45 · Bremen
2023-10-03,DRV-BELT-A45,Drive belt A45,Drive,Bremen,HB,1,0,0,1,DRV-BELT-A45 · Bremen
2023-10-04,DRV-BELT-A45,Drive belt A45,Drive,Bremen,HB,0,0,0,3,DRV-BELT-A45 · Bremen
2023-10-05,DRV-BELT-A45,Drive belt A45,Drive,Bremen,HB,0,0,0,2,DRV-BELT-A45 · Bremen
2023-10-06,DRV-BELT-A45,Drive belt A45,Drive,Bremen,HB,0,0,0,3,DRV-BELT-A45 · Bremen
2023-10-07,DRV-BELT-A45,Drive belt A45,Drive,Bremen,HB,0,0,0,1,DRV-BELT-A45 · Bremen
2023-10-08,DRV-BELT-A45,Drive belt A45,Drive,Bremen,HB,0,0,0,1,DRV-BELT-A45 · Bremen
2023-10-09,DRV-BELT-A45,Drive belt A45,Drive,Bremen,HB,0,0,0,2,DRV-BELT-A45 · Bremen
2023-10-10,DRV-BELT-A45,Drive belt A45,Drive,Bremen,HB,0,0,0,3,DRV-BELT-A45 · Bremen
2023-10-11,DRV-BELT-A45,Drive belt A45,Drive,Bremen,HB,0,0,0,3,DRV-BELT-A45 · Bremen
2023-10-12,DRV-BELT-A45,Drive belt A45,Drive,Bremen,HB,0,0,0,1,DRV-BELT-A45 · Bremen
2023-10-13,DRV-BELT-A45,Drive belt A45,Drive,Bremen,HB,0,0,0,1,DRV-BELT-A45 · Bremen
2023-10-14,DRV-BELT-A45,Drive belt A45,Drive,Bremen,HB,0,0,0,0,DRV-BELT-A45 · Bremen
2023-10-15,DRV-BELT-A45,Drive belt A45,Drive,Bremen,HB,0,0,0,0,DRV-BELT-A45 · Bremen
2023-10-16,DRV-BELT-A45,Drive belt A45,Drive,Bremen,HB,0,0,0,1,DRV-BELT-A45 · Bremen
2023-10-17,DRV-BELT-A45,Drive belt A45,Drive,Bremen,HB,0,0,0,3,DRV-BELT-A45 · Bremen
2023-10-18,DRV-BELT-A45,Drive belt A45,Drive,Bremen,HB,0,0,0,4,DRV-BELT-A45 · Bremen
2023-10-19,DRV-BELT-A45,Drive belt A45,Drive,Bremen,HB,0,0,0,3,DRV-BELT-A45 · Bremen
2023-10-20,DRV-BELT-A45,Drive belt A45,Drive,Bremen,HB,0,0,0,3,DRV-BELT-A45 · Bremen
2023-10-21,DRV-BELT-A45,Drive belt A45,Drive,Bremen,HB,0,0,0,1,DRV-BELT-A45 · Bremen
2023-10-22,DRV-BELT-A45,Drive belt A45,Drive,Bremen,HB,0,0,0,0,DRV-BELT-A45 · Bremen
2023-10-23,DRV-BELT-A45,Drive belt A45,Drive,Bremen,HB,0,0,0,2,DRV-BELT-A45 · Bremen
2023-10-24,DRV-BELT-A45,Drive belt A45,Drive,Bremen,HB,0,0,0,2,DRV-BELT-A45 · Bremen
2023-10-25,DRV-BELT-A45,Drive belt A45,Drive,Bremen,HB,0,0,0,3,DRV-BELT-A45 · Bremen
2023-10-26,DRV-BELT-A45,Drive belt A45,Drive,Bremen,HB,0,0,0,2,DRV-BELT-A45 · Bremen
2023-10-27,DRV-BELT-A45,Drive belt A45,Drive,Bremen,HB,0,0,0,4,DRV-BELT-A45 · Bremen
2023-10-28,DRV-BELT-A45,Drive belt A45,Drive,Bremen,HB,0,0,0,1,DRV-BELT-A45 · Bremen
2023-10-29,DRV-BELT-A45,Drive belt A45,Drive,Bremen,HB,0,0,0,0,DRV-BELT-A45 · Bremen
2023-10-30,DRV-BELT-A45,Drive belt A45,Drive,Bremen,HB,0,0,0,3,DRV-BELT-A45 · Bremen
2023-10-31,DRV-BELT-A45,Drive belt A45,Drive,Bremen,HB,1,0,0,1,DRV-BELT-A45 · Bremen
2023-11-01,DRV-BELT-A45,Drive belt A45,Drive,Bremen,HB,0,0,0,2,DRV-BELT-A45 · Bremen
2023-11-02,DRV-BELT-A45,Drive belt A45,Drive,Bremen,HB,0,0,0,3,DRV-BELT-A45 · Bremen
2023-11-03,DRV-BELT-A45,Drive belt A45,Drive,Bremen,HB,0,0,0,4,DRV-BELT-A45 · Bremen
2023-11-04,DRV-BELT-A45,Drive belt A45,Drive,Bremen,HB,0,0,0,1,DRV-BELT-A45 · Bremen
2023-11-05,DRV-BELT-A45,Drive belt A45,Drive,Bremen,HB,0,0,0,0,DRV-BELT-A45 · Bremen
2023-11-06,DRV-BELT-A45,Drive belt A45,Drive,Bremen,HB,0,0,0,4,DRV-BELT-A45 · Bremen
2023-11-07,DRV-BELT-A45,Drive belt A45,Drive,Bremen,HB,0,0,0,2,DRV-BELT-A45 · Bremen
2023-11-08,DRV-BELT-A45,Drive belt A45,Drive,Bremen,HB,0,0,0,5,DRV-BELT-A45 · Bremen
2023-11-09,DRV-BELT-A45,Drive belt A45,Drive,Bremen,HB,0,0,0,3,DRV-BELT-A45 · Bremen
2023-11-10,DRV-BELT-A45,Drive belt A45,Drive,Bremen,HB,0,0,0,3,DRV-BELT-A45 · Bremen
2023-11-11,DRV-BELT-A45,Drive belt A45,Drive,Bremen,HB,0,0,0,0,DRV-BELT-A45 · Bremen
2023-11-12,DRV-BELT-A45,Drive belt A45,Drive,Bremen,HB,0,0,0,0,DRV-BELT-A45 · Bremen
2023-11-13,DRV-BELT-A45,Drive belt A45,Drive,Bremen,HB,0,0,0,3,DRV-BELT-A45 · Bremen
2023-11-14,DRV-BELT-A45,Drive belt A45,Drive,Bremen,HB,0,0,0,2,DRV-BELT-A45 · Bremen
2023-11-15,DRV-BELT-A45,Drive belt A45,Drive,Bremen,HB,0,0,0,2,DRV-BELT-A45 · Bremen
2023-11-16,DRV-BELT-A45,Drive belt A45,Drive,Bremen,HB,0,0,0,2,DRV-BELT-A45 · Bremen
2023-11-17,DRV-BELT-A45,Drive belt A45,Drive,Bremen,HB,0,0,0,3,DRV-BELT-A45 · Bremen
2023-11-18,DRV-BELT-A45,Drive belt A45,Drive,Bremen,HB,0,0,0,0,DRV-BELT-A45 · Bremen
2023-11-19,DRV-BELT-A45,Drive belt A45,Drive,Bremen,HB,0,0,0,0,DRV-BELT-A45 · Bremen
2023-11-20,DRV-BELT-A45,Drive belt A45,Drive,Bremen,HB,0,0,0,4,DRV-BELT-A45 · Bremen
2023-11-21,DRV-BELT-A45,Drive belt A45,Drive,Bremen,HB,0,0,0,1,DRV-BELT-A45 · Bremen
2023-11-22,DRV-BELT-A45,Drive belt A45,Drive,Bremen,HB,0,0,0,4,DRV-BELT-A45 · Bremen
2023-11-23,DRV-BELT-A45,Drive belt A45,Drive,Bremen,HB,0,0,0,1,DRV-BELT-A45 · Bremen
2023-11-24,DRV-BELT-A45,Drive belt A45,Drive,Bremen,HB,0,0,0,1,DRV-BELT-A45 · Bremen
2023-11-25,DRV-BELT-A45,Drive belt A45,Drive,Bremen,HB,0,0,0,0,DRV-BELT-A45 · Bremen
2023-11-26,DRV-BELT-A45,Drive belt A45,Drive,Bremen,HB,0,0,0,1,DRV-BELT-A45 · Bremen
2023-11-27,DRV-BELT-A45,Drive belt A45,Drive,Bremen,HB,0,0,0,2,DRV-BELT-A45 · Bremen
2023-11-28,DRV-BELT-A45,Drive belt A45,Drive,Bremen,HB,0,0,0,1,DRV-BELT-A45 · Bremen
2023-11-29,DRV-BELT-A45,Drive belt A45,Drive,Bremen,HB,0,0,0,1,DRV-BELT-A45 · Bremen
2023-11-30,DRV-BELT-A45,Drive belt A45,Drive,Bremen,HB,0,0,0,3,DRV-BELT-A45 · Bremen
2023-12-01,DRV-BELT-A45,Drive belt A45,Drive,Bremen,HB,0,0,0,1,DRV-BELT-A45 · Bremen
2023-12-02,DRV-BELT-A45,Drive belt A45,Drive,Bremen,HB,0,0,0,1,DRV-BELT-A45 · Bremen
2023-12-03,DRV-BELT-A45,Drive belt A45,Drive,Bremen,HB,0,0,0,0,DRV-BELT-A45 · Bremen
2023-12-04,DRV-BELT-A45,Drive belt A45,Drive,Bremen,HB,0,0,0,3,DRV-BELT-A45 · Bremen
2023-12-05,DRV-BELT-A45,Drive belt A45,Drive,Bremen,HB,0,0,0,3,DRV-BELT-A45 · Bremen
2023-12-06,DRV-BELT-A45,Drive belt A45,Drive,Bremen,HB,0,0,0,2,DRV-BELT-A45 · Bremen
2023-12-07,DRV-BELT-A45,Drive belt A45,Drive,Bremen,HB,0,0,0,3,DRV-BELT-A45 · Bremen
2023-12-08,DRV-BELT-A45,Drive belt A45,Drive,Bremen,HB,0,0,0,1,DRV-BELT-A45 · Bremen
2023-12-09,DRV-BELT-A45,Drive belt A45,Drive,Bremen,HB,0,0,0,1,DRV-BELT-A45 · Bremen
2023-12-10,DRV-BELT-A45,Drive belt A45,Drive,Bremen,HB,0,0,0,0,DRV-BELT-A45 · Bremen
2023-12-11,DRV-BELT-A45,Drive belt A45,Drive,Bremen,HB,0,0,0,3,DRV-BELT-A45 · Bremen
2023-12-12,DRV-BELT-A45,Drive belt A45,Drive,Bremen,HB,0,0,0,2,DRV-BELT-A45 · Bremen
2023-12-13,DRV-BELT-A45,Drive belt A45,Drive,Bremen,HB,0,0,0,2,DRV-BELT-A45 · Bremen
2023-12-14,DRV-BELT-A45,Drive belt A45,Drive,Bremen,HB,0,0,0,2,DRV-BELT-A45 · Bremen
2023-12-15,DRV-BELT-A45,Drive belt A45,Drive,Bremen,HB,0,0,0,5,DRV-BELT-A45 · Bremen
2023-12-16,DRV-BELT-A45,Drive belt A45,Drive,Bremen,HB,0,0,0,0,DRV-BELT-A45 · Bremen
2023-12-17,DRV-BELT-A45,Drive belt A45,Drive,Bremen,HB,0,0,0,0,DRV-BELT-A45 · Bremen
2023-12-18,DRV-BELT-A45,Drive belt A45,Drive,Bremen,HB,0,0,0,2,DRV-BELT-A45 · Bremen
2023-12-19,DRV-BELT-A45,Drive belt A45,Drive,Bremen,HB,0,0,0,1,DRV-BELT-A45 · Bremen
2023-12-20,DRV-BELT-A45,Drive belt A45,Drive,Bremen,HB,0,0,0,2,DRV-BELT-A45 · Bremen
2023-12-21,DRV-BELT-A45,Drive belt A45,Drive,Bremen,HB,0,0,0,4,DRV-BELT-A45 · Bremen
2023-12-22,DRV-BELT-A45,Drive belt A45,Drive,Bremen,HB,0,0,0,2,DRV-BELT-A45 · Bremen
2023-12-23,DRV-BELT-A45,Drive belt A45,Drive,Bremen,HB,0,0,0,1,DRV-BELT-A45 · Bremen
2023-12-24,DRV-BELT-A45,Drive belt A45,Drive,Bremen,HB,0,1,0,0,DRV-BELT-A45 · Bremen
2023-12-25,DRV-BELT-A45,Drive belt A45,Drive,Bremen,HB,1,1,0,0,DRV-BELT-A45 · Bremen
2023-12-26,DRV-BELT-A45,Drive belt A45,Drive,Bremen,HB,1,1,0,0,DRV-BELT-A45 · Bremen
2023-12-27,DRV-BELT-A45,Drive belt A45,Drive,Bremen,HB,0,1,0,0,DRV-BELT-A45 · Bremen
2023-12-28,DRV-BELT-A45,Drive belt A45,Drive,Bremen,HB,0,1,0,1,DRV-BELT-A45 · Bremen
2023-12-29,DRV-BELT-A45,Drive belt A45,Drive,Bremen,HB,0,1,0,1,DRV-BELT-A45 · Bremen
2023-12-30,DRV-BELT-A45,Drive belt A45,Drive,Bremen,HB,0,1,0,0,DRV-BELT-A45 · Bremen
2023-12-31,DRV-BELT-A45,Drive belt A45,Drive,Bremen,HB,0,1,0,0,DRV-BELT-A45 · Bremen
2024-01-01,DRV-BELT-A45,Drive belt A45,Drive,Bremen,HB,1,1,0,1,DRV-BELT-A45 · Bremen
2024-01-02,DRV-BELT-A45,Drive belt A45,Drive,Bremen,HB,0,1,0,0,DRV-BELT-A45 · Bremen
2024-01-03,DRV-BELT-A45,Drive belt A45,Drive,Bremen,HB,0,0,0,2,DRV-BELT-A45 · Bremen
2024-01-04,DRV-BELT-A45,Drive belt A45,Drive,Bremen,HB,0,0,0,4,DRV-BELT-A45 · Bremen
2024-01-05,DRV-BELT-A45,Drive belt A45,Drive,Bremen,HB,0,0,0,1,DRV-BELT-A45 · Bremen
2024-01-06,DRV-BELT-A45,Drive belt A45,Drive,Bremen,HB,0,0,0,0,DRV-BELT-A45 · Bremen
2024-01-07,DRV-BELT-A45,Drive belt A45,Drive,Bremen,HB,0,0,0,0,DRV-BELT-A45 · Bremen
2024-01-08,DRV-BELT-A45,Drive belt A45,Drive,Bremen,HB,0,0,0,3,DRV-BELT-A45 · Bremen
2024-01-09,DRV-BELT-A45,Drive belt A45,Drive,Bremen,HB,0,0,0,4,DRV-BELT-A45 · Bremen
2024-01-10,DRV-BELT-A45,Drive belt A45,Drive,Bremen,HB,0,0,0,2,DRV-BELT-A45 · Bremen
2024-01-11,DRV-BELT-A45,Drive belt A45,Drive,Bremen,HB,0,0,0,4,DRV-BELT-A45 · Bremen
2024-01-12,DRV-BELT-A45,Drive belt A45,Drive,Bremen,HB,0,0,0,2,DRV-BELT-A45 · Bremen
2024-01-13,DRV-BELT-A45,Drive belt A45,Drive,Bremen,HB,0,0,0,0,DRV-BELT-A45 · Bremen
2024-01-14,DRV-BELT-A45,Drive belt A45,Drive,Bremen,HB,0,0,0,0,DRV-BELT-A45 · Bremen
2024-01-15,DRV-BELT-A45,Drive belt A45,Drive,Bremen,HB,0,0,0,5,DRV-BELT-A45 · Bremen
2024-01-16,DRV-BELT-A45,Drive belt A45,Drive,Bremen,HB,0,0,0,2,DRV-BELT-A45 · Bremen
2024-01-17,DRV-BELT-A45,Drive belt A45,Drive,Bremen,HB,0,0,0,1,DRV-BELT-A45 · Bremen
2024-01-18,DRV-BELT-A45,Drive belt A45,Drive,Bremen,HB,0,0,0,5,DRV-BELT-A45 · Bremen
2024-01-19,DRV-BELT-A45,Drive belt A45,Drive,Bremen,HB,0,0,0,3,DRV-BELT-A45 · Bremen
2024-01-20,DRV-BELT-A45,Drive belt A45,Drive,Bremen,HB,0,0,0,1,DRV-BELT-A45 · Bremen
2024-01-21,DRV-BELT-A45,Drive belt A45,Drive,Bremen,HB,0,0,0,1,DRV-BELT-A45 · Bremen
2024-01-22,DRV-BELT-A45,Drive belt A45,Drive,Bremen,HB,0,0,0,3,DRV-BELT-A45 · Bremen
2024-01-23,DRV-BELT-A45,Drive belt A45,Drive,Bremen,HB,0,0,0,3,DRV-BELT-A45 · Bremen
2024-01-24,DRV-BELT-A45,Drive belt A45,Drive,Bremen,HB,0,0,0,3,DRV-BELT-A45 · Bremen
2024-01-25,DRV-BELT-A45,Drive belt A45,Drive,Bremen,HB,0,0,0,3,DRV-BELT-A45 · Bremen
2024-01-26,DRV-BELT-A45,Drive belt A45,Drive,Bremen,HB,0,0,0,2,DRV-BELT-A45 · Bremen
2024-01-27,DRV-BELT-A45,Drive belt A45,Drive,Bremen,HB,0,0,0,0,DRV-BELT-A45 · Bremen
2024-01-28,DRV-BELT-A45,Drive belt A45,Drive,Bremen,HB,0,0,0,0,DRV-BELT-A45 · Bremen
2024-01-29,DRV-BELT-A45,Drive belt A45,Drive,Bremen,HB,0,0,0,2,DRV-BELT-A45 · Bremen
2024-01-30,DRV-BELT-A45,Drive belt A45,Drive,Bremen,HB,0,0,0,3,DRV-BELT-A45 · Bremen
2024-01-31,DRV-BELT-A45,Drive belt A45,Drive,Bremen,HB,0,0,0,3,DRV-BELT-A45 · Bremen
2024-02-01,DRV-BELT-A45,Drive belt A45,Drive,Bremen,HB,0,0,0,3,DRV-BELT-A45 · Bremen
2024-02-02,DRV-BELT-A45,Drive belt A45,Drive,Bremen,HB,0,0,0,3,DRV-BELT-A45 · Bremen
2024-02-03,DRV-BELT-A45,Drive belt A45,Drive,Bremen,HB,0,0,0,1,DRV-BELT-A45 · Bremen
2024-02-04,DRV-BELT-A45,Drive belt A45,Drive,Bremen,HB,0,0,0,1,DRV-BELT-A45 · Bremen
2024-02-05,DRV-BELT-A45,Drive belt A45,Drive,Bremen,HB,0,0,0,2,DRV-BELT-A45 · Bremen
2024-02-06,DRV-BELT-A45,Drive belt A45,Drive,Bremen,HB,0,0,0,3,DRV-BELT-A45 · Bremen
2024-02-07,DRV-BELT-A45,Drive belt A45,Drive,Bremen,HB,0,0,0,4,DRV-BELT-A45 · Bremen
2024-02-08,DRV-BELT-A45,Drive belt A45,Drive,Bremen,HB,0,0,0,2,DRV-BELT-A45 · Bremen
2024-02-09,DRV-BELT-A45,Drive belt A45,Drive,Bremen,HB,0,0,0,4,DRV-BELT-A45 · Bremen
2024-02-10,DRV-BELT-A45,Drive belt A45,Drive,Bremen,HB,0,0,0,0,DRV-BELT-A45 · Bremen
2024-02-11,DRV-BELT-A45,Drive belt A45,Drive,Bremen,HB,0,0,0,1,DRV-BELT-A45 · Bremen
2024-02-12,DRV-BELT-A45,Drive belt A45,Drive,Bremen,HB,0,0,0,3,DRV-BELT-A45 · Bremen
2024-02-13,DRV-BELT-A45,Drive belt A45,Drive,Bremen,HB,0,0,0,2,DRV-BELT-A45 · Bremen
2024-02-14,DRV-BELT-A45,Drive belt A45,Drive,Bremen,HB,0,0,0,1,DRV-BELT-A45 · Bremen
2024-02-15,DRV-BELT-A45,Drive belt A45,Drive,Bremen,HB,0,0,0,3,DRV-BELT-A45 · Bremen
2024-02-16,DRV-BELT-A45,Drive belt A45,Drive,Bremen,HB,0,0,0,1,DRV-BELT-A45 · Bremen
2024-02-17,DRV-BELT-A45,Drive belt A45,Drive,Bremen,HB,0,0,0,0,DRV-BELT-A45 · Bremen
2024-02-18,DRV-BELT-A45,Drive belt A45,Drive,Bremen,HB,0,0,0,1,DRV-BELT-A45 · Bremen
2024-02-19,DRV-BELT-A45,Drive belt A45,Drive,Bremen,HB,0,0,0,4,DRV-BELT-A45 · Bremen
2024-02-20,DRV-BELT-A45,Drive belt A45,Drive,Bremen,HB,0,0,0,2,DRV-BELT-A45 · Bremen
2024-02-21,DRV-BELT-A45,Drive belt A45,Drive,Bremen,HB,0,0,0,3,DRV-BELT-A45 · Bremen
2024-02-22,DRV-BELT-A45,Drive belt A45,Drive,Bremen,HB,0,0,0,3,DRV-BELT-A45 · Bremen
2024-02-23,DRV-BELT-A45,Drive belt A45,Drive,Bremen,HB,0,0,0,2,DRV-BELT-A45 · Bremen
2024-02-24,DRV-BELT-A45,Drive belt A45,Drive,Bremen,HB,0,0,0,1,DRV-BELT-A45 · Bremen
2024-02-25,DRV-BELT-A45,Drive belt A45,Drive,Bremen,HB,0,0,0,0,DRV-BELT-A45 · Bremen
2024-02-26,DRV-BELT-A45,Drive belt A45,Drive,Bremen,HB,0,0,0,3,DRV-BELT-A45 · Bremen
2024-02-27,DRV-BELT-A45,Drive belt A45,Drive,Bremen,HB,0,0,0,1,DRV-BELT-A45 · Bremen
2024-02-28,DRV-BELT-A45,Drive belt A45,Drive,Bremen,HB,0,0,0,1,DRV-BELT-A45 · Bremen
2024-02-29,DRV-BELT-A45,Drive belt A45,Drive,Bremen,HB,0,0,0,3,DRV-BELT-A45 · Bremen
2024-03-01,DRV-BELT-A45,Drive belt A45,Drive,Bremen,HB,0,0,1,15,DRV-BELT-A45 · Bremen
2024-03-02,DRV-BELT-A45,Drive belt A45,Drive,Bremen,HB,0,0,1,2,DRV-BELT-A45 · Bremen
2024-03-03,DRV-BELT-A45,Drive belt A45,Drive,Bremen,HB,0,0,1,3,DRV-BELT-A45 · Bremen
2024-03-04,DRV-BELT-A45,Drive belt A45,Drive,Bremen,HB,0,0,1,21,DRV-BELT-A45 · Bremen
2024-03-05,DRV-BELT-A45,Drive belt A45,Drive,Bremen,HB,0,0,1,17,DRV-BELT-A45 · Bremen
2024-03-06,DRV-BELT-A45,Drive belt A45,Drive,Bremen,HB,0,0,1,12,DRV-BELT-A45 · Bremen
2024-03-07,DRV-BELT-A45,Drive belt A45,Drive,Bremen,HB,0,0,1,15,DRV-BELT-A45 · Bremen
2024-03-08,DRV-BELT-A45,Drive belt A45,Drive,Bremen,HB,0,0,0,1,DRV-BELT-A45 · Bremen
2024-03-09,DRV-BELT-A45,Drive belt A45,Drive,Bremen,HB,0,0,0,0,DRV-BELT-A45 · Bremen
2024-03-10,DRV-BELT-A45,Drive belt A45,Drive,Bremen,HB,0,0,0,0,DRV-BELT-A45 · Bremen
2024-03-11,DRV-BELT-A45,Drive belt A45,Drive,Bremen,HB,0,0,0,1,DRV-BELT-A45 · Bremen
2024-03-12,DRV-BELT-A45,Drive belt A45,Drive,Bremen,HB,0,0,0,0,DRV-BELT-A45 · Bremen
2024-03-13,DRV-BELT-A45,Drive belt A45,Drive,Bremen,HB,0,0,0,3,DRV-BELT-A45 · Bremen
2024-03-14,DRV-BELT-A45,Drive belt A45,Drive,Bremen,HB,0,0,0,0,DRV-BELT-A45 · Bremen
2024-03-15,DRV-BELT-A45,Drive belt A45,Drive,Bremen,HB,0,0,0,2,DRV-BELT-A45 · Bremen
2024-03-16,DRV-BELT-A45,Drive belt A45,Drive,Bremen,HB,0,0,0,1,DRV-BELT-A45 · Bremen
2024-03-17,DRV-BELT-A45,Drive belt A45,Drive,Bremen,HB,0,0,0,0,DRV-BELT-A45 · Bremen
2024-03-18,DRV-BELT-A45,Drive belt A45,Drive,Bremen,HB,0,0,0,2,DRV-BELT-A45 · Bremen
2024-03-19,DRV-BELT-A45,Drive belt A45,Drive,Bremen,HB,0,0,0,2,DRV-BELT-A45 · Bremen
2024-03-20,DRV-BELT-A45,Drive belt A45,Drive,Bremen,HB,0,0,0,2,DRV-BELT-A45 · Bremen
2024-03-21,DRV-BELT-A45,Drive belt A45,Drive,Bremen,HB,0,0,0,2,DRV-BELT-A45 · Bremen
2024-03-22,DRV-BELT-A45,Drive belt A45,Drive,Bremen,HB,0,0,0,1,DRV-BELT-A45 · Bremen
2024-03-23,DRV-BELT-A45,Drive belt A45,Drive,Bremen,HB,0,0,0,0,DRV-BELT-A45 · Bremen
2024-03-24,DRV-BELT-A45,Drive belt A45,Drive,Bremen,HB,0,0,0,0,DRV-BELT-A45 · Bremen
2024-03-25,DRV-BELT-A45,Drive belt A45,Drive,Bremen,HB,0,0,0,2,DRV-BELT-A45 · Bremen
2024-03-26,DRV-BELT-A45,Drive belt A45,Drive,Bremen,HB,0,0,0,4,DRV-BELT-A45 · Bremen
2024-03-27,DRV-BELT-A45,Drive belt A45,Drive,Bremen,HB,0,0,0,3,DRV-BELT-A45 · Bremen
2024-03-28,DRV-BELT-A45,Drive belt A45,Drive,Bremen,HB,0,0,0,3,DRV-BELT-A45 · Bremen
2024-03-29,DRV-BELT-A45,Drive belt A45,Drive,Bremen,HB,1,0,0,0,DRV-BELT-A45 · Bremen
2024-03-30,DRV-BELT-A45,Drive belt A45,Drive,Bremen,HB,0,0,0,0,DRV-BELT-A45 · Bremen
2024-03-31,DRV-BELT-A45,Drive belt A45,Drive,Bremen,HB,0,0,0,0,DRV-BELT-A45 · Bremen
2024-04-01,DRV-BELT-A45,Drive belt A45,Drive,Bremen,HB,1,0,0,0,DRV-BELT-A45 · Bremen
2024-04-02,DRV-BELT-A45,Drive belt A45,Drive,Bremen,HB,0,0,0,3,DRV-BELT-A45 · Bremen
2024-04-03,DRV-BELT-A45,Drive belt A45,Drive,Bremen,HB,0,0,0,2,DRV-BELT-A45 · Bremen
2024-04-04,DRV-BELT-A45,Drive belt A45,Drive,Bremen,HB,0,0,0,2,DRV-BELT-A45 · Bremen
2024-04-05,DRV-BELT-A45,Drive belt A45,Drive,Bremen,HB,0,0,0,2,DRV-BELT-A45 · Bremen
2024-04-06,DRV-BELT-A45,Drive belt A45,Drive,Bremen,HB,0,0,0,0,DRV-BELT-A45 · Bremen
2024-04-07,DRV-BELT-A45,Drive belt A45,Drive,Bremen,HB,0,0,0,0,DRV-BELT-A45 · Bremen
2024-04-08,DRV-BELT-A45,Drive belt A45,Drive,Bremen,HB,0,0,0,2,DRV-BELT-A45 · Bremen
2024-04-09,DRV-BELT-A45,Drive belt A45,Drive,Bremen,HB,0,0,0,4,DRV-BELT-A45 · Bremen
2024-04-10,DRV-BELT-A45,Drive belt A45,Drive,Bremen,HB,0,0,0,5,DRV-BELT-A45 · Bremen
2024-04-11,DRV-BELT-A45,Drive belt A45,Drive,Bremen,HB,0,0,0,2,DRV-BELT-A45 · Bremen
2024-04-12,DRV-BELT-A45,Drive belt A45,Drive,Bremen,HB,0,0,0,3,DRV-BELT-A45 · Bremen
2024-04-13,DRV-BELT-A45,Drive belt A45,Drive,Bremen,HB,0,0,0,1,DRV-BELT-A45 · Bremen
2024-04-14,DRV-BELT-A45,Drive belt A45,Drive,Bremen,HB,0,0,0,0,DRV-BELT-A45 · Bremen
2024-04-15,DRV-BELT-A45,Drive belt A45,Drive,Bremen,HB,0,0,0,2,DRV-BELT-A45 · Bremen
2024-04-16,DRV-BELT-A45,Drive belt A45,Drive,Bremen,HB,0,0,0,5,DRV-BELT-A45 · Bremen
2024-04-17,DRV-BELT-A45,Drive belt A45,Drive,Bremen,HB,0,0,0,4,DRV-BELT-A45 · Bremen
2024-04-18,DRV-BELT-A45,Drive belt A45,Drive,Bremen,HB,0,0,0,3,DRV-BELT-A45 · Bremen
2024-04-19,DRV-BELT-A45,Drive belt A45,Drive,Bremen,HB,0,0,0,4,DRV-BELT-A45 · Bremen
2024-04-20,DRV-BELT-A45,Drive belt A45,Drive,Bremen,HB,0,0,0,1,DRV-BELT-A45 · Bremen
2024-04-21,DRV-BELT-A45,Drive belt A45,Drive,Bremen,HB,0,0,0,0,DRV-BELT-A45 · Bremen
2024-04-22,DRV-BELT-A45,Drive belt A45,Drive,Bremen,HB,0,0,0,2,DRV-BELT-A45 · Bremen
2024-04-23,DRV-BELT-A45,Drive belt A45,Drive,Bremen,HB,0,0,0,2,DRV-BELT-A45 · Bremen
2024-04-24,DRV-BELT-A45,Drive belt A45,Drive,Bremen,HB,0,0,0,4,DRV-BELT-A45 · Bremen
2024-04-25,DRV-BELT-A45,Drive belt A45,Drive,Bremen,HB,0,0,0,3,DRV-BELT-A45 · Bremen
2024-04-26,DRV-BELT-A45,Drive belt A45,Drive,Bremen,HB,0,0,0,2,DRV-BELT-A45 · Bremen
2024-04-27,DRV-BELT-A45,Drive belt A45,Drive,Bremen,HB,0,0,0,1,DRV-BELT-A45 · Bremen
2024-04-28,DRV-BELT-A45,Drive belt A45,Drive,Bremen,HB,0,0,0,0,DRV-BELT-A45 · Bremen
2024-04-29,DRV-BELT-A45,Drive belt A45,Drive,Bremen,HB,0,0,0,4,DRV-BELT-A45 · Bremen
2024-04-30,DRV-BELT-A45,Drive belt A45,Drive,Bremen,HB,0,0,0,3,DRV-BELT-A45 · Bremen
2024-05-01,DRV-BELT-A45,Drive belt A45,Drive,Bremen,HB,1,0,0,1,DRV-BELT-A45 · Bremen
2024-05-02,DRV-BELT-A45,Drive belt A45,Drive,Bremen,HB,0,0,0,3,DRV-BELT-A45 · Bremen
2024-05-03,DRV-BELT-A45,Drive belt A45,Drive,Bremen,HB,0,0,0,2,DRV-BELT-A45 · Bremen
2024-05-04,DRV-BELT-A45,Drive belt A45,Drive,Bremen,HB,0,0,0,0,DRV-BELT-A45 · Bremen
2024-05-05,DRV-BELT-A45,Drive belt A45,Drive,Bremen,HB,0,0,0,0,DRV-BELT-A45 · Bremen
2024-05-06,DRV-BELT-A45,Drive belt A45,Drive,Bremen,HB,0,0,0,2,DRV-BELT-A45 · Bremen
2024-05-07,DRV-BELT-A45,Drive belt A45,Drive,Bremen,HB,0,0,0,1,DRV-BELT-A45 · Bremen
2024-05-08,DRV-BELT-A45,Drive belt A45,Drive,Bremen,HB,0,0,0,3,DRV-BELT-A45 · Bremen
2024-05-09,DRV-BELT-A45,Drive belt A45,Drive,Bremen,HB,1,0,0,0,DRV-BELT-A45 · Bremen
2024-05-10,DRV-BELT-A45,Drive belt A45,Drive,Bremen,HB,0,0,0,2,DRV-BELT-A45 · Bremen
2024-05-11,DRV-BELT-A45,Drive belt A45,Drive,Bremen,HB,0,0,0,0,DRV-BELT-A45 · Bremen
2024-05-12,DRV-BELT-A45,Drive belt A45,Drive,Bremen,HB,0,0,0,0,DRV-BELT-A45 · Bremen
2024-05-13,DRV-BELT-A45,Drive belt A45,Drive,Bremen,HB,0,0,0,3,DRV-BELT-A45 · Bremen
2024-05-14,DRV-BELT-A45,Drive belt A45,Drive,Bremen,HB,0,0,0,4,DRV-BELT-A45 · Bremen
2024-05-15,DRV-BELT-A45,Drive belt A45,Drive,Bremen,HB,0,0,0,3,DRV-BELT-A45 · Bremen
2024-05-16,DRV-BELT-A45,Drive belt A45,Drive,Bremen,HB,0,0,0,4,DRV-BELT-A45 · Bremen
2024-05-17,DRV-BELT-A45,Drive belt A45,Drive,Bremen,HB,0,0,0,2,DRV-BELT-A45 · Bremen
2024-05-18,DRV-BELT-A45,Drive belt A45,Drive,Bremen,HB,0,0,0,1,DRV-BELT-A45 · Bremen
2024-05-19,DRV-BELT-A45,Drive belt A45,Drive,Bremen,HB,0,0,0,0,DRV-BELT-A45 · Bremen
2024-05-20,DRV-BELT-A45,Drive belt A45,Drive,Bremen,HB,1,0,0,0,DRV-BELT-A45 · Bremen
2024-05-21,DRV-BELT-A45,Drive belt A45,Drive,Bremen,HB,0,0,0,5,DRV-BELT-A45 · Bremen
2024-05-22,DRV-BELT-A45,Drive belt A45,Drive,Bremen,HB,0,0,0,2,DRV-BELT-A45 · Bremen
2024-05-23,DRV-BELT-A45,Drive belt A45,Drive,Bremen,HB,0,0,0,1,DRV-BELT-A45 · Bremen
2024-05-24,DRV-BELT-A45,Drive belt A45,Drive,Bremen,HB,0,0,0,2,DRV-BELT-A45 · Bremen
2024-05-25,DRV-BELT-A45,Drive belt A45,Drive,Bremen,HB,0,0,0,0,DRV-BELT-A45 · Bremen
2024-05-26,DRV-BELT-A45,Drive belt A45,Drive,Bremen,HB,0,0,0,0,DRV-BELT-A45 · Bremen
2024-05-27,DRV-BELT-A45,Drive belt A45,Drive,Bremen,HB,0,0,0,2,DRV-BELT-A45 · Bremen
2024-05-28,DRV-BELT-A45,Drive belt A45,Drive,Bremen,HB,0,0,0,3,DRV-BELT-A45 · Bremen
2024-05-29,DRV-BELT-A45,Drive belt A45,Drive,Bremen,HB,0,0,0,1,DRV-BELT-A45 · Bremen
2024-05-30,DRV-BELT-A45,Drive belt A45,Drive,Bremen,HB,0,0,0,4,DRV-BELT-A45 · Bremen
2024-05-31,DRV-BELT-A45,Drive belt A45,Drive,Bremen,HB,0,0,0,1,DRV-BELT-A45 · Bremen
2024-06-01,DRV-BELT-A45,Drive belt A45,Drive,Bremen,HB,0,0,0,0,DRV-BELT-A45 · Bremen
2024-06-02,DRV-BELT-A45,Drive belt A45,Drive,Bremen,HB,0,0,0,0,DRV-BELT-A45 · Bremen
2024-06-03,DRV-BELT-A45,Drive belt A45,Drive,Bremen,HB,0,0,0,4,DRV-BELT-A45 · Bremen
2024-06-04,DRV-BELT-A45,Drive belt A45,Drive,Bremen,HB,0,0,0,3,DRV-BELT-A45 · Bremen
2024-06-05,DRV-BELT-A45,Drive belt A45,Drive,Bremen,HB,0,0,0,4,DRV-BELT-A45 · Bremen
2024-06-06,DRV-BELT-A45,Drive belt A45,Drive,Bremen,HB,0,0,0,3,DRV-BELT-A45 · Bremen
2024-06-07,DRV-BELT-A45,Drive belt A45,Drive,Bremen,HB,0,0,0,2,DRV-BELT-A45 · Bremen
2024-06-08,DRV-BELT-A45,Drive belt A45,Drive,Bremen,HB,0,0,0,1,DRV-BELT-A45 · Bremen
2024-06-09,DRV-BELT-A45,Drive belt A45,Drive,Bremen,HB,0,0,0,1,DRV-BELT-A45 · Bremen
2024-06-10,DRV-BELT-A45,Drive belt A45,Drive,Bremen,HB,0,0,0,4,DRV-BELT-A45 · Bremen
2024-06-11,DRV-BELT-A45,Drive belt A45,Drive,Bremen,HB,0,0,0,3,DRV-BELT-A45 · Bremen
2024-06-12,DRV-BELT-A45,Drive belt A45,Drive,Bremen,HB,0,0,0,3,DRV-BELT-A45 · Bremen
2024-06-13,DRV-BELT-A45,Drive belt A45,Drive,Bremen,HB,0,0,0,3,DRV-BELT-A45 · Bremen
2024-06-14,DRV-BELT-A45,Drive belt A45,Drive,Bremen,HB,0,0,0,3,DRV-BELT-A45 · Bremen
2024-06-15,DRV-BELT-A45,Drive belt A45,Drive,Bremen,HB,0,0,0,1,DRV-BELT-A45 · Bremen
2024-06-16,DRV-BELT-A45,Drive belt A45,Drive,Bremen,HB,0,0,0,0,DRV-BELT-A45 · Bremen
2024-06-17,DRV-BELT-A45,Drive belt A45,Drive,Bremen,HB,0,0,0,3,DRV-BELT-A45 · Bremen
2024-06-18,DRV-BELT-A45,Drive belt A45,Drive,Bremen,HB,0,0,0,2,DRV-BELT-A45 · Bremen
2024-06-19,DRV-BELT-A45,Drive belt A45,Drive,Bremen,HB,0,0,0,3,DRV-BELT-A45 · Bremen
2024-06-20,DRV-BELT-A45,Drive belt A45,Drive,Bremen,HB,0,0,0,1,DRV-BELT-A45 · Bremen
2024-06-21,DRV-BELT-A45,Drive belt A45,Drive,Bremen,HB,0,0,0,2,DRV-BELT-A45 · Bremen
2024-06-22,DRV-BELT-A45,Drive belt A45,Drive,Bremen,HB,0,0,0,1,DRV-BELT-A45 · Bremen
2024-06-23,DRV-BELT-A45,Drive belt A45,Drive,Bremen,HB,0,0,0,0,DRV-BELT-A45 · Bremen
2024-06-24,DRV-BELT-A45,Drive belt A45,Drive,Bremen,HB,0,0,0,3,DRV-BELT-A45 · Bremen
2024-06-25,DRV-BELT-A45,Drive belt A45,Drive,Bremen,HB,0,0,0,5,DRV-BELT-A45 · Bremen
2024-06-26,DRV-BELT-A45,Drive belt A45,Drive,Bremen,HB,0,0,0,3,DRV-BELT-A45 · Bremen
2024-06-27,DRV-BELT-A45,Drive belt A45,Drive,Bremen,HB,0,0,0,1,DRV-BELT-A45 · Bremen
2024-06-28,DRV-BELT-A45,Drive belt A45,Drive,Bremen,HB,0,0,0,1,DRV-BELT-A45 · Bremen
2024-06-29,DRV-BELT-A45,Drive belt A45,Drive,Bremen,HB,0,0,0,0,DRV-BELT-A45 · Bremen
2024-06-30,DRV-BELT-A45,Drive belt A45,Drive,Bremen,HB,0,0,0,0,DRV-BELT-A45 · Bremen
2024-07-01,DRV-BELT-A45,Drive belt A45,Drive,Bremen,HB,0,0,0,3,DRV-BELT-A45 · Bremen
2024-07-02,DRV-BELT-A45,Drive belt A45,Drive,Bremen,HB,0,0,0,3,DRV-BELT-A45 · Bremen
2024-07-03,DRV-BELT-A45,Drive belt A45,Drive,Bremen,HB,0,0,0,4,DRV-BELT-A45 · Bremen
2024-07-04,DRV-BELT-A45,Drive belt A45,Drive,Bremen,HB,0,0,0,2,DRV-BELT-A45 · Bremen
2024-07-05,DRV-BELT-A45,Drive belt A45,Drive,Bremen,HB,0,0,0,2,DRV-BELT-A45 · Bremen
2024-07-06,DRV-BELT-A45,Drive belt A45,Drive,Bremen,HB,0,0,0,0,DRV-BELT-A45 · Bremen
2024-07-07,DRV-BELT-A45,Drive belt A45,Drive,Bremen,HB,0,0,0,0,DRV-BELT-A45 · Bremen
2024-07-08,DRV-BELT-A45,Drive belt A45,Drive,Bremen,HB,0,0,0,3,DRV-BELT-A45 · Bremen
2024-07-09,DRV-BELT-A45,Drive belt A45,Drive,Bremen,HB,0,0,0,1,DRV-BELT-A45 · Bremen
2024-07-10,DRV-BELT-A45,Drive belt A45,Drive,Bremen,HB,0,0,0,3,DRV-BELT-A45 · Bremen
2024-07-11,DRV-BELT-A45,Drive belt A45,Drive,Bremen,HB,0,0,0,3,DRV-BELT-A45 · Bremen
2024-07-12,DRV-BELT-A45,Drive belt A45,Drive,Bremen,HB,0,0,0,3,DRV-BELT-A45 · Bremen
2024-07-13,DRV-BELT-A45,Drive belt A45,Drive,Bremen,HB,0,0,0,1,DRV-BELT-A45 · Bremen
2024-07-14,DRV-BELT-A45,Drive belt A45,Drive,Bremen,HB,0,0,0,0,DRV-BELT-A45 · Bremen
2024-07-15,DRV-BELT-A45,Drive belt A45,Drive,Bremen,HB,0,0,0,3,DRV-BELT-A45 · Bremen
2024-07-16,DRV-BELT-A45,Drive belt A45,Drive,Bremen,HB,0,0,0,4,DRV-BELT-A45 · Bremen
2024-07-17,DRV-BELT-A45,Drive belt A45,Drive,Bremen,HB,0,0,0,4,DRV-BELT-A45 · Bremen
2024-07-18,DRV-BELT-A45,Drive belt A45,Drive,Bremen,HB,0,0,0,3,DRV-BELT-A45 · Bremen
2024-07-19,DRV-BELT-A45,Drive belt A45,Drive,Bremen,HB,0,0,0,4,DRV-BELT-A45 · Bremen
2024-07-20,DRV-BELT-A45,Drive belt A45,Drive,Bremen,HB,0,0,0,0,DRV-BELT-A45 · Bremen
2024-07-21,DRV-BELT-A45,Drive belt A45,Drive,Bremen,HB,0,0,0,0,DRV-BELT-A45 · Bremen
2024-07-22,DRV-BELT-A45,Drive belt A45,Drive,Bremen,HB,0,0,0,3,DRV-BELT-A45 · Bremen
2024-07-23,DRV-BELT-A45,Drive belt A45,Drive,Bremen,HB,0,0,0,3,DRV-BELT-A45 · Bremen
2024-07-24,DRV-BELT-A45,Drive belt A45,Drive,Bremen,HB,0,0,0,1,DRV-BELT-A45 · Bremen
2024-07-25,DRV-BELT-A45,Drive belt A45,Drive,Bremen,HB,0,0,0,2,DRV-BELT-A45 · Bremen
2024-07-26,DRV-BELT-A45,Drive belt A45,Drive,Bremen,HB,0,0,0,3,DRV-BELT-A45 · Bremen
2024-07-27,DRV-BELT-A45,Drive belt A45,Drive,Bremen,HB,0,0,0,0,DRV-BELT-A45 · Bremen
2024-07-28,DRV-BELT-A45,Drive belt A45,Drive,Bremen,HB,0,0,0,0,DRV-BELT-A45 · Bremen
2024-07-29,DRV-BELT-A45,Drive belt A45,Drive,Bremen,HB,0,0,0,3,DRV-BELT-A45 · Bremen
2024-07-30,DRV-BELT-A45,Drive belt A45,Drive,Bremen,HB,0,0,0,3,DRV-BELT-A45 · Bremen
2024-07-31,DRV-BELT-A45,Drive belt A45,Drive,Bremen,HB,0,0,0,4,DRV-BELT-A45 · Bremen
2024-08-01,DRV-BELT-A45,Drive belt A45,Drive,Bremen,HB,0,0,0,2,DRV-BELT-A45 · Bremen
2024-08-02,DRV-BELT-A45,Drive belt A45,Drive,Bremen,HB,0,0,0,3,DRV-BELT-A45 · Bremen
2024-08-03,DRV-BELT-A45,Drive belt A45,Drive,Bremen,HB,0,0,0,0,DRV-BELT-A45 · Bremen
2024-08-04,DRV-BELT-A45,Drive belt A45,Drive,Bremen,HB,0,0,0,0,DRV-BELT-A45 · Bremen
2024-08-05,DRV-BELT-A45,Drive belt A45,Drive,Bremen,HB,0,1,0,2,DRV-BELT-A45 · Bremen
2024-08-06,DRV-BELT-A45,Drive belt A45,Drive,Bremen,HB,0,1,0,0,DRV-BELT-A45 · Bremen
2024-08-07,DRV-BELT-A45,Drive belt A45,Drive,Bremen,HB,0,1,0,0,DRV-BELT-A45 · Bremen
2024-08-08,DRV-BELT-A45,Drive belt A45,Drive,Bremen,HB,0,1,0,0,DRV-BELT-A45 · Bremen
2024-08-09,DRV-BELT-A45,Drive belt A45,Drive,Bremen,HB,0,1,0,0,DRV-BELT-A45 · Bremen
2024-08-10,DRV-BELT-A45,Drive belt A45,Drive,Bremen,HB,0,1,0,0,DRV-BELT-A45 · Bremen
2024-08-11,DRV-BELT-A45,Drive belt A45,Drive,Bremen,HB,0,1,0,0,DRV-BELT-A45 · Bremen
2024-08-12,DRV-BELT-A45,Drive belt A45,Drive,Bremen,HB,0,1,0,1,DRV-BELT-A45 · Bremen
2024-08-13,DRV-BELT-A45,Drive belt A45,Drive,Bremen,HB,0,1,0,0,DRV-BELT-A45 · Bremen
2024-08-14,DRV-BELT-A45,Drive belt A45,Drive,Bremen,HB,0,1,0,0,DRV-BELT-A45 · Bremen
2024-08-15,DRV-BELT-A45,Drive belt A45,Drive,Bremen,HB,0,1,0,0,DRV-BELT-A45 · Bremen
2024-08-16,DRV-BELT-A45,Drive belt A45,Drive,Bremen,HB,0,1,0,0,DRV-BELT-A45 · Bremen
2024-08-17,DRV-BELT-A45,Drive belt A45,Drive,Bremen,HB,0,1,0,0,DRV-BELT-A45 · Bremen
2024-08-18,DRV-BELT-A45,Drive belt A45,Drive,Bremen,HB,0,1,0,0,DRV-BELT-A45 · Bremen
2024-08-19,DRV-BELT-A45,Drive belt A45,Drive,Bremen,HB,0,0,0,3,DRV-BELT-A45 · Bremen
2024-08-20,DRV-BELT-A45,Drive belt A45,Drive,Bremen,HB,0,0,0,3,DRV-BELT-A45 · Bremen
2024-08-21,DRV-BELT-A45,Drive belt A45,Drive,Bremen,HB,0,0,0,4,DRV-BELT-A45 · Bremen
2024-08-22,DRV-BELT-A45,Drive belt A45,Drive,Bremen,HB,0,0,0,3,DRV-BELT-A45 · Bremen
2024-08-23,DRV-BELT-A45,Drive belt A45,Drive,Bremen,HB,0,0,0,4,DRV-BELT-A45 · Bremen
2024-08-24,DRV-BELT-A45,Drive belt A45,Drive,Bremen,HB,0,0,0,0,DRV-BELT-A45 · Bremen
2024-08-25,DRV-BELT-A45,Drive belt A45,Drive,Bremen,HB,0,0,0,0,DRV-BELT-A45 · Bremen
2024-08-26,DRV-BELT-A45,Drive belt A45,Drive,Bremen,HB,0,0,0,3,DRV-BELT-A45 · Bremen
2024-08-27,DRV-BELT-A45,Drive belt A45,Drive,Bremen,HB,0,0,0,4,DRV-BELT-A45 · Bremen
2024-08-28,DRV-BELT-A45,Drive belt A45,Drive,Bremen,HB,0,0,0,2,DRV-BELT-A45 · Bremen
2024-08-29,DRV-BELT-A45,Drive belt A45,Drive,Bremen,HB,0,0,0,4,DRV-BELT-A45 · Bremen
2024-08-30,DRV-BELT-A45,Drive belt A45,Drive,Bremen,HB,0,0,0,3,DRV-BELT-A45 · Bremen
2024-08-31,DRV-BELT-A45,Drive belt A45,Drive,Bremen,HB,0,0,0,1,DRV-BELT-A45 · Bremen
2024-09-01,DRV-BELT-A45,Drive belt A45,Drive,Bremen,HB,0,0,1,1,DRV-BELT-A45 · Bremen
2024-09-02,DRV-BELT-A45,Drive belt A45,Drive,Bremen,HB,0,0,1,21,DRV-BELT-A45 · Bremen
2024-09-03,DRV-BELT-A45,Drive belt A45,Drive,Bremen,HB,0,0,1,23,DRV-BELT-A45 · Bremen
2024-09-04,DRV-BELT-A45,Drive belt A45,Drive,Bremen,HB,0,0,1,24,DRV-BELT-A45 · Bremen
2024-09-05,DRV-BELT-A45,Drive belt A45,Drive,Bremen,HB,0,0,1,19,DRV-BELT-A45 · Bremen
2024-09-06,DRV-BELT-A45,Drive belt A45,Drive,Bremen,HB,0,0,1,14,DRV-BELT-A45 · Bremen
2024-09-07,DRV-BELT-A45,Drive belt A45,Drive,Bremen,HB,0,0,1,1,DRV-BELT-A45 · Bremen
2024-09-08,DRV-BELT-A45,Drive belt A45,Drive,Bremen,HB,0,0,0,0,DRV-BELT-A45 · Bremen
2024-09-09,DRV-BELT-A45,Drive belt A45,Drive,Bremen,HB,0,0,0,5,DRV-BELT-A45 · Bremen
2024-09-10,DRV-BELT-A45,Drive belt A45,Drive,Bremen,HB,0,0,0,2,DRV-BELT-A45 · Bremen
2024-09-11,DRV-BELT-A45,Drive belt A45,Drive,Bremen,HB,0,0,0,3,DRV-BELT-A45 · Bremen
2024-09-12,DRV-BELT-A45,Drive belt A45,Drive,Bremen,HB,0,0,0,3,DRV-BELT-A45 · Bremen
2024-09-13,DRV-BELT-A45,Drive belt A45,Drive,Bremen,HB,0,0,0,5,DRV-BELT-A45 · Bremen
2024-09-14,DRV-BELT-A45,Drive belt A45,Drive,Bremen,HB,0,0,0,2,DRV-BELT-A45 · Bremen
2024-09-15,DRV-BELT-A45,Drive belt A45,Drive,Bremen,HB,0,0,0,0,DRV-BELT-A45 · Bremen
2024-09-16,DRV-BELT-A45,Drive belt A45,Drive,Bremen,HB,0,0,0,4,DRV-BELT-A45 · Bremen
2024-09-17,DRV-BELT-A45,Drive belt A45,Drive,Bremen,HB,0,0,0,4,DRV-BELT-A45 · Bremen
2024-09-18,DRV-BELT-A45,Drive belt A45,Drive,Bremen,HB,0,0,0,2,DRV-BELT-A45 · Bremen
2024-09-19,DRV-BELT-A45,Drive belt A45,Drive,Bremen,HB,0,0,0,4,DRV-BELT-A45 · Bremen
2024-09-20,DRV-BELT-A45,Drive belt A45,Drive,Bremen,HB,0,0,0,2,DRV-BELT-A45 · Bremen
2024-09-21,DRV-BELT-A45,Drive belt A45,Drive,Bremen,HB,0,0,0,0,DRV-BELT-A45 · Bremen
2024-09-22,DRV-BELT-A45,Drive belt A45,Drive,Bremen,HB,0,0,0,1,DRV-BELT-A45 · Bremen
2024-09-23,DRV-BELT-A45,Drive belt A45,Drive,Bremen,HB,0,0,0,3,DRV-BELT-A45 · Bremen
2024-09-24,DRV-BELT-A45,Drive belt A45,Drive,Bremen,HB,0,0,0,4,DRV-BELT-A45 · Bremen
2024-09-25,DRV-BELT-A45,Drive belt A45,Drive,Bremen,HB,0,0,0,4,DRV-BELT-A45 · Bremen
2024-09-26,DRV-BELT-A45,Drive belt A45,Drive,Bremen,HB,0,0,0,1,DRV-BELT-A45 · Bremen
2024-09-27,DRV-BELT-A45,Drive belt A45,Drive,Bremen,HB,0,0,0,1,DRV-BELT-A45 · Bremen
2024-09-28,DRV-BELT-A45,Drive belt A45,Drive,Bremen,HB,0,0,0,1,DRV-BELT-A45 · Bremen
2024-09-29,DRV-BELT-A45,Drive belt A45,Drive,Bremen,HB,0,0,0,1,DRV-BELT-A45 · Bremen
2024-09-30,DRV-BELT-A45,Drive belt A45,Drive,Bremen,HB,0,0,0,4,DRV-BELT-A45 · Bremen
2024-10-01,DRV-BELT-A45,Drive belt A45,Drive,Bremen,HB,0,0,0,4,DRV-BELT-A45 · Bremen
2024-10-02,DRV-BELT-A45,Drive belt A45,Drive,Bremen,HB,0,0,0,4,DRV-BELT-A45 · Bremen
2024-10-03,DRV-BELT-A45,Drive belt A45,Drive,Bremen,HB,1,0,0,1,DRV-BELT-A45 · Bremen
2024-10-04,DRV-BELT-A45,Drive belt A45,Drive,Bremen,HB,0,0,0,2,DRV-BELT-A45 · Bremen
2024-10-05,DRV-BELT-A45,Drive belt A45,Drive,Bremen,HB,0,0,0,1,DRV-BELT-A45 · Bremen
2024-10-06,DRV-BELT-A45,Drive belt A45,Drive,Bremen,HB,0,0,0,0,DRV-BELT-A45 · Bremen
2024-10-07,DRV-BELT-A45,Drive belt A45,Drive,Bremen,HB,0,0,0,3,DRV-BELT-A45 · Bremen
2024-10-08,DRV-BELT-A45,Drive belt A45,Drive,Bremen,HB,0,0,0,3,DRV-BELT-A45 · Bremen
2024-10-09,DRV-BELT-A45,Drive belt A45,Drive,Bremen,HB,0,0,0,2,DRV-BELT-A45 · Bremen
2024-10-10,DRV-BELT-A45,Drive belt A45,Drive,Bremen,HB,0,0,0,2,DRV-BELT-A45 · Bremen
2024-10-11,DRV-BELT-A45,Drive belt A45,Drive,Bremen,HB,0,0,0,5,DRV-BELT-A45 · Bremen
2024-10-12,DRV-BELT-A45,Drive belt A45,Drive,Bremen,HB,0,0,0,0,DRV-BELT-A45 · Bremen
2024-10-13,DRV-BELT-A45,Drive belt A45,Drive,Bremen,HB,0,0,0,0,DRV-BELT-A45 · Bremen
2024-10-14,DRV-BELT-A45,Drive belt A45,Drive,Bremen,HB,0,0,0,4,DRV-BELT-A45 · Bremen
2024-10-15,DRV-BELT-A45,Drive belt A45,Drive,Bremen,HB,0,0,0,3,DRV-BELT-A45 · Bremen
2024-10-16,DRV-BELT-A45,Drive belt A45,Drive,Bremen,HB,0,0,0,4,DRV-BELT-A45 · Bremen
2024-10-17,DRV-BELT-A45,Drive belt A45,Drive,Bremen,HB,0,0,0,3,DRV-BELT-A45 · Bremen
2024-10-18,DRV-BELT-A45,Drive belt A45,Drive,Bremen,HB,0,0,0,2,DRV-BELT-A45 · Bremen
2024-10-19,DRV-BELT-A45,Drive belt A45,Drive,Bremen,HB,0,0,0,1,DRV-BELT-A45 · Bremen
2024-10-20,DRV-BELT-A45,Drive belt A45,Drive,Bremen,HB,0,0,0,0,DRV-BELT-A45 · Bremen
2024-10-21,DRV-BELT-A45,Drive belt A45,Drive,Bremen,HB,0,0,0,5,DRV-BELT-A45 · Bremen
2024-10-22,DRV-BELT-A45,Drive belt A45,Drive,Bremen,HB,0,0,0,3,DRV-BELT-A45 · Bremen
2024-10-23,DRV-BELT-A45,Drive belt A45,Drive,Bremen,HB,0,0,0,2,DRV-BELT-A45 · Bremen
2024-10-24,DRV-BELT-A45,Drive belt A45,Drive,Bremen,HB,0,0,0,6,DRV-BELT-A45 · Bremen
2024-10-25,DRV-BELT-A45,Drive belt A45,Drive,Bremen,HB,0,0,0,2,DRV-BELT-A45 · Bremen
2024-10-26,DRV-BELT-A45,Drive belt A45,Drive,Bremen,HB,0,0,0,0,DRV-BELT-A45 · Bremen
2024-10-27,DRV-BELT-A45,Drive belt A45,Drive,Bremen,HB,0,0,0,0,DRV-BELT-A45 · Bremen
2024-10-28,DRV-BELT-A45,Drive belt A45,Drive,Bremen,HB,0,0,0,2,DRV-BELT-A45 · Bremen
2024-10-29,DRV-BELT-A45,Drive belt A45,Drive,Bremen,HB,0,0,0,2,DRV-BELT-A45 · Bremen
2024-10-30,DRV-BELT-A45,Drive belt A45,Drive,Bremen,HB,0,0,0,6,DRV-BELT-A45 · Bremen
2024-10-31,DRV-BELT-A45,Drive belt A45,Drive,Bremen,HB,1,0,0,0,DRV-BELT-A45 · Bremen
2024-11-01,DRV-BELT-A45,Drive belt A45,Drive,Bremen,HB,0,0,0,2,DRV-BELT-A45 · Bremen
2024-11-02,DRV-BELT-A45,Drive belt A45,Drive,Bremen,HB,0,0,0,0,DRV-BELT-A45 · Bremen
2024-11-03,DRV-BELT-A45,Drive belt A45,Drive,Bremen,HB,0,0,0,0,DRV-BELT-A45 · Bremen
2024-11-04,DRV-BELT-A45,Drive belt A45,Drive,Bremen,HB,0,0,0,2,DRV-BELT-A45 · Bremen
2024-11-05,DRV-BELT-A45,Drive belt A45,Drive,Bremen,HB,0,0,0,2,DRV-BELT-A45 · Bremen
2024-11-06,DRV-BELT-A45,Drive belt A45,Drive,Bremen,HB,0,0,0,3,DRV-BELT-A45 · Bremen
2024-11-07,DRV-BELT-A45,Drive belt A45,Drive,Bremen,HB,0,0,0,3,DRV-BELT-A45 · Bremen
2024-11-08,DRV-BELT-A45,Drive belt A45,Drive,Bremen,HB,0,0,0,2,DRV-BELT-A45 · Bremen
2024-11-09,DRV-BELT-A45,Drive belt A45,Drive,Bremen,HB,0,0,0,0,DRV-BELT-A45 · Bremen
2024-11-10,DRV-BELT-A45,Drive belt A45,Drive,Bremen,HB,0,0,0,0,DRV-BELT-A45 · Bremen
2024-11-11,DRV-BELT-A45,Drive belt A45,Drive,Bremen,HB,0,0,0,3,DRV-BELT-A45 · Bremen
2024-11-12,DRV-BELT-A45,Drive belt A45,Drive,Bremen,HB,0,0,0,2,DRV-BELT-A45 · Bremen
2024-11-13,DRV-BELT-A45,Drive belt A45,Drive,Bremen,HB,0,0,0,3,DRV-BELT-A45 · Bremen
2024-11-14,DRV-BELT-A45,Drive belt A45,Drive,Bremen,HB,0,0,0,5,DRV-BELT-A45 · Bremen
2024-11-15,DRV-BELT-A45,Drive belt A45,Drive,Bremen,HB,0,0,0,4,DRV-BELT-A45 · Bremen
2024-11-16,DRV-BELT-A45,Drive belt A45,Drive,Bremen,HB,0,0,0,1,DRV-BELT-A45 · Bremen
2024-11-17,DRV-BELT-A45,Drive belt A45,Drive,Bremen,HB,0,0,0,0,DRV-BELT-A45 · Bremen
2024-11-18,DRV-BELT-A45,Drive belt A45,Drive,Bremen,HB,0,0,0,4,DRV-BELT-A45 · Bremen
2024-11-19,DRV-BELT-A45,Drive belt A45,Drive,Bremen,HB,0,0,0,3,DRV-BELT-A45 · Bremen
2024-11-20,DRV-BELT-A45,Drive belt A45,Drive,Bremen,HB,0,0,0,4,DRV-BELT-A45 · Bremen
2024-11-21,DRV-BELT-A45,Drive belt A45,Drive,Bremen,HB,0,0,0,3,DRV-BELT-A45 · Bremen
2024-11-22,DRV-BELT-A45,Drive belt A45,Drive,Bremen,HB,0,0,0,2,DRV-BELT-A45 · Bremen
2024-11-23,DRV-BELT-A45,Drive belt A45,Drive,Bremen,HB,0,0,0,1,DRV-BELT-A45 · Bremen
2024-11-24,DRV-BELT-A45,Drive belt A45,Drive,Bremen,HB,0,0,0,0,DRV-BELT-A45 · Bremen
2024-11-25,DRV-BELT-A45,Drive belt A45,Drive,Bremen,HB,0,0,0,1,DRV-BELT-A45 · Bremen
2024-11-26,DRV-BELT-A45,Drive belt A45,Drive,Bremen,HB,0,0,0,3,DRV-BELT-A45 · Bremen
2024-11-27,DRV-BELT-A45,Drive belt A45,Drive,Bremen,HB,0,0,0,3,DRV-BELT-A45 · Bremen
2024-11-28,DRV-BELT-A45,Drive belt A45,Drive,Bremen,HB,0,0,0,3,DRV-BELT-A45 · Bremen
2024-11-29,DRV-BELT-A45,Drive belt A45,Drive,Bremen,HB,0,0,0,3,DRV-BELT-A45 · Bremen
2024-11-30,DRV-BELT-A45,Drive belt A45,Drive,Bremen,HB,0,0,0,0,DRV-BELT-A45 · Bremen
2024-12-01,DRV-BELT-A45,Drive belt A45,Drive,Bremen,HB,0,0,0,0,DRV-BELT-A45 · Bremen
2024-12-02,DRV-BELT-A45,Drive belt A45,Drive,Bremen,HB,0,0,0,3,DRV-BELT-A45 · Bremen
2024-12-03,DRV-BELT-A45,Drive belt A45,Drive,Bremen,HB,0,0,0,2,DRV-BELT-A45 · Bremen
2024-12-04,DRV-BELT-A45,Drive belt A45,Drive,Bremen,HB,0,0,0,2,DRV-BELT-A45 · Bremen
2024-12-05,DRV-BELT-A45,Drive belt A45,Drive,Bremen,HB,0,0,0,3,DRV-BELT-A45 · Bremen
2024-12-06,DRV-BELT-A45,Drive belt A45,Drive,Bremen,HB,0,0,0,3,DRV-BELT-A45 · Bremen
2024-12-07,DRV-BELT-A45,Drive belt A45,Drive,Bremen,HB,0,0,0,0,DRV-BELT-A45 · Bremen
2024-12-08,DRV-BELT-A45,Drive belt A45,Drive,Bremen,HB,0,0,0,1,DRV-BELT-A45 · Bremen
2024-12-09,DRV-BELT-A45,Drive belt A45,Drive,Bremen,HB,0,0,0,3,DRV-BELT-A45 · Bremen
2024-12-10,DRV-BELT-A45,Drive belt A45,Drive,Bremen,HB,0,0,0,4,DRV-BELT-A45 · Bremen
2024-12-11,DRV-BELT-A45,Drive belt A45,Drive,Bremen,HB,0,0,0,3,DRV-BELT-A45 · Bremen
2024-12-12,DRV-BELT-A45,Drive belt A45,Drive,Bremen,HB,0,0,0,2,DRV-BELT-A45 · Bremen
2024-12-13,DRV-BELT-A45,Drive belt A45,Drive,Bremen,HB,0,0,0,1,DRV-BELT-A45 · Bremen
2024-12-14,DRV-BELT-A45,Drive belt A45,Drive,Bremen,HB,0,0,0,0,DRV-BELT-A45 · Bremen
2024-12-15,DRV-BELT-A45,Drive belt A45,Drive,Bremen,HB,0,0,0,0,DRV-BELT-A45 · Bremen
2024-12-16,DRV-BELT-A45,Drive belt A45,Drive,Bremen,HB,0,0,0,3,DRV-BELT-A45 · Bremen
2024-12-17,DRV-BELT-A45,Drive belt A45,Drive,Bremen,HB,0,0,0,3,DRV-BELT-A45 · Bremen
2024-12-18,DRV-BELT-A45,Drive belt A45,Drive,Bremen,HB,0,0,0,2,DRV-BELT-A45 · Bremen
2024-12-19,DRV-BELT-A45,Drive belt A45,Drive,Bremen,HB,0,0,0,3,DRV-BELT-A45 · Bremen
2024-12-20,DRV-BELT-A45,Drive belt A45,Drive,Bremen,HB,0,0,0,1,DRV-BELT-A45 · Bremen
2024-12-21,DRV-BELT-A45,Drive belt A45,Drive,Bremen,HB,0,0,0,1,DRV-BELT-A45 · Bremen
2024-12-22,DRV-BELT-A45,Drive belt A45,Drive,Bremen,HB,0,0,0,0,DRV-BELT-A45 · Bremen
2024-12-23,DRV-BELT-A45,Drive belt A45,Drive,Bremen,HB,0,0,0,2,DRV-BELT-A45 · Bremen
2024-12-24,DRV-BELT-A45,Drive belt A45,Drive,Bremen,HB,0,1,0,1,DRV-BELT-A45 · Bremen
2024-12-25,DRV-BELT-A45,Drive belt A45,Drive,Bremen,HB,1,1,0,0,DRV-BELT-A45 · Bremen
2024-12-26,DRV-BELT-A45,Drive belt A45,Drive,Bremen,HB,1,1,0,0,DRV-BELT-A45 · Bremen
2024-12-27,DRV-BELT-A45,Drive belt A45,Drive,Bremen,HB,0,1,0,0,DRV-BELT-A45 · Bremen
2024-12-28,DRV-BELT-A45,Drive belt A45,Drive,Bremen,HB,0,1,0,0,DRV-BELT-A45 · Bremen
2024-12-29,DRV-BELT-A45,Drive belt A45,Drive,Bremen,HB,0,1,0,1,DRV-BELT-A45 · Bremen
2024-12-30,DRV-BELT-A45,Drive belt A45,Drive,Bremen,HB,0,1,0,1,DRV-BELT-A45 · Bremen
2024-12-31,DRV-BELT-A45,Drive belt A45,Drive,Bremen,HB,0,1,0,0,DRV-BELT-A45 · Bremen
2023-01-01,DRV-SPR-08,Drive sprocket 08,Drive,Augsburg,BY,1,1,0,0,DRV-SPR-08 · Augsburg
2023-01-02,DRV-SPR-08,Drive sprocket 08,Drive,Augsburg,BY,0,1,0,3,DRV-SPR-08 · Augsburg
2023-01-03,DRV-SPR-08,Drive sprocket 08,Drive,Augsburg,BY,0,0,0,0,DRV-SPR-08 · Augsburg
2023-01-04,DRV-SPR-08,Drive sprocket 08,Drive,Augsburg,BY,0,0,0,0,DRV-SPR-08 · Augsburg
2023-01-05,DRV-SPR-08,Drive sprocket 08,Drive,Augsburg,BY,0,0,0,0,DRV-SPR-08 · Augsburg
2023-01-06,DRV-SPR-08,Drive sprocket 08,Drive,Augsburg,BY,1,0,0,0,DRV-SPR-08 · Augsburg
2023-01-07,DRV-SPR-08,Drive sprocket 08,Drive,Augsburg,BY,0,0,0,0,DRV-SPR-08 · Augsburg
2023-01-08,DRV-SPR-08,Drive sprocket 08,Drive,Augsburg,BY,0,0,0,0,DRV-SPR-08 · Augsburg
2023-01-09,DRV-SPR-08,Drive sprocket 08,Drive,Augsburg,BY,0,0,0,0,DRV-SPR-08 · Augsburg
2023-01-10,DRV-SPR-08,Drive sprocket 08,Drive,Augsburg,BY,0,0,0,0,DRV-SPR-08 · Augsburg
2023-01-11,DRV-SPR-08,Drive sprocket 08,Drive,Augsburg,BY,0,0,0,0,DRV-SPR-08 · Augsburg
2023-01-12,DRV-SPR-08,Drive sprocket 08,Drive,Augsburg,BY,0,0,0,0,DRV-SPR-08 · Augsburg
2023-01-13,DRV-SPR-08,Drive sprocket 08,Drive,Augsburg,BY,0,0,0,0,DRV-SPR-08 · Augsburg
2023-01-14,DRV-SPR-08,Drive sprocket 08,Drive,Augsburg,BY,0,0,0,0,DRV-SPR-08 · Augsburg
2023-01-15,DRV-SPR-08,Drive sprocket 08,Drive,Augsburg,BY,0,0,0,0,DRV-SPR-08 · Augsburg
2023-01-16,DRV-SPR-08,Drive sprocket 08,Drive,Augsburg,BY,0,0,0,0,DRV-SPR-08 · Augsburg
2023-01-17,DRV-SPR-08,Drive sprocket 08,Drive,Augsburg,BY,0,0,0,0,DRV-SPR-08 · Augsburg
2023-01-18,DRV-SPR-08,Drive sprocket 08,Drive,Augsburg,BY,0,0,0,0,DRV-SPR-08 · Augsburg
2023-01-19,DRV-SPR-08,Drive sprocket 08,Drive,Augsburg,BY,0,0,0,0,DRV-SPR-08 · Augsburg
2023-01-20,DRV-SPR-08,Drive sprocket 08,Drive,Augsburg,BY,0,0,0,0,DRV-SPR-08 · Augsburg
2023-01-21,DRV-SPR-08,Drive sprocket 08,Drive,Augsburg,BY,0,0,0,0,DRV-SPR-08 · Augsburg
2023-01-22,DRV-SPR-08,Drive sprocket 08,Drive,Augsburg,BY,0,0,0,0,DRV-SPR-08 · Augsburg
2023-01-23,DRV-SPR-08,Drive sprocket 08,Drive,Augsburg,BY,0,0,0,0,DRV-SPR-08 · Augsburg
2023-01-24,DRV-SPR-08,Drive sprocket 08,Drive,Augsburg,BY,0,0,0,0,DRV-SPR-08 · Augsburg
2023-01-25,DRV-SPR-08,Drive sprocket 08,Drive,Augsburg,BY,0,0,0,0,DRV-SPR-08 · Augsburg
2023-01-26,DRV-SPR-08,Drive sprocket 08,Drive,Augsburg,BY,0,0,0,0,DRV-SPR-08 · Augsburg
2023-01-27,DRV-SPR-08,Drive sprocket 08,Drive,Augsburg,BY,0,0,0,0,DRV-SPR-08 · Augsburg
2023-01-28,DRV-SPR-08,Drive sprocket 08,Drive,Augsburg,BY,0,0,0,0,DRV-SPR-08 · Augsburg
2023-01-29,DRV-SPR-08,Drive sprocket 08,Drive,Augsburg,BY,0,0,0,0,DRV-SPR-08 · Augsburg
2023-01-30,DRV-SPR-08,Drive sprocket 08,Drive,Augsburg,BY,0,0,0,0,DRV-SPR-08 · Augsburg
2023-01-31,DRV-SPR-08,Drive sprocket 08,Drive,Augsburg,BY,0,0,0,0,DRV-SPR-08 · Augsburg
2023-02-01,DRV-SPR-08,Drive sprocket 08,Drive,Augsburg,BY,0,0,0,0,DRV-SPR-08 · Augsburg
2023-02-02,DRV-SPR-08,Drive sprocket 08,Drive,Augsburg,BY,0,0,0,0,DRV-SPR-08 · Augsburg
2023-02-03,DRV-SPR-08,Drive sprocket 08,Drive,Augsburg,BY,0,0,0,7,DRV-SPR-08 · Augsburg
2023-02-04,DRV-SPR-08,Drive sprocket 08,Drive,Augsburg,BY,0,0,0,0,DRV-SPR-08 · Augsburg
2023-02-05,DRV-SPR-08,Drive sprocket 08,Drive,Augsburg,BY,0,0,0,0,DRV-SPR-08 · Augsburg
2023-02-06,DRV-SPR-08,Drive sprocket 08,Drive,Augsburg,BY,0,0,0,0,DRV-SPR-08 · Augsburg
2023-02-07,DRV-SPR-08,Drive sprocket 08,Drive,Augsburg,BY,0,0,0,0,DRV-SPR-08 · Augsburg
2023-02-08,DRV-SPR-08,Drive sprocket 08,Drive,Augsburg,BY,0,0,0,0,DRV-SPR-08 · Augsburg
2023-02-09,DRV-SPR-08,Drive sprocket 08,Drive,Augsburg,BY,0,0,0,0,DRV-SPR-08 · Augsburg
2023-02-10,DRV-SPR-08,Drive sprocket 08,Drive,Augsburg,BY,0,0,0,0,DRV-SPR-08 · Augsburg
2023-02-11,DRV-SPR-08,Drive sprocket 08,Drive,Augsburg,BY,0,0,0,0,DRV-SPR-08 · Augsburg
2023-02-12,DRV-SPR-08,Drive sprocket 08,Drive,Augsburg,BY,0,0,0,0,DRV-SPR-08 · Augsburg
2023-02-13,DRV-SPR-08,Drive sprocket 08,Drive,Augsburg,BY,0,0,0,0,DRV-SPR-08 · Augsburg
2023-02-14,DRV-SPR-08,Drive sprocket 08,Drive,Augsburg,BY,0,0,0,0,DRV-SPR-08 · Augsburg
2023-02-15,DRV-SPR-08,Drive sprocket 08,Drive,Augsburg,BY,0,0,0,0,DRV-SPR-08 · Augsburg
2023-02-16,DRV-SPR-08,Drive sprocket 08,Drive,Augsburg,BY,0,0,0,0,DRV-SPR-08 · Augsburg
2023-02-17,DRV-SPR-08,Drive sprocket 08,Drive,Augsburg,BY,0,0,0,1,DRV-SPR-08 · Augsburg
2023-02-18,DRV-SPR-08,Drive sprocket 08,Drive,Augsburg,BY,0,0,0,0,DRV-SPR-08 · Augsburg
2023-02-19,DRV-SPR-08,Drive sprocket 08,Drive,Augsburg,BY,0,0,0,0,DRV-SPR-08 · Augsburg
2023-02-20,DRV-SPR-08,Drive sprocket 08,Drive,Augsburg,BY,0,0,0,0,DRV-SPR-08 · Augsburg
2023-02-21,DRV-SPR-08,Drive sprocket 08,Drive,Augsburg,BY,0,0,0,0,DRV-SPR-08 · Augsburg
2023-02-22,DRV-SPR-08,Drive sprocket 08,Drive,Augsburg,BY,0,0,0,0,DRV-SPR-08 · Augsburg
2023-02-23,DRV-SPR-08,Drive sprocket 08,Drive,Augsburg,BY,0,0,0,3,DRV-SPR-08 · Augsburg
2023-02-24,DRV-SPR-08,Drive sprocket 08,Drive,Augsburg,BY,0,0,0,0,DRV-SPR-08 · Augsburg
2023-02-25,DRV-SPR-08,Drive sprocket 08,Drive,Augsburg,BY,0,0,0,0,DRV-SPR-08 · Augsburg
2023-02-26,DRV-SPR-08,Drive sprocket 08,Drive,Augsburg,BY,0,0,0,0,DRV-SPR-08 · Augsburg
2023-02-27,DRV-SPR-08,Drive sprocket 08,Drive,Augsburg,BY,0,0,0,9,DRV-SPR-08 · Augsburg
2023-02-28,DRV-SPR-08,Drive sprocket 08,Drive,Augsburg,BY,0,0,0,1,DRV-SPR-08 · Augsburg
2023-03-01,DRV-SPR-08,Drive sprocket 08,Drive,Augsburg,BY,0,0,1,0,DRV-SPR-08 · Augsburg
2023-03-02,DRV-SPR-08,Drive sprocket 08,Drive,Augsburg,BY,0,0,1,0,DRV-SPR-08 · Augsburg
2023-03-03,DRV-SPR-08,Drive sprocket 08,Drive,Augsburg,BY,0,0,1,0,DRV-SPR-08 · Augsburg
2023-03-04,DRV-SPR-08,Drive sprocket 08,Drive,Augsburg,BY,0,0,1,0,DRV-SPR-08 · Augsburg
2023-03-05,DRV-SPR-08,Drive sprocket 08,Drive,Augsburg,BY,0,0,1,0,DRV-SPR-08 · Augsburg
2023-03-06,DRV-SPR-08,Drive sprocket 08,Drive,Augsburg,BY,0,0,1,0,DRV-SPR-08 · Augsburg
2023-03-07,DRV-SPR-08,Drive sprocket 08,Drive,Augsburg,BY,0,0,1,0,DRV-SPR-08 · Augsburg
2023-03-08,DRV-SPR-08,Drive sprocket 08,Drive,Augsburg,BY,0,0,0,6,DRV-SPR-08 · Augsburg
2023-03-09,DRV-SPR-08,Drive sprocket 08,Drive,Augsburg,BY,0,0,0,0,DRV-SPR-08 · Augsburg
2023-03-10,DRV-SPR-08,Drive sprocket 08,Drive,Augsburg,BY,0,0,0,0,DRV-SPR-08 · Augsburg
2023-03-11,DRV-SPR-08,Drive sprocket 08,Drive,Augsburg,BY,0,0,0,0,DRV-SPR-08 · Augsburg
2023-03-12,DRV-SPR-08,Drive sprocket 08,Drive,Augsburg,BY,0,0,0,12,DRV-SPR-08 · Augsburg
2023-03-13,DRV-SPR-08,Drive sprocket 08,Drive,Augsburg,BY,0,0,0,0,DRV-SPR-08 · Augsburg
2023-03-14,DRV-SPR-08,Drive sprocket 08,Drive,Augsburg,BY,0,0,0,0,DRV-SPR-08 · Augsburg
2023-03-15,DRV-SPR-08,Drive sprocket 08,Drive,Augsburg,BY,0,0,0,0,DRV-SPR-08 · Augsburg
2023-03-16,DRV-SPR-08,Drive sprocket 08,Drive,Augsburg,BY,0,0,0,0,DRV-SPR-08 · Augsburg
2023-03-17,DRV-SPR-08,Drive sprocket 08,Drive,Augsburg,BY,0,0,0,2,DRV-SPR-08 · Augsburg
2023-03-18,DRV-SPR-08,Drive sprocket 08,Drive,Augsburg,BY,0,0,0,0,DRV-SPR-08 · Augsburg
2023-03-19,DRV-SPR-08,Drive sprocket 08,Drive,Augsburg,BY,0,0,0,5,DRV-SPR-08 · Augsburg
2023-03-20,DRV-SPR-08,Drive sprocket 08,Drive,Augsburg,BY,0,0,0,0,DRV-SPR-08 · Augsburg
2023-03-21,DRV-SPR-08,Drive sprocket 08,Drive,Augsburg,BY,0,0,0,0,DRV-SPR-08 · Augsburg
2023-03-22,DRV-SPR-08,Drive sprocket 08,Drive,Augsburg,BY,0,0,0,0,DRV-SPR-08 · Augsburg
2023-03-23,DRV-SPR-08,Drive sprocket 08,Drive,Augsburg,BY,0,0,0,0,DRV-SPR-08 · Augsburg
2023-03-24,DRV-SPR-08,Drive sprocket 08,Drive,Augsburg,BY,0,0,0,0,DRV-SPR-08 · Augsburg
2023-03-25,DRV-SPR-08,Drive sprocket 08,Drive,Augsburg,BY,0,0,0,0,DRV-SPR-08 · Augsburg
2023-03-26,DRV-SPR-08,Drive sprocket 08,Drive,Augsburg,BY,0,0,0,0,DRV-SPR-08 · Augsburg
2023-03-27,DRV-SPR-08,Drive sprocket 08,Drive,Augsburg,BY,0,0,0,0,DRV-SPR-08 · Augsburg
2023-03-28,DRV-SPR-08,Drive sprocket 08,Drive,Augsburg,BY,0,0,0,0,DRV-SPR-08 · Augsburg
2023-03-29,DRV-SPR-08,Drive sprocket 08,Drive,Augsburg,BY,0,0,0,1,DRV-SPR-08 · Augsburg
2023-03-30,DRV-SPR-08,Drive sprocket 08,Drive,Augsburg,BY,0,0,0,0,DRV-SPR-08 · Augsburg
2023-03-31,DRV-SPR-08,Drive sprocket 08,Drive,Augsburg,BY,0,0,0,0,DRV-SPR-08 · Augsburg
2023-04-01,DRV-SPR-08,Drive sprocket 08,Drive,Augsburg,BY,0,0,0,0,DRV-SPR-08 · Augsburg
2023-04-02,DRV-SPR-08,Drive sprocket 08,Drive,Augsburg,BY,0,0,0,0,DRV-SPR-08 · Augsburg
2023-04-03,DRV-SPR-08,Drive sprocket 08,Drive,Augsburg,BY,0,0,0,0,DRV-SPR-08 · Augsburg
2023-04-04,DRV-SPR-08,Drive sprocket 08,Drive,Augsburg,BY,0,0,0,0,DRV-SPR-08 · Augsburg
2023-04-05,DRV-SPR-08,Drive sprocket 08,Drive,Augsburg,BY,0,0,0,0,DRV-SPR-08 · Augsburg
2023-04-06,DRV-SPR-08,Drive sprocket 08,Drive,Augsburg,BY,0,0,0,4,DRV-SPR-08 · Augsburg
2023-04-07,DRV-SPR-08,Drive sprocket 08,Drive,Augsburg,BY,1,0,0,0,DRV-SPR-08 · Augsburg
2023-04-08,DRV-SPR-08,Drive sprocket 08,Drive,Augsburg,BY,0,0,0,3,DRV-SPR-08 · Augsburg
2023-04-09,DRV-SPR-08,Drive sprocket 08,Drive,Augsburg,BY,0,0,0,0,DRV-SPR-08 · Augsburg
2023-04-10,DRV-SPR-08,Drive sprocket 08,Drive,Augsburg,BY,1,0,0,0,DRV-SPR-08 · Augsburg
2023-04-11,DRV-SPR-08,Drive sprocket 08,Drive,Augsburg,BY,0,0,0,0,DRV-SPR-08 · Augsburg
2023-04-12,DRV-SPR-08,Drive sprocket 08,Drive,Augsburg,BY,0,0,0,0,DRV-SPR-08 · Augsburg
2023-04-13,DRV-SPR-08,Drive sprocket 08,Drive,Augsburg,BY,0,0,0,0,DRV-SPR-08 · Augsburg
2023-04-14,DRV-SPR-08,Drive sprocket 08,Drive,Augsburg,BY,0,0,0,2,DRV-SPR-08 · Augsburg
2023-04-15,DRV-SPR-08,Drive sprocket 08,Drive,Augsburg,BY,0,0,0,0,DRV-SPR-08 · Augsburg
2023-04-16,DRV-SPR-08,Drive sprocket 08,Drive,Augsburg,BY,0,0,0,0,DRV-SPR-08 · Augsburg
2023-04-17,DRV-SPR-08,Drive sprocket 08,Drive,Augsburg,BY,0,0,0,0,DRV-SPR-08 · Augsburg
2023-04-18,DRV-SPR-08,Drive sprocket 08,Drive,Augsburg,BY,0,0,0,0,DRV-SPR-08 · Augsburg
2023-04-19,DRV-SPR-08,Drive sprocket 08,Drive,Augsburg,BY,0,0,0,0,DRV-SPR-08 · Augsburg
2023-04-20,DRV-SPR-08,Drive sprocket 08,Drive,Augsburg,BY,0,0,0,0,DRV-SPR-08 · Augsburg
2023-04-21,DRV-SPR-08,Drive sprocket 08,Drive,Augsburg,BY,0,0,0,0,DRV-SPR-08 · Augsburg
2023-04-22,DRV-SPR-08,Drive sprocket 08,Drive,Augsburg,BY,0,0,0,0,DRV-SPR-08 · Augsburg
2023-04-23,DRV-SPR-08,Drive sprocket 08,Drive,Augsburg,BY,0,0,0,1,DRV-SPR-08 · Augsburg
2023-04-24,DRV-SPR-08,Drive sprocket 08,Drive,Augsburg,BY,0,0,0,0,DRV-SPR-08 · Augsburg
2023-04-25,DRV-SPR-08,Drive sprocket 08,Drive,Augsburg,BY,0,0,0,5,DRV-SPR-08 · Augsburg
2023-04-26,DRV-SPR-08,Drive sprocket 08,Drive,Augsburg,BY,0,0,0,0,DRV-SPR-08 · Augsburg
2023-04-27,DRV-SPR-08,Drive sprocket 08,Drive,Augsburg,BY,0,0,0,2,DRV-SPR-08 · Augsburg
2023-04-28,DRV-SPR-08,Drive sprocket 08,Drive,Augsburg,BY,0,0,0,0,DRV-SPR-08 · Augsburg
2023-04-29,DRV-SPR-08,Drive sprocket 08,Drive,Augsburg,BY,0,0,0,0,DRV-SPR-08 · Augsburg
2023-04-30,DRV-SPR-08,Drive sprocket 08,Drive,Augsburg,BY,0,0,0,0,DRV-SPR-08 · Augsburg
2023-05-01,DRV-SPR-08,Drive sprocket 08,Drive,Augsburg,BY,1,0,0,0,DRV-SPR-08 · Augsburg
2023-05-02,DRV-SPR-08,Drive sprocket 08,Drive,Augsburg,BY,0,0,0,0,DRV-SPR-08 · Augsburg
2023-05-03,DRV-SPR-08,Drive sprocket 08,Drive,Augsburg,BY,0,0,0,0,DRV-SPR-08 · Augsburg
2023-05-04,DRV-SPR-08,Drive sprocket 08,Drive,Augsburg,BY,0,0,0,0,DRV-SPR-08 · Augsburg
2023-05-05,DRV-SPR-08,Drive sprocket 08,Drive,Augsburg,BY,0,0,0,2,DRV-SPR-08 · Augsburg
2023-05-06,DRV-SPR-08,Drive sprocket 08,Drive,Augsburg,BY,0,0,0,0,DRV-SPR-08 · Augsburg
2023-05-07,DRV-SPR-08,Drive sprocket 08,Drive,Augsburg,BY,0,0,0,0,DRV-SPR-08 · Augsburg
2023-05-08,DRV-SPR-08,Drive sprocket 08,Drive,Augsburg,BY,0,0,0,0,DRV-SPR-08 · Augsburg
2023-05-09,DRV-SPR-08,Drive sprocket 08,Drive,Augsburg,BY,0,0,0,0,DRV-SPR-08 · Augsburg
2023-05-10,DRV-SPR-08,Drive sprocket 08,Drive,Augsburg,BY,0,0,0,0,DRV-SPR-08 · Augsburg
2023-05-11,DRV-SPR-08,Drive sprocket 08,Drive,Augsburg,BY,0,0,0,0,DRV-SPR-08 · Augsburg
2023-05-12,DRV-SPR-08,Drive sprocket 08,Drive,Augsburg,BY,0,0,0,0,DRV-SPR-08 · Augsburg
2023-05-13,DRV-SPR-08,Drive sprocket 08,Drive,Augsburg,BY,0,0,0,0,DRV-SPR-08 · Augsburg
2023-05-14,DRV-SPR-08,Drive sprocket 08,Drive,Augsburg,BY,0,0,0,0,DRV-SPR-08 · Augsburg
2023-05-15,DRV-SPR-08,Drive sprocket 08,Drive,Augsburg,BY,0,0,0,1,DRV-SPR-08 · Augsburg
2023-05-16,DRV-SPR-08,Drive sprocket 08,Drive,Augsburg,BY,0,0,0,0,DRV-SPR-08 · Augsburg
2023-05-17,DRV-SPR-08,Drive sprocket 08,Drive,Augsburg,BY,0,0,0,0,DRV-SPR-08 · Augsburg
2023-05-18,DRV-SPR-08,Drive sprocket 08,Drive,Augsburg,BY,1,0,0,0,DRV-SPR-08 · Augsburg
2023-05-19,DRV-SPR-08,Drive sprocket 08,Drive,Augsburg,BY,0,0,0,0,DRV-SPR-08 · Augsburg
2023-05-20,DRV-SPR-08,Drive sprocket 08,Drive,Augsburg,BY,0,0,0,0,DRV-SPR-08 · Augsburg
2023-05-21,DRV-SPR-08,Drive sprocket 08,Drive,Augsburg,BY,0,0,0,0,DRV-SPR-08 · Augsburg
2023-05-22,DRV-SPR-08,Drive sprocket 08,Drive,Augsburg,BY,0,0,0,3,DRV-SPR-08 · Augsburg
2023-05-23,DRV-SPR-08,Drive sprocket 08,Drive,Augsburg,BY,0,0,0,0,DRV-SPR-08 · Augsburg
2023-05-24,DRV-SPR-08,Drive sprocket 08,Drive,Augsburg,BY,0,0,0,0,DRV-SPR-08 · Augsburg
2023-05-25,DRV-SPR-08,Drive sprocket 08,Drive,Augsburg,BY,0,0,0,2,DRV-SPR-08 · Augsburg
2023-05-26,DRV-SPR-08,Drive sprocket 08,Drive,Augsburg,BY,0,0,0,7,DRV-SPR-08 · Augsburg
2023-05-27,DRV-SPR-08,Drive sprocket 08,Drive,Augsburg,BY,0,0,0,0,DRV-SPR-08 · Augsburg
2023-05-28,DRV-SPR-08,Drive sprocket 08,Drive,Augsburg,BY,0,0,0,0,DRV-SPR-08 · Augsburg
2023-05-29,DRV-SPR-08,Drive sprocket 08,Drive,Augsburg,BY,1,0,0,0,DRV-SPR-08 · Augsburg
2023-05-30,DRV-SPR-08,Drive sprocket 08,Drive,Augsburg,BY,0,0,0,0,DRV-SPR-08 · Augsburg
2023-05-31,DRV-SPR-08,Drive sprocket 08,Drive,Augsburg,BY,0,0,0,0,DRV-SPR-08 · Augsburg
2023-06-01,DRV-SPR-08,Drive sprocket 08,Drive,Augsburg,BY,0,0,0,0,DRV-SPR-08 · Augsburg
2023-06-02,DRV-SPR-08,Drive sprocket 08,Drive,Augsburg,BY,0,0,0,9,DRV-SPR-08 · Augsburg
2023-06-03,DRV-SPR-08,Drive sprocket 08,Drive,Augsburg,BY,0,0,0,1,DRV-SPR-08 · Augsburg
2023-06-04,DRV-SPR-08,Drive sprocket 08,Drive,Augsburg,BY,0,0,0,0,DRV-SPR-08 · Augsburg
2023-06-05,DRV-SPR-08,Drive sprocket 08,Drive,Augsburg,BY,0,0,0,0,DRV-SPR-08 · Augsburg
2023-06-06,DRV-SPR-08,Drive sprocket 08,Drive,Augsburg,BY,0,0,0,0,DRV-SPR-08 · Augsburg
2023-06-07,DRV-SPR-08,Drive sprocket 08,Drive,Augsburg,BY,0,0,0,0,DRV-SPR-08 · Augsburg
2023-06-08,DRV-SPR-08,Drive sprocket 08,Drive,Augsburg,BY,1,0,0,0,DRV-SPR-08 · Augsburg
2023-06-09,DRV-SPR-08,Drive sprocket 08,Drive,Augsburg,BY,0,0,0,0,DRV-SPR-08 · Augsburg
2023-06-10,DRV-SPR-08,Drive sprocket 08,Drive,Augsburg,BY,0,0,0,0,DRV-SPR-08 · Augsburg
2023-06-11,DRV-SPR-08,Drive sprocket 08,Drive,Augsburg,BY,0,0,0,0,DRV-SPR-08 · Augsburg
2023-06-12,DRV-SPR-08,Drive sprocket 08,Drive,Augsburg,BY,0,0,0,0,DRV-SPR-08 · Augsburg
2023-06-13,DRV-SPR-08,Drive sprocket 08,Drive,Augsburg,BY,0,0,0,0,DRV-SPR-08 · Augsburg
2023-06-14,DRV-SPR-08,Drive sprocket 08,Drive,Augsburg,BY,0,0,0,0,DRV-SPR-08 · Augsburg
2023-06-15,DRV-SPR-08,Drive sprocket 08,Drive,Augsburg,BY,0,0,0,0,DRV-SPR-08 · Augsburg
2023-06-16,DRV-SPR-08,Drive sprocket 08,Drive,Augsburg,BY,0,0,0,0,DRV-SPR-08 · Augsburg
2023-06-17,DRV-SPR-08,Drive sprocket 08,Drive,Augsburg,BY,0,0,0,0,DRV-SPR-08 · Augsburg
2023-06-18,DRV-SPR-08,Drive sprocket 08,Drive,Augsburg,BY,0,0,0,0,DRV-SPR-08 · Augsburg
2023-06-19,DRV-SPR-08,Drive sprocket 08,Drive,Augsburg,BY,0,0,0,9,DRV-SPR-08 · Augsburg
2023-06-20,DRV-SPR-08,Drive sprocket 08,Drive,Augsburg,BY,0,0,0,0,DRV-SPR-08 · Augsburg
2023-06-21,DRV-SPR-08,Drive sprocket 08,Drive,Augsburg,BY,0,0,0,0,DRV-SPR-08 · Augsburg
2023-06-22,DRV-SPR-08,Drive sprocket 08,Drive,Augsburg,BY,0,0,0,6,DRV-SPR-08 · Augsburg
2023-06-23,DRV-SPR-08,Drive sprocket 08,Drive,Augsburg,BY,0,0,0,0,DRV-SPR-08 · Augsburg
2023-06-24,DRV-SPR-08,Drive sprocket 08,Drive,Augsburg,BY,0,0,0,3,DRV-SPR-08 · Augsburg
2023-06-25,DRV-SPR-08,Drive sprocket 08,Drive,Augsburg,BY,0,0,0,0,DRV-SPR-08 · Augsburg
2023-06-26,DRV-SPR-08,Drive sprocket 08,Drive,Augsburg,BY,0,0,0,0,DRV-SPR-08 · Augsburg
2023-06-27,DRV-SPR-08,Drive sprocket 08,Drive,Augsburg,BY,0,0,0,0,DRV-SPR-08 · Augsburg
2023-06-28,DRV-SPR-08,Drive sprocket 08,Drive,Augsburg,BY,0,0,0,0,DRV-SPR-08 · Augsburg
2023-06-29,DRV-SPR-08,Drive sprocket 08,Drive,Augsburg,BY,0,0,0,2,DRV-SPR-08 · Augsburg
2023-06-30,DRV-SPR-08,Drive sprocket 08,Drive,Augsburg,BY,0,0,0,0,DRV-SPR-08 · Augsburg
2023-07-01,DRV-SPR-08,Drive sprocket 08,Drive,Augsburg,BY,0,0,0,0,DRV-SPR-08 · Augsburg
2023-07-02,DRV-SPR-08,Drive sprocket 08,Drive,Augsburg,BY,0,0,0,0,DRV-SPR-08 · Augsburg
2023-07-03,DRV-SPR-08,Drive sprocket 08,Drive,Augsburg,BY,0,0,0,0,DRV-SPR-08 · Augsburg
2023-07-04,DRV-SPR-08,Drive sprocket 08,Drive,Augsburg,BY,0,0,0,0,DRV-SPR-08 · Augsburg
2023-07-05,DRV-SPR-08,Drive sprocket 08,Drive,Augsburg,BY,0,0,0,0,DRV-SPR-08 · Augsburg
2023-07-06,DRV-SPR-08,Drive sprocket 08,Drive,Augsburg,BY,0,0,0,0,DRV-SPR-08 · Augsburg
2023-07-07,DRV-SPR-08,Drive sprocket 08,Drive,Augsburg,BY,0,0,0,0,DRV-SPR-08 · Augsburg
2023-07-08,DRV-SPR-08,Drive sprocket 08,Drive,Augsburg,BY,0,0,0,0,DRV-SPR-08 · Augsburg
2023-07-09,DRV-SPR-08,Drive sprocket 08,Drive,Augsburg,BY,0,0,0,2,DRV-SPR-08 · Augsburg
2023-07-10,DRV-SPR-08,Drive sprocket 08,Drive,Augsburg,BY,0,0,0,0,DRV-SPR-08 · Augsburg
2023-07-11,DRV-SPR-08,Drive sprocket 08,Drive,Augsburg,BY,0,0,0,0,DRV-SPR-08 · Augsburg
2023-07-12,DRV-SPR-08,Drive sprocket 08,Drive,Augsburg,BY,0,0,0,0,DRV-SPR-08 · Augsburg
2023-07-13,DRV-SPR-08,Drive sprocket 08,Drive,Augsburg,BY,0,0,0,0,DRV-SPR-08 · Augsburg
2023-07-14,DRV-SPR-08,Drive sprocket 08,Drive,Augsburg,BY,0,0,0,0,DRV-SPR-08 · Augsburg
2023-07-15,DRV-SPR-08,Drive sprocket 08,Drive,Augsburg,BY,0,0,0,0,DRV-SPR-08 · Augsburg
2023-07-16,DRV-SPR-08,Drive sprocket 08,Drive,Augsburg,BY,0,0,0,0,DRV-SPR-08 · Augsburg
2023-07-17,DRV-SPR-08,Drive sprocket 08,Drive,Augsburg,BY,0,0,0,0,DRV-SPR-08 · Augsburg
2023-07-18,DRV-SPR-08,Drive sprocket 08,Drive,Augsburg,BY,0,0,0,1,DRV-SPR-08 · Augsburg
2023-07-19,DRV-SPR-08,Drive sprocket 08,Drive,Augsburg,BY,0,0,0,0,DRV-SPR-08 · Augsburg
2023-07-20,DRV-SPR-08,Drive sprocket 08,Drive,Augsburg,BY,0,0,0,0,DRV-SPR-08 · Augsburg
2023-07-21,DRV-SPR-08,Drive sprocket 08,Drive,Augsburg,BY,0,0,0,2,DRV-SPR-08 · Augsburg
2023-07-22,DRV-SPR-08,Drive sprocket 08,Drive,Augsburg,BY,0,0,0,0,DRV-SPR-08 · Augsburg
2023-07-23,DRV-SPR-08,Drive sprocket 08,Drive,Augsburg,BY,0,0,0,0,DRV-SPR-08 · Augsburg
2023-07-24,DRV-SPR-08,Drive sprocket 08,Drive,Augsburg,BY,0,0,0,0,DRV-SPR-08 · Augsburg
2023-07-25,DRV-SPR-08,Drive sprocket 08,Drive,Augsburg,BY,0,0,0,0,DRV-SPR-08 · Augsburg
2023-07-26,DRV-SPR-08,Drive sprocket 08,Drive,Augsburg,BY,0,0,0,0,DRV-SPR-08 · Augsburg
2023-07-27,DRV-SPR-08,Drive sprocket 08,Drive,Augsburg,BY,0,0,0,0,DRV-SPR-08 · Augsburg
2023-07-28,DRV-SPR-08,Drive sprocket 08,Drive,Augsburg,BY,0,0,0,3,DRV-SPR-08 · Augsburg
2023-07-29,DRV-SPR-08,Drive sprocket 08,Drive,Augsburg,BY,0,0,0,0,DRV-SPR-08 · Augsburg
2023-07-30,DRV-SPR-08,Drive sprocket 08,Drive,Augsburg,BY,0,0,0,2,DRV-SPR-08 · Augsburg
2023-07-31,DRV-SPR-08,Drive sprocket 08,Drive,Augsburg,BY,0,0,0,0,DRV-SPR-08 · Augsburg
2023-08-01,DRV-SPR-08,Drive sprocket 08,Drive,Augsburg,BY,0,0,0,0,DRV-SPR-08 · Augsburg
2023-08-02,DRV-SPR-08,Drive sprocket 08,Drive,Augsburg,BY,0,0,0,0,DRV-SPR-08 · Augsburg
2023-08-03,DRV-SPR-08,Drive sprocket 08,Drive,Augsburg,BY,0,0,0,6,DRV-SPR-08 · Augsburg
2023-08-04,DRV-SPR-08,Drive sprocket 08,Drive,Augsburg,BY,0,0,0,0,DRV-SPR-08 · Augsburg
2023-08-05,DRV-SPR-08,Drive sprocket 08,Drive,Augsburg,BY,0,0,0,0,DRV-SPR-08 · Augsburg
2023-08-06,DRV-SPR-08,Drive sprocket 08,Drive,Augsburg,BY,0,0,0,0,DRV-SPR-08 · Augsburg
2023-08-07,DRV-SPR-08,Drive sprocket 08,Drive,Augsburg,BY,0,1,0,0,DRV-SPR-08 · Augsburg
2023-08-08,DRV-SPR-08,Drive sprocket 08,Drive,Augsburg,BY,0,1,0,2,DRV-SPR-08 · Augsburg
2023-08-09,DRV-SPR-08,Drive sprocket 08,Drive,Augsburg,BY,0,1,0,0,DRV-SPR-08 · Augsburg
2023-08-10,DRV-SPR-08,Drive sprocket 08,Drive,Augsburg,BY,0,1,0,0,DRV-SPR-08 · Augsburg
2023-08-11,DRV-SPR-08,Drive sprocket 08,Drive,Augsburg,BY,0,1,0,0,DRV-SPR-08 · Augsburg
2023-08-12,DRV-SPR-08,Drive sprocket 08,Drive,Augsburg,BY,0,1,0,0,DRV-SPR-08 · Augsburg
2023-08-13,DRV-SPR-08,Drive sprocket 08,Drive,Augsburg,BY,0,1,0,0,DRV-SPR-08 · Augsburg
2023-08-14,DRV-SPR-08,Drive sprocket 08,Drive,Augsburg,BY,0,1,0,0,DRV-SPR-08 · Augsburg
2023-08-15,DRV-SPR-08,Drive sprocket 08,Drive,Augsburg,BY,0,1,0,0,DRV-SPR-08 · Augsburg
2023-08-16,DRV-SPR-08,Drive sprocket 08,Drive,Augsburg,BY,0,1,0,0,DRV-SPR-08 · Augsburg
2023-08-17,DRV-SPR-08,Drive sprocket 08,Drive,Augsburg,BY,0,1,0,0,DRV-SPR-08 · Augsburg
2023-08-18,DRV-SPR-08,Drive sprocket 08,Drive,Augsburg,BY,0,1,0,5,DRV-SPR-08 · Augsburg
2023-08-19,DRV-SPR-08,Drive sprocket 08,Drive,Augsburg,BY,0,1,0,0,DRV-SPR-08 · Augsburg
2023-08-20,DRV-SPR-08,Drive sprocket 08,Drive,Augsburg,BY,0,1,0,0,DRV-SPR-08 · Augsburg
2023-08-21,DRV-SPR-08,Drive sprocket 08,Drive,Augsburg,BY,0,0,0,4,DRV-SPR-08 · Augsburg
2023-08-22,DRV-SPR-08,Drive sprocket 08,Drive,Augsburg,BY,0,0,0,0,DRV-SPR-08 · Augsburg
2023-08-23,DRV-SPR-08,Drive sprocket 08,Drive,Augsburg,BY,0,0,0,0,DRV-SPR-08 · Augsburg
2023-08-24,DRV-SPR-08,Drive sprocket 08,Drive,Augsburg,BY,0,0,0,0,DRV-SPR-08 · Augsburg
2023-08-25,DRV-SPR-08,Drive sprocket 08,Drive,Augsburg,BY,0,0,0,0,DRV-SPR-08 · Augsburg
2023-08-26,DRV-SPR-08,Drive sprocket 08,Drive,Augsburg,BY,0,0,0,0,DRV-SPR-08 · Augsburg
2023-08-27,DRV-SPR-08,Drive sprocket 08,Drive,Augsburg,BY,0,0,0,0,DRV-SPR-08 · Augsburg
2023-08-28,DRV-SPR-08,Drive sprocket 08,Drive,Augsburg,BY,0,0,0,0,DRV-SPR-08 · Augsburg
2023-08-29,DRV-SPR-08,Drive sprocket 08,Drive,Augsburg,BY,0,0,0,0,DRV-SPR-08 · Augsburg
2023-08-30,DRV-SPR-08,Drive sprocket 08,Drive,Augsburg,BY,0,0,0,0,DRV-SPR-08 · Augsburg
2023-08-31,DRV-SPR-08,Drive sprocket 08,Drive,Augsburg,BY,0,0,0,0,DRV-SPR-08 · Augsburg
2023-09-01,DRV-SPR-08,Drive sprocket 08,Drive,Augsburg,BY,0,0,1,0,DRV-SPR-08 · Augsburg
2023-09-02,DRV-SPR-08,Drive sprocket 08,Drive,Augsburg,BY,0,0,1,0,DRV-SPR-08 · Augsburg
2023-09-03,DRV-SPR-08,Drive sprocket 08,Drive,Augsburg,BY,0,0,1,0,DRV-SPR-08 · Augsburg
2023-09-04,DRV-SPR-08,Drive sprocket 08,Drive,Augsburg,BY,0,0,1,2,DRV-SPR-08 · Augsburg
2023-09-05,DRV-SPR-08,Drive sprocket 08,Drive,Augsburg,BY,0,0,1,0,DRV-SPR-08 · Augsburg
2023-09-06,DRV-SPR-08,Drive sprocket 08,Drive,Augsburg,BY,0,0,1,0,DRV-SPR-08 · Augsburg
2023-09-07,DRV-SPR-08,Drive sprocket 08,Drive,Augsburg,BY,0,0,1,0,DRV-SPR-08 · Augsburg
2023-09-08,DRV-SPR-08,Drive sprocket 08,Drive,Augsburg,BY,0,0,0,0,DRV-SPR-08 · Augsburg
2023-09-09,DRV-SPR-08,Drive sprocket 08,Drive,Augsburg,BY,0,0,0,5,DRV-SPR-08 · Augsburg
2023-09-10,DRV-SPR-08,Drive sprocket 08,Drive,Augsburg,BY,0,0,0,0,DRV-SPR-08 · Augsburg
2023-09-11,DRV-SPR-08,Drive sprocket 08,Drive,Augsburg,BY,0,0,0,0,DRV-SPR-08 · Augsburg
2023-09-12,DRV-SPR-08,Drive sprocket 08,Drive,Augsburg,BY,0,0,0,0,DRV-SPR-08 · Augsburg
2023-09-13,DRV-SPR-08,Drive sprocket 08,Drive,Augsburg,BY,0,0,0,0,DRV-SPR-08 · Augsburg
2023-09-14,DRV-SPR-08,Drive sprocket 08,Drive,Augsburg,BY,0,0,0,2,DRV-SPR-08 · Augsburg
2023-09-15,DRV-SPR-08,Drive sprocket 08,Drive,Augsburg,BY,0,0,0,0,DRV-SPR-08 · Augsburg
2023-09-16,DRV-SPR-08,Drive sprocket 08,Drive,Augsburg,BY,0,0,0,0,DRV-SPR-08 · Augsburg
2023-09-17,DRV-SPR-08,Drive sprocket 08,Drive,Augsburg,BY,0,0,0,0,DRV-SPR-08 · Augsburg
2023-09-18,DRV-SPR-08,Drive sprocket 08,Drive,Augsburg,BY,0,0,0,0,DRV-SPR-08 · Augsburg
2023-09-19,DRV-SPR-08,Drive sprocket 08,Drive,Augsburg,BY,0,0,0,6,DRV-SPR-08 · Augsburg
2023-09-20,DRV-SPR-08,Drive sprocket 08,Drive,Augsburg,BY,0,0,0,0,DRV-SPR-08 · Augsburg
2023-09-21,DRV-SPR-08,Drive sprocket 08,Drive,Augsburg,BY,0,0,0,0,DRV-SPR-08 · Augsburg
2023-09-22,DRV-SPR-08,Drive sprocket 08,Drive,Augsburg,BY,0,0,0,0,DRV-SPR-08 · Augsburg
2023-09-23,DRV-SPR-08,Drive sprocket 08,Drive,Augsburg,BY,0,0,0,1,DRV-SPR-08 · Augsburg
2023-09-24,DRV-SPR-08,Drive sprocket 08,Drive,Augsburg,BY,0,0,0,2,DRV-SPR-08 · Augsburg
2023-09-25,DRV-SPR-08,Drive sprocket 08,Drive,Augsburg,BY,0,0,0,0,DRV-SPR-08 · Augsburg
2023-09-26,DRV-SPR-08,Drive sprocket 08,Drive,Augsburg,BY,0,0,0,0,DRV-SPR-08 · Augsburg
2023-09-27,DRV-SPR-08,Drive sprocket 08,Drive,Augsburg,BY,0,0,0,0,DRV-SPR-08 · Augsburg
2023-09-28,DRV-SPR-08,Drive sprocket 08,Drive,Augsburg,BY,0,0,0,0,DRV-SPR-08 · Augsburg
2023-09-29,DRV-SPR-08,Drive sprocket 08,Drive,Augsburg,BY,0,0,0,0,DRV-SPR-08 · Augsburg
2023-09-30,DRV-SPR-08,Drive sprocket 08,Drive,Augsburg,BY,0,0,0,0,DRV-SPR-08 · Augsburg
2023-10-01,DRV-SPR-08,Drive sprocket 08,Drive,Augsburg,BY,0,0,0,0,DRV-SPR-08 · Augsburg
2023-10-02,DRV-SPR-08,Drive sprocket 08,Drive,Augsburg,BY,0,0,0,0,DRV-SPR-08 · Augsburg
2023-10-03,DRV-SPR-08,Drive sprocket 08,Drive,Augsburg,BY,1,0,0,0,DRV-SPR-08 · Augsburg
2023-10-04,DRV-SPR-08,Drive sprocket 08,Drive,Augsburg,BY,0,0,0,0,DRV-SPR-08 · Augsburg
2023-10-05,DRV-SPR-08,Drive sprocket 08,Drive,Augsburg,BY,0,0,0,0,DRV-SPR-08 · Augsburg
2023-10-06,DRV-SPR-08,Drive sprocket 08,Drive,Augsburg,BY,0,0,0,0,DRV-SPR-08 · Augsburg
2023-10-07,DRV-SPR-08,Drive sprocket 08,Drive,Augsburg,BY,0,0,0,0,DRV-SPR-08 · Augsburg
2023-10-08,DRV-SPR-08,Drive sprocket 08,Drive,Augsburg,BY,0,0,0,0,DRV-SPR-08 · Augsburg
2023-10-09,DRV-SPR-08,Drive sprocket 08,Drive,Augsburg,BY,0,0,0,0,DRV-SPR-08 · Augsburg
2023-10-10,DRV-SPR-08,Drive sprocket 08,Drive,Augsburg,BY,0,0,0,0,DRV-SPR-08 · Augsburg
2023-10-11,DRV-SPR-08,Drive sprocket 08,Drive,Augsburg,BY,0,0,0,0,DRV-SPR-08 · Augsburg
2023-10-12,DRV-SPR-08,Drive sprocket 08,Drive,Augsburg,BY,0,0,0,0,DRV-SPR-08 · Augsburg
2023-10-13,DRV-SPR-08,Drive sprocket 08,Drive,Augsburg,BY,0,0,0,0,DRV-SPR-08 · Augsburg
2023-10-14,DRV-SPR-08,Drive sprocket 08,Drive,Augsburg,BY,0,0,0,0,DRV-SPR-08 · Augsburg
2023-10-15,DRV-SPR-08,Drive sprocket 08,Drive,Augsburg,BY,0,0,0,7,DRV-SPR-08 · Augsburg
2023-10-16,DRV-SPR-08,Drive sprocket 08,Drive,Augsburg,BY,0,0,0,0,DRV-SPR-08 · Augsburg
2023-10-17,DRV-SPR-08,Drive sprocket 08,Drive,Augsburg,BY,0,0,0,3,DRV-SPR-08 · Augsburg
2023-10-18,DRV-SPR-08,Drive sprocket 08,Drive,Augsburg,BY,0,0,0,3,DRV-SPR-08 · Augsburg
2023-10-19,DRV-SPR-08,Drive sprocket 08,Drive,Augsburg,BY,0,0,0,0,DRV-SPR-08 · Augsburg
2023-10-20,DRV-SPR-08,Drive sprocket 08,Drive,Augsburg,BY,0,0,0,3,DRV-SPR-08 · Augsburg
2023-10-21,DRV-SPR-08,Drive sprocket 08,Drive,Augsburg,BY,0,0,0,4,DRV-SPR-08 · Augsburg
2023-10-22,DRV-SPR-08,Drive sprocket 08,Drive,Augsburg,BY,0,0,0,0,DRV-SPR-08 · Augsburg
2023-10-23,DRV-SPR-08,Drive sprocket 08,Drive,Augsburg,BY,0,0,0,0,DRV-SPR-08 · Augsburg
2023-10-24,DRV-SPR-08,Drive sprocket 08,Drive,Augsburg,BY,0,0,0,9,DRV-SPR-08 · Augsburg
2023-10-25,DRV-SPR-08,Drive sprocket 08,Drive,Augsburg,BY,0,0,0,6,DRV-SPR-08 · Augsburg
2023-10-26,DRV-SPR-08,Drive sprocket 08,Drive,Augsburg,BY,0,0,0,0,DRV-SPR-08 · Augsburg
2023-10-27,DRV-SPR-08,Drive sprocket 08,Drive,Augsburg,BY,0,0,0,0,DRV-SPR-08 · Augsburg
2023-10-28,DRV-SPR-08,Drive sprocket 08,Drive,Augsburg,BY,0,0,0,0,DRV-SPR-08 · Augsburg
2023-10-29,DRV-SPR-08,Drive sprocket 08,Drive,Augsburg,BY,0,0,0,0,DRV-SPR-08 · Augsburg
2023-10-30,DRV-SPR-08,Drive sprocket 08,Drive,Augsburg,BY,0,0,0,0,DRV-SPR-08 · Augsburg
2023-10-31,DRV-SPR-08,Drive sprocket 08,Drive,Augsburg,BY,0,0,0,0,DRV-SPR-08 · Augsburg
2023-11-01,DRV-SPR-08,Drive sprocket 08,Drive,Augsburg,BY,1,0,0,0,DRV-SPR-08 · Augsburg
2023-11-02,DRV-SPR-08,Drive sprocket 08,Drive,Augsburg,BY,0,0,0,0,DRV-SPR-08 · Augsburg
2023-11-03,DRV-SPR-08,Drive sprocket 08,Drive,Augsburg,BY,0,0,0,0,DRV-SPR-08 · Augsburg
2023-11-04,DRV-SPR-08,Drive sprocket 08,Drive,Augsburg,BY,0,0,0,0,DRV-SPR-08 · Augsburg
2023-11-05,DRV-SPR-08,Drive sprocket 08,Drive,Augsburg,BY,0,0,0,0,DRV-SPR-08 · Augsburg
2023-11-06,DRV-SPR-08,Drive sprocket 08,Drive,Augsburg,BY,0,0,0,0,DRV-SPR-08 · Augsburg
2023-11-07,DRV-SPR-08,Drive sprocket 08,Drive,Augsburg,BY,0,0,0,3,DRV-SPR-08 · Augsburg
2023-11-08,DRV-SPR-08,Drive sprocket 08,Drive,Augsburg,BY,0,0,0,0,DRV-SPR-08 · Augsburg
2023-11-09,DRV-SPR-08,Drive sprocket 08,Drive,Augsburg,BY,0,0,0,5,DRV-SPR-08 · Augsburg
2023-11-10,DRV-SPR-08,Drive sprocket 08,Drive,Augsburg,BY,0,0,0,0,DRV-SPR-08 · Augsburg
2023-11-11,DRV-SPR-08,Drive sprocket 08,Drive,Augsburg,BY,0,0,0,0,DRV-SPR-08 · Augsburg
2023-11-12,DRV-SPR-08,Drive sprocket 08,Drive,Augsburg,BY,0,0,0,0,DRV-SPR-08 · Augsburg
2023-11-13,DRV-SPR-08,Drive sprocket 08,Drive,Augsburg,BY,0,0,0,3,DRV-SPR-08 · Augsburg
2023-11-14,DRV-SPR-08,Drive sprocket 08,Drive,Augsburg,BY,0,0,0,0,DRV-SPR-08 · Augsburg
2023-11-15,DRV-SPR-08,Drive sprocket 08,Drive,Augsburg,BY,0,0,0,0,DRV-SPR-08 · Augsburg
2023-11-16,DRV-SPR-08,Drive sprocket 08,Drive,Augsburg,BY,0,0,0,0,DRV-SPR-08 · Augsburg
2023-11-17,DRV-SPR-08,Drive sprocket 08,Drive,Augsburg,BY,0,0,0,0,DRV-SPR-08 · Augsburg
2023-11-18,DRV-SPR-08,Drive sprocket 08,Drive,Augsburg,BY,0,0,0,0,DRV-SPR-08 · Augsburg
2023-11-19,DRV-SPR-08,Drive sprocket 08,Drive,Augsburg,BY,0,0,0,0,DRV-SPR-08 · Augsburg
2023-11-20,DRV-SPR-08,Drive sprocket 08,Drive,Augsburg,BY,0,0,0,0,DRV-SPR-08 · Augsburg
2023-11-21,DRV-SPR-08,Drive sprocket 08,Drive,Augsburg,BY,0,0,0,0,DRV-SPR-08 · Augsburg
2023-11-22,DRV-SPR-08,Drive sprocket 08,Drive,Augsburg,BY,0,0,0,6,DRV-SPR-08 · Augsburg
2023-11-23,DRV-SPR-08,Drive sprocket 08,Drive,Augsburg,BY,0,0,0,0,DRV-SPR-08 · Augsburg
2023-11-24,DRV-SPR-08,Drive sprocket 08,Drive,Augsburg,BY,0,0,0,5,DRV-SPR-08 · Augsburg
2023-11-25,DRV-SPR-08,Drive sprocket 08,Drive,Augsburg,BY,0,0,0,0,DRV-SPR-08 · Augsburg
2023-11-26,DRV-SPR-08,Drive sprocket 08,Drive,Augsburg,BY,0,0,0,0,DRV-SPR-08 · Augsburg
2023-11-27,DRV-SPR-08,Drive sprocket 08,Drive,Augsburg,BY,0,0,0,0,DRV-SPR-08 · Augsburg
2023-11-28,DRV-SPR-08,Drive sprocket 08,Drive,Augsburg,BY,0,0,0,0,DRV-SPR-08 · Augsburg
2023-11-29,DRV-SPR-08,Drive sprocket 08,Drive,Augsburg,BY,0,0,0,0,DRV-SPR-08 · Augsburg
2023-11-30,DRV-SPR-08,Drive sprocket 08,Drive,Augsburg,BY,0,0,0,0,DRV-SPR-08 · Augsburg
2023-12-01,DRV-SPR-08,Drive sprocket 08,Drive,Augsburg,BY,0,0,0,12,DRV-SPR-08 · Augsburg
2023-12-02,DRV-SPR-08,Drive sprocket 08,Drive,Augsburg,BY,0,0,0,0,DRV-SPR-08 · Augsburg
2023-12-03,DRV-SPR-08,Drive sprocket 08,Drive,Augsburg,BY,0,0,0,0,DRV-SPR-08 · Augsburg
2023-12-04,DRV-SPR-08,Drive sprocket 08,Drive,Augsburg,BY,0,0,0,0,DRV-SPR-08 · Augsburg
2023-12-05,DRV-SPR-08,Drive sprocket 08,Drive,Augsburg,BY,0,0,0,0,DRV-SPR-08 · Augsburg
2023-12-06,DRV-SPR-08,Drive sprocket 08,Drive,Augsburg,BY,0,0,0,0,DRV-SPR-08 · Augsburg
2023-12-07,DRV-SPR-08,Drive sprocket 08,Drive,Augsburg,BY,0,0,0,0,DRV-SPR-08 · Augsburg
2023-12-08,DRV-SPR-08,Drive sprocket 08,Drive,Augsburg,BY,0,0,0,0,DRV-SPR-08 · Augsburg
2023-12-09,DRV-SPR-08,Drive sprocket 08,Drive,Augsburg,BY,0,0,0,0,DRV-SPR-08 · Augsburg
2023-12-10,DRV-SPR-08,Drive sprocket 08,Drive,Augsburg,BY,0,0,0,0,DRV-SPR-08 · Augsburg
2023-12-11,DRV-SPR-08,Drive sprocket 08,Drive,Augsburg,BY,0,0,0,0,DRV-SPR-08 · Augsburg
2023-12-12,DRV-SPR-08,Drive sprocket 08,Drive,Augsburg,BY,0,0,0,0,DRV-SPR-08 · Augsburg
2023-12-13,DRV-SPR-08,Drive sprocket 08,Drive,Augsburg,BY,0,0,0,0,DRV-SPR-08 · Augsburg
2023-12-14,DRV-SPR-08,Drive sprocket 08,Drive,Augsburg,BY,0,0,0,0,DRV-SPR-08 · Augsburg
2023-12-15,DRV-SPR-08,Drive sprocket 08,Drive,Augsburg,BY,0,0,0,0,DRV-SPR-08 · Augsburg
2023-12-16,DRV-SPR-08,Drive sprocket 08,Drive,Augsburg,BY,0,0,0,0,DRV-SPR-08 · Augsburg
2023-12-17,DRV-SPR-08,Drive sprocket 08,Drive,Augsburg,BY,0,0,0,0,DRV-SPR-08 · Augsburg
2023-12-18,DRV-SPR-08,Drive sprocket 08,Drive,Augsburg,BY,0,0,0,3,DRV-SPR-08 · Augsburg
2023-12-19,DRV-SPR-08,Drive sprocket 08,Drive,Augsburg,BY,0,0,0,4,DRV-SPR-08 · Augsburg
2023-12-20,DRV-SPR-08,Drive sprocket 08,Drive,Augsburg,BY,0,0,0,0,DRV-SPR-08 · Augsburg
2023-12-21,DRV-SPR-08,Drive sprocket 08,Drive,Augsburg,BY,0,0,0,6,DRV-SPR-08 · Augsburg
2023-12-22,DRV-SPR-08,Drive sprocket 08,Drive,Augsburg,BY,0,0,0,1,DRV-SPR-08 · Augsburg
2023-12-23,DRV-SPR-08,Drive sprocket 08,Drive,Augsburg,BY,0,0,0,0,DRV-SPR-08 · Augsburg
2023-12-24,DRV-SPR-08,Drive sprocket 08,Drive,Augsburg,BY,0,1,0,0,DRV-SPR-08 · Augsburg
2023-12-25,DRV-SPR-08,Drive sprocket 08,Drive,Augsburg,BY,1,1,0,1,DRV-SPR-08 · Augsburg
2023-12-26,DRV-SPR-08,Drive sprocket 08,Drive,Augsburg,BY,1,1,0,0,DRV-SPR-08 · Augsburg
2023-12-27,DRV-SPR-08,Drive sprocket 08,Drive,Augsburg,BY,0,1,0,0,DRV-SPR-08 · Augsburg
2023-12-28,DRV-SPR-08,Drive sprocket 08,Drive,Augsburg,BY,0,1,0,0,DRV-SPR-08 · Augsburg
2023-12-29,DRV-SPR-08,Drive sprocket 08,Drive,Augsburg,BY,0,1,0,0,DRV-SPR-08 · Augsburg
2023-12-30,DRV-SPR-08,Drive sprocket 08,Drive,Augsburg,BY,0,1,0,0,DRV-SPR-08 · Augsburg
2023-12-31,DRV-SPR-08,Drive sprocket 08,Drive,Augsburg,BY,0,1,0,0,DRV-SPR-08 · Augsburg
2024-01-01,DRV-SPR-08,Drive sprocket 08,Drive,Augsburg,BY,1,1,0,0,DRV-SPR-08 · Augsburg
2024-01-02,DRV-SPR-08,Drive sprocket 08,Drive,Augsburg,BY,0,1,0,1,DRV-SPR-08 · Augsburg
2024-01-03,DRV-SPR-08,Drive sprocket 08,Drive,Augsburg,BY,0,0,0,0,DRV-SPR-08 · Augsburg
2024-01-04,DRV-SPR-08,Drive sprocket 08,Drive,Augsburg,BY,0,0,0,0,DRV-SPR-08 · Augsburg
2024-01-05,DRV-SPR-08,Drive sprocket 08,Drive,Augsburg,BY,0,0,0,4,DRV-SPR-08 · Augsburg
2024-01-06,DRV-SPR-08,Drive sprocket 08,Drive,Augsburg,BY,1,0,0,0,DRV-SPR-08 · Augsburg
2024-01-07,DRV-SPR-08,Drive sprocket 08,Drive,Augsburg,BY,0,0,0,0,DRV-SPR-08 · Augsburg
2024-01-08,DRV-SPR-08,Drive sprocket 08,Drive,Augsburg,BY,0,0,0,0,DRV-SPR-08 · Augsburg
2024-01-09,DRV-SPR-08,Drive sprocket 08,Drive,Augsburg,BY,0,0,0,0,DRV-SPR-08 · Augsburg
2024-01-10,DRV-SPR-08,Drive sprocket 08,Drive,Augsburg,BY,0,0,0,1,DRV-SPR-08 · Augsburg
2024-01-11,DRV-SPR-08,Drive sprocket 08,Drive,Augsburg,BY,0,0,0,0,DRV-SPR-08 · Augsburg
2024-01-12,DRV-SPR-08,Drive sprocket 08,Drive,Augsburg,BY,0,0,0,0,DRV-SPR-08 · Augsburg
2024-01-13,DRV-SPR-08,Drive sprocket 08,Drive,Augsburg,BY,0,0,0,0,DRV-SPR-08 · Augsburg
2024-01-14,DRV-SPR-08,Drive sprocket 08,Drive,Augsburg,BY,0,0,0,0,DRV-SPR-08 · Augsburg
2024-01-15,DRV-SPR-08,Drive sprocket 08,Drive,Augsburg,BY,0,0,0,0,DRV-SPR-08 · Augsburg
2024-01-16,DRV-SPR-08,Drive sprocket 08,Drive,Augsburg,BY,0,0,0,0,DRV-SPR-08 · Augsburg
2024-01-17,DRV-SPR-08,Drive sprocket 08,Drive,Augsburg,BY,0,0,0,2,DRV-SPR-08 · Augsburg
2024-01-18,DRV-SPR-08,Drive sprocket 08,Drive,Augsburg,BY,0,0,0,14,DRV-SPR-08 · Augsburg
2024-01-19,DRV-SPR-08,Drive sprocket 08,Drive,Augsburg,BY,0,0,0,0,DRV-SPR-08 · Augsburg
2024-01-20,DRV-SPR-08,Drive sprocket 08,Drive,Augsburg,BY,0,0,0,0,DRV-SPR-08 · Augsburg
2024-01-21,DRV-SPR-08,Drive sprocket 08,Drive,Augsburg,BY,0,0,0,0,DRV-SPR-08 · Augsburg
2024-01-22,DRV-SPR-08,Drive sprocket 08,Drive,Augsburg,BY,0,0,0,0,DRV-SPR-08 · Augsburg
2024-01-23,DRV-SPR-08,Drive sprocket 08,Drive,Augsburg,BY,0,0,0,0,DRV-SPR-08 · Augsburg
2024-01-24,DRV-SPR-08,Drive sprocket 08,Drive,Augsburg,BY,0,0,0,0,DRV-SPR-08 · Augsburg
2024-01-25,DRV-SPR-08,Drive sprocket 08,Drive,Augsburg,BY,0,0,0,0,DRV-SPR-08 · Augsburg
2024-01-26,DRV-SPR-08,Drive sprocket 08,Drive,Augsburg,BY,0,0,0,0,DRV-SPR-08 · Augsburg
2024-01-27,DRV-SPR-08,Drive sprocket 08,Drive,Augsburg,BY,0,0,0,0,DRV-SPR-08 · Augsburg
2024-01-28,DRV-SPR-08,Drive sprocket 08,Drive,Augsburg,BY,0,0,0,0,DRV-SPR-08 · Augsburg
2024-01-29,DRV-SPR-08,Drive sprocket 08,Drive,Augsburg,BY,0,0,0,0,DRV-SPR-08 · Augsburg
2024-01-30,DRV-SPR-08,Drive sprocket 08,Drive,Augsburg,BY,0,0,0,8,DRV-SPR-08 · Augsburg
2024-01-31,DRV-SPR-08,Drive sprocket 08,Drive,Augsburg,BY,0,0,0,0,DRV-SPR-08 · Augsburg
2024-02-01,DRV-SPR-08,Drive sprocket 08,Drive,Augsburg,BY,0,0,0,0,DRV-SPR-08 · Augsburg
2024-02-02,DRV-SPR-08,Drive sprocket 08,Drive,Augsburg,BY,0,0,0,0,DRV-SPR-08 · Augsburg
2024-02-03,DRV-SPR-08,Drive sprocket 08,Drive,Augsburg,BY,0,0,0,3,DRV-SPR-08 · Augsburg
2024-02-04,DRV-SPR-08,Drive sprocket 08,Drive,Augsburg,BY,0,0,0,0,DRV-SPR-08 · Augsburg
2024-02-05,DRV-SPR-08,Drive sprocket 08,Drive,Augsburg,BY,0,0,0,8,DRV-SPR-08 · Augsburg
2024-02-06,DRV-SPR-08,Drive sprocket 08,Drive,Augsburg,BY,0,0,0,1,DRV-SPR-08 · Augsburg
2024-02-07,DRV-SPR-08,Drive sprocket 08,Drive,Augsburg,BY,0,0,0,0,DRV-SPR-08 · Augsburg
2024-02-08,DRV-SPR-08,Drive sprocket 08,Drive,Augsburg,BY,0,0,0,0,DRV-SPR-08 · Augsburg
2024-02-09,DRV-SPR-08,Drive sprocket 08,Drive,Augsburg,BY,0,0,0,0,DRV-SPR-08 · Augsburg
2024-02-10,DRV-SPR-08,Drive sprocket 08,Drive,Augsburg,BY,0,0,0,0,DRV-SPR-08 · Augsburg
2024-02-11,DRV-SPR-08,Drive sprocket 08,Drive,Augsburg,BY,0,0,0,0,DRV-SPR-08 · Augsburg
2024-02-12,DRV-SPR-08,Drive sprocket 08,Drive,Augsburg,BY,0,0,0,0,DRV-SPR-08 · Augsburg
2024-02-13,DRV-SPR-08,Drive sprocket 08,Drive,Augsburg,BY,0,0,0,0,DRV-SPR-08 · Augsburg
2024-02-14,DRV-SPR-08,Drive sprocket 08,Drive,Augsburg,BY,0,0,0,0,DRV-SPR-08 · Augsburg
2024-02-15,DRV-SPR-08,Drive sprocket 08,Drive,Augsburg,BY,0,0,0,0,DRV-SPR-08 · Augsburg
2024-02-16,DRV-SPR-08,Drive sprocket 08,Drive,Augsburg,BY,0,0,0,0,DRV-SPR-08 · Augsburg
2024-02-17,DRV-SPR-08,Drive sprocket 08,Drive,Augsburg,BY,0,0,0,8,DRV-SPR-08 · Augsburg
2024-02-18,DRV-SPR-08,Drive sprocket 08,Drive,Augsburg,BY,0,0,0,0,DRV-SPR-08 · Augsburg
2024-02-19,DRV-SPR-08,Drive sprocket 08,Drive,Augsburg,BY,0,0,0,0,DRV-SPR-08 · Augsburg
2024-02-20,DRV-SPR-08,Drive sprocket 08,Drive,Augsburg,BY,0,0,0,0,DRV-SPR-08 · Augsburg
2024-02-21,DRV-SPR-08,Drive sprocket 08,Drive,Augsburg,BY,0,0,0,0,DRV-SPR-08 · Augsburg
2024-02-22,DRV-SPR-08,Drive sprocket 08,Drive,Augsburg,BY,0,0,0,0,DRV-SPR-08 · Augsburg
2024-02-23,DRV-SPR-08,Drive sprocket 08,Drive,Augsburg,BY,0,0,0,0,DRV-SPR-08 · Augsburg
2024-02-24,DRV-SPR-08,Drive sprocket 08,Drive,Augsburg,BY,0,0,0,0,DRV-SPR-08 · Augsburg
2024-02-25,DRV-SPR-08,Drive sprocket 08,Drive,Augsburg,BY,0,0,0,0,DRV-SPR-08 · Augsburg
2024-02-26,DRV-SPR-08,Drive sprocket 08,Drive,Augsburg,BY,0,0,0,0,DRV-SPR-08 · Augsburg
2024-02-27,DRV-SPR-08,Drive sprocket 08,Drive,Augsburg,BY,0,0,0,0,DRV-SPR-08 · Augsburg
2024-02-28,DRV-SPR-08,Drive sprocket 08,Drive,Augsburg,BY,0,0,0,6,DRV-SPR-08 · Augsburg
2024-02-29,DRV-SPR-08,Drive sprocket 08,Drive,Augsburg,BY,0,0,0,0,DRV-SPR-08 · Augsburg
2024-03-01,DRV-SPR-08,Drive sprocket 08,Drive,Augsburg,BY,0,0,1,0,DRV-SPR-08 · Augsburg
2024-03-02,DRV-SPR-08,Drive sprocket 08,Drive,Augsburg,BY,0,0,1,0,DRV-SPR-08 · Augsburg
2024-03-03,DRV-SPR-08,Drive sprocket 08,Drive,Augsburg,BY,0,0,1,0,DRV-SPR-08 · Augsburg
2024-03-04,DRV-SPR-08,Drive sprocket 08,Drive,Augsburg,BY,0,0,1,14,DRV-SPR-08 · Augsburg
2024-03-05,DRV-SPR-08,Drive sprocket 08,Drive,Augsburg,BY,0,0,1,0,DRV-SPR-08 · Augsburg
2024-03-06,DRV-SPR-08,Drive sprocket 08,Drive,Augsburg,BY,0,0,1,0,DRV-SPR-08 · Augsburg
2024-03-07,DRV-SPR-08,Drive sprocket 08,Drive,Augsburg,BY,0,0,1,0,DRV-SPR-08 · Augsburg
2024-03-08,DRV-SPR-08,Drive sprocket 08,Drive,Augsburg,BY,0,0,0,0,DRV-SPR-08 · Augsburg
2024-03-09,DRV-SPR-08,Drive sprocket 08,Drive,Augsburg,BY,0,0,0,0,DRV-SPR-08 · Augsburg
2024-03-10,DRV-SPR-08,Drive sprocket 08,Drive,Augsburg,BY,0,0,0,0,DRV-SPR-08 · Augsburg
2024-03-11,DRV-SPR-08,Drive sprocket 08,Drive,Augsburg,BY,0,0,0,4,DRV-SPR-08 · Augsburg
2024-03-12,DRV-SPR-08,Drive sprocket 08,Drive,Augsburg,BY,0,0,0,0,DRV-SPR-08 · Augsburg
2024-03-13,DRV-SPR-08,Drive sprocket 08,Drive,Augsburg,BY,0,0,0,5,DRV-SPR-08 · Augsburg
2024-03-14,DRV-SPR-08,Drive sprocket 08,Drive,Augsburg,BY,0,0,0,0,DRV-SPR-08 · Augsburg
2024-03-15,DRV-SPR-08,Drive sprocket 08,Drive,Augsburg,BY,0,0,0,0,DRV-SPR-08 · Augsburg
2024-03-16,DRV-SPR-08,Drive sprocket 08,Drive,Augsburg,BY,0,0,0,0,DRV-SPR-08 · Augsburg
2024-03-17,DRV-SPR-08,Drive sprocket 08,Drive,Augsburg,BY,0,0,0,0,DRV-SPR-08 · Augsburg
2024-03-18,DRV-SPR-08,Drive sprocket 08,Drive,Augsburg,BY,0,0,0,0,DRV-SPR-08 · Augsburg
2024-03-19,DRV-SPR-08,Drive sprocket 08,Drive,Augsburg,BY,0,0,0,3,DRV-SPR-08 · Augsburg
2024-03-20,DRV-SPR-08,Drive sprocket 08,Drive,Augsburg,BY,0,0,0,0,DRV-SPR-08 · Augsburg
2024-03-21,DRV-SPR-08,Drive sprocket 08,Drive,Augsburg,BY,0,0,0,0,DRV-SPR-08 · Augsburg
2024-03-22,DRV-SPR-08,Drive sprocket 08,Drive,Augsburg,BY,0,0,0,0,DRV-SPR-08 · Augsburg
2024-03-23,DRV-SPR-08,Drive sprocket 08,Drive,Augsburg,BY,0,0,0,0,DRV-SPR-08 · Augsburg
2024-03-24,DRV-SPR-08,Drive sprocket 08,Drive,Augsburg,BY,0,0,0,0,DRV-SPR-08 · Augsburg
2024-03-25,DRV-SPR-08,Drive sprocket 08,Drive,Augsburg,BY,0,0,0,0,DRV-SPR-08 · Augsburg
2024-03-26,DRV-SPR-08,Drive sprocket 08,Drive,Augsburg,BY,0,0,0,0,DRV-SPR-08 · Augsburg
2024-03-27,DRV-SPR-08,Drive sprocket 08,Drive,Augsburg,BY,0,0,0,0,DRV-SPR-08 · Augsburg
2024-03-28,DRV-SPR-08,Drive sprocket 08,Drive,Augsburg,BY,0,0,0,0,DRV-SPR-08 · Augsburg
2024-03-29,DRV-SPR-08,Drive sprocket 08,Drive,Augsburg,BY,1,0,0,0,DRV-SPR-08 · Augsburg
2024-03-30,DRV-SPR-08,Drive sprocket 08,Drive,Augsburg,BY,0,0,0,0,DRV-SPR-08 · Augsburg
2024-03-31,DRV-SPR-08,Drive sprocket 08,Drive,Augsburg,BY,0,0,0,0,DRV-SPR-08 · Augsburg
2024-04-01,DRV-SPR-08,Drive sprocket 08,Drive,Augsburg,BY,1,0,0,0,DRV-SPR-08 · Augsburg
2024-04-02,DRV-SPR-08,Drive sprocket 08,Drive,Augsburg,BY,0,0,0,0,DRV-SPR-08 · Augsburg
2024-04-03,DRV-SPR-08,Drive sprocket 08,Drive,Augsburg,BY,0,0,0,0,DRV-SPR-08 · Augsburg
2024-04-04,DRV-SPR-08,Drive sprocket 08,Drive,Augsburg,BY,0,0,0,0,DRV-SPR-08 · Augsburg
2024-04-05,DRV-SPR-08,Drive sprocket 08,Drive,Augsburg,BY,0,0,0,0,DRV-SPR-08 · Augsburg
2024-04-06,DRV-SPR-08,Drive sprocket 08,Drive,Augsburg,BY,0,0,0,1,DRV-SPR-08 · Augsburg
2024-04-07,DRV-SPR-08,Drive sprocket 08,Drive,Augsburg,BY,0,0,0,0,DRV-SPR-08 · Augsburg
2024-04-08,DRV-SPR-08,Drive sprocket 08,Drive,Augsburg,BY,0,0,0,0,DRV-SPR-08 · Augsburg
2024-04-09,DRV-SPR-08,Drive sprocket 08,Drive,Augsburg,BY,0,0,0,0,DRV-SPR-08 · Augsburg
2024-04-10,DRV-SPR-08,Drive sprocket 08,Drive,Augsburg,BY,0,0,0,0,DRV-SPR-08 · Augsburg
2024-04-11,DRV-SPR-08,Drive sprocket 08,Drive,Augsburg,BY,0,0,0,9,DRV-SPR-08 · Augsburg
2024-04-12,DRV-SPR-08,Drive sprocket 08,Drive,Augsburg,BY,0,0,0,0,DRV-SPR-08 · Augsburg
2024-04-13,DRV-SPR-08,Drive sprocket 08,Drive,Augsburg,BY,0,0,0,0,DRV-SPR-08 · Augsburg
2024-04-14,DRV-SPR-08,Drive sprocket 08,Drive,Augsburg,BY,0,0,0,0,DRV-SPR-08 · Augsburg
2024-04-15,DRV-SPR-08,Drive sprocket 08,Drive,Augsburg,BY,0,0,0,0,DRV-SPR-08 · Augsburg
2024-04-16,DRV-SPR-08,Drive sprocket 08,Drive,Augsburg,BY,0,0,0,0,DRV-SPR-08 · Augsburg
2024-04-17,DRV-SPR-08,Drive sprocket 08,Drive,Augsburg,BY,0,0,0,0,DRV-SPR-08 · Augsburg
2024-04-18,DRV-SPR-08,Drive sprocket 08,Drive,Augsburg,BY,0,0,0,3,DRV-SPR-08 · Augsburg
2024-04-19,DRV-SPR-08,Drive sprocket 08,Drive,Augsburg,BY,0,0,0,2,DRV-SPR-08 · Augsburg
2024-04-20,DRV-SPR-08,Drive sprocket 08,Drive,Augsburg,BY,0,0,0,0,DRV-SPR-08 · Augsburg
2024-04-21,DRV-SPR-08,Drive sprocket 08,Drive,Augsburg,BY,0,0,0,0,DRV-SPR-08 · Augsburg
2024-04-22,DRV-SPR-08,Drive sprocket 08,Drive,Augsburg,BY,0,0,0,1,DRV-SPR-08 · Augsburg
2024-04-23,DRV-SPR-08,Drive sprocket 08,Drive,Augsburg,BY,0,0,0,0,DRV-SPR-08 · Augsburg
2024-04-24,DRV-SPR-08,Drive sprocket 08,Drive,Augsburg,BY,0,0,0,0,DRV-SPR-08 · Augsburg
2024-04-25,DRV-SPR-08,Drive sprocket 08,Drive,Augsburg,BY,0,0,0,0,DRV-SPR-08 · Augsburg
2024-04-26,DRV-SPR-08,Drive sprocket 08,Drive,Augsburg,BY,0,0,0,0,DRV-SPR-08 · Augsburg
2024-04-27,DRV-SPR-08,Drive sprocket 08,Drive,Augsburg,BY,0,0,0,0,DRV-SPR-08 · Augsburg
2024-04-28,DRV-SPR-08,Drive sprocket 08,Drive,Augsburg,BY,0,0,0,0,DRV-SPR-08 · Augsburg
2024-04-29,DRV-SPR-08,Drive sprocket 08,Drive,Augsburg,BY,0,0,0,0,DRV-SPR-08 · Augsburg
2024-04-30,DRV-SPR-08,Drive sprocket 08,Drive,Augsburg,BY,0,0,0,0,DRV-SPR-08 · Augsburg
2024-05-01,DRV-SPR-08,Drive sprocket 08,Drive,Augsburg,BY,1,0,0,0,DRV-SPR-08 · Augsburg
2024-05-02,DRV-SPR-08,Drive sprocket 08,Drive,Augsburg,BY,0,0,0,0,DRV-SPR-08 · Augsburg
2024-05-03,DRV-SPR-08,Drive sprocket 08,Drive,Augsburg,BY,0,0,0,0,DRV-SPR-08 · Augsburg
2024-05-04,DRV-SPR-08,Drive sprocket 08,Drive,Augsburg,BY,0,0,0,0,DRV-SPR-08 · Augsburg
2024-05-05,DRV-SPR-08,Drive sprocket 08,Drive,Augsburg,BY,0,0,0,0,DRV-SPR-08 · Augsburg
2024-05-06,DRV-SPR-08,Drive sprocket 08,Drive,Augsburg,BY,0,0,0,0,DRV-SPR-08 · Augsburg
2024-05-07,DRV-SPR-08,Drive sprocket 08,Drive,Augsburg,BY,0,0,0,0,DRV-SPR-08 · Augsburg
2024-05-08,DRV-SPR-08,Drive sprocket 08,Drive,Augsburg,BY,0,0,0,0,DRV-SPR-08 · Augsburg
2024-05-09,DRV-SPR-08,Drive sprocket 08,Drive,Augsburg,BY,1,0,0,2,DRV-SPR-08 · Augsburg
2024-05-10,DRV-SPR-08,Drive sprocket 08,Drive,Augsburg,BY,0,0,0,7,DRV-SPR-08 · Augsburg
2024-05-11,DRV-SPR-08,Drive sprocket 08,Drive,Augsburg,BY,0,0,0,0,DRV-SPR-08 · Augsburg
2024-05-12,DRV-SPR-08,Drive sprocket 08,Drive,Augsburg,BY,0,0,0,0,DRV-SPR-08 · Augsburg
2024-05-13,DRV-SPR-08,Drive sprocket 08,Drive,Augsburg,BY,0,0,0,0,DRV-SPR-08 · Augsburg
2024-05-14,DRV-SPR-08,Drive sprocket 08,Drive,Augsburg,BY,0,0,0,1,DRV-SPR-08 · Augsburg
2024-05-15,DRV-SPR-08,Drive sprocket 08,Drive,Augsburg,BY,0,0,0,0,DRV-SPR-08 · Augsburg
2024-05-16,DRV-SPR-08,Drive sprocket 08,Drive,Augsburg,BY,0,0,0,0,DRV-SPR-08 · Augsburg
2024-05-17,DRV-SPR-08,Drive sprocket 08,Drive,Augsburg,BY,0,0,0,0,DRV-SPR-08 · Augsburg
2024-05-18,DRV-SPR-08,Drive sprocket 08,Drive,Augsburg,BY,0,0,0,0,DRV-SPR-08 · Augsburg
2024-05-19,DRV-SPR-08,Drive sprocket 08,Drive,Augsburg,BY,0,0,0,0,DRV-SPR-08 · Augsburg
2024-05-20,DRV-SPR-08,Drive sprocket 08,Drive,Augsburg,BY,1,0,0,0,DRV-SPR-08 · Augsburg
2024-05-21,DRV-SPR-08,Drive sprocket 08,Drive,Augsburg,BY,0,0,0,0,DRV-SPR-08 · Augsburg
2024-05-22,DRV-SPR-08,Drive sprocket 08,Drive,Augsburg,BY,0,0,0,0,DRV-SPR-08 · Augsburg
2024-05-23,DRV-SPR-08,Drive sprocket 08,Drive,Augsburg,BY,0,0,0,0,DRV-SPR-08 · Augsburg
2024-05-24,DRV-SPR-08,Drive sprocket 08,Drive,Augsburg,BY,0,0,0,0,DRV-SPR-08 · Augsburg
2024-05-25,DRV-SPR-08,Drive sprocket 08,Drive,Augsburg,BY,0,0,0,0,DRV-SPR-08 · Augsburg
2024-05-26,DRV-SPR-08,Drive sprocket 08,Drive,Augsburg,BY,0,0,0,0,DRV-SPR-08 · Augsburg
2024-05-27,DRV-SPR-08,Drive sprocket 08,Drive,Augsburg,BY,0,0,0,0,DRV-SPR-08 · Augsburg
2024-05-28,DRV-SPR-08,Drive sprocket 08,Drive,Augsburg,BY,0,0,0,0,DRV-SPR-08 · Augsburg
2024-05-29,DRV-SPR-08,Drive sprocket 08,Drive,Augsburg,BY,0,0,0,0,DRV-SPR-08 · Augsburg
2024-05-30,DRV-SPR-08,Drive sprocket 08,Drive,Augsburg,BY,1,0,0,0,DRV-SPR-08 · Augsburg
2024-05-31,DRV-SPR-08,Drive sprocket 08,Drive,Augsburg,BY,0,0,0,0,DRV-SPR-08 · Augsburg
2024-06-01,DRV-SPR-08,Drive sprocket 08,Drive,Augsburg,BY,0,0,0,0,DRV-SPR-08 · Augsburg
2024-06-02,DRV-SPR-08,Drive sprocket 08,Drive,Augsburg,BY,0,0,0,2,DRV-SPR-08 · Augsburg
2024-06-03,DRV-SPR-08,Drive sprocket 08,Drive,Augsburg,BY,0,0,0,0,DRV-SPR-08 · Augsburg
2024-06-04,DRV-SPR-08,Drive sprocket 08,Drive,Augsburg,BY,0,0,0,0,DRV-SPR-08 · Augsburg
2024-06-05,DRV-SPR-08,Drive sprocket 08,Drive,Augsburg,BY,0,0,0,0,DRV-SPR-08 · Augsburg
2024-06-06,DRV-SPR-08,Drive sprocket 08,Drive,Augsburg,BY,0,0,0,0,DRV-SPR-08 · Augsburg
2024-06-07,DRV-SPR-08,Drive sprocket 08,Drive,Augsburg,BY,0,0,0,0,DRV-SPR-08 · Augsburg
2024-06-08,DRV-SPR-08,Drive sprocket 08,Drive,Augsburg,BY,0,0,0,13,DRV-SPR-08 · Augsburg
2024-06-09,DRV-SPR-08,Drive sprocket 08,Drive,Augsburg,BY,0,0,0,0,DRV-SPR-08 · Augsburg
2024-06-10,DRV-SPR-08,Drive sprocket 08,Drive,Augsburg,BY,0,0,0,10,DRV-SPR-08 · Augsburg
2024-06-11,DRV-SPR-08,Drive sprocket 08,Drive,Augsburg,BY,0,0,0,0,DRV-SPR-08 · Augsburg
2024-06-12,DRV-SPR-08,Drive sprocket 08,Drive,Augsburg,BY,0,0,0,0,DRV-SPR-08 · Augsburg
2024-06-13,DRV-SPR-08,Drive sprocket 08,Drive,Augsburg,BY,0,0,0,0,DRV-SPR-08 · Augsburg
2024-06-14,DRV-SPR-08,Drive sprocket 08,Drive,Augsburg,BY,0,0,0,0,DRV-SPR-08 · Augsburg
2024-06-15,DRV-SPR-08,Drive sprocket 08,Drive,Augsburg,BY,0,0,0,0,DRV-SPR-08 · Augsburg
2024-06-16,DRV-SPR-08,Drive sprocket 08,Drive,Augsburg,BY,0,0,0,0,DRV-SPR-08 · Augsburg
2024-06-17,DRV-SPR-08,Drive sprocket 08,Drive,Augsburg,BY,0,0,0,4,DRV-SPR-08 · Augsburg
2024-06-18,DRV-SPR-08,Drive sprocket 08,Drive,Augsburg,BY,0,0,0,0,DRV-SPR-08 · Augsburg
2024-06-19,DRV-SPR-08,Drive sprocket 08,Drive,Augsburg,BY,0,0,0,0,DRV-SPR-08 · Augsburg
2024-06-20,DRV-SPR-08,Drive sprocket 08,Drive,Augsburg,BY,0,0,0,0,DRV-SPR-08 · Augsburg
2024-06-21,DRV-SPR-08,Drive sprocket 08,Drive,Augsburg,BY,0,0,0,1,DRV-SPR-08 · Augsburg
2024-06-22,DRV-SPR-08,Drive sprocket 08,Drive,Augsburg,BY,0,0,0,6,DRV-SPR-08 · Augsburg
2024-06-23,DRV-SPR-08,Drive sprocket 08,Drive,Augsburg,BY,0,0,0,0,DRV-SPR-08 · Augsburg
2024-06-24,DRV-SPR-08,Drive sprocket 08,Drive,Augsburg,BY,0,0,0,0,DRV-SPR-08 · Augsburg
2024-06-25,DRV-SPR-08,Drive sprocket 08,Drive,Augsburg,BY,0,0,0,0,DRV-SPR-08 · Augsburg
2024-06-26,DRV-SPR-08,Drive sprocket 08,Drive,Augsburg,BY,0,0,0,0,DRV-SPR-08 · Augsburg
2024-06-27,DRV-SPR-08,Drive sprocket 08,Drive,Augsburg,BY,0,0,0,0,DRV-SPR-08 · Augsburg
2024-06-28,DRV-SPR-08,Drive sprocket 08,Drive,Augsburg,BY,0,0,0,0,DRV-SPR-08 · Augsburg
2024-06-29,DRV-SPR-08,Drive sprocket 08,Drive,Augsburg,BY,0,0,0,0,DRV-SPR-08 · Augsburg
2024-06-30,DRV-SPR-08,Drive sprocket 08,Drive,Augsburg,BY,0,0,0,0,DRV-SPR-08 · Augsburg
2024-07-01,DRV-SPR-08,Drive sprocket 08,Drive,Augsburg,BY,0,0,0,0,DRV-SPR-08 · Augsburg
2024-07-02,DRV-SPR-08,Drive sprocket 08,Drive,Augsburg,BY,0,0,0,0,DRV-SPR-08 · Augsburg
2024-07-03,DRV-SPR-08,Drive sprocket 08,Drive,Augsburg,BY,0,0,0,0,DRV-SPR-08 · Augsburg
2024-07-04,DRV-SPR-08,Drive sprocket 08,Drive,Augsburg,BY,0,0,0,0,DRV-SPR-08 · Augsburg
2024-07-05,DRV-SPR-08,Drive sprocket 08,Drive,Augsburg,BY,0,0,0,0,DRV-SPR-08 · Augsburg
2024-07-06,DRV-SPR-08,Drive sprocket 08,Drive,Augsburg,BY,0,0,0,0,DRV-SPR-08 · Augsburg
2024-07-07,DRV-SPR-08,Drive sprocket 08,Drive,Augsburg,BY,0,0,0,0,DRV-SPR-08 · Augsburg
2024-07-08,DRV-SPR-08,Drive sprocket 08,Drive,Augsburg,BY,0,0,0,0,DRV-SPR-08 · Augsburg
2024-07-09,DRV-SPR-08,Drive sprocket 08,Drive,Augsburg,BY,0,0,0,0,DRV-SPR-08 · Augsburg
2024-07-10,DRV-SPR-08,Drive sprocket 08,Drive,Augsburg,BY,0,0,0,0,DRV-SPR-08 · Augsburg
2024-07-11,DRV-SPR-08,Drive sprocket 08,Drive,Augsburg,BY,0,0,0,0,DRV-SPR-08 · Augsburg
2024-07-12,DRV-SPR-08,Drive sprocket 08,Drive,Augsburg,BY,0,0,0,0,DRV-SPR-08 · Augsburg
2024-07-13,DRV-SPR-08,Drive sprocket 08,Drive,Augsburg,BY,0,0,0,9,DRV-SPR-08 · Augsburg
2024-07-14,DRV-SPR-08,Drive sprocket 08,Drive,Augsburg,BY,0,0,0,0,DRV-SPR-08 · Augsburg
2024-07-15,DRV-SPR-08,Drive sprocket 08,Drive,Augsburg,BY,0,0,0,0,DRV-SPR-08 · Augsburg
2024-07-16,DRV-SPR-08,Drive sprocket 08,Drive,Augsburg,BY,0,0,0,0,DRV-SPR-08 · Augsburg
2024-07-17,DRV-SPR-08,Drive sprocket 08,Drive,Augsburg,BY,0,0,0,1,DRV-SPR-08 · Augsburg
2024-07-18,DRV-SPR-08,Drive sprocket 08,Drive,Augsburg,BY,0,0,0,1,DRV-SPR-08 · Augsburg
2024-07-19,DRV-SPR-08,Drive sprocket 08,Drive,Augsburg,BY,0,0,0,0,DRV-SPR-08 · Augsburg
2024-07-20,DRV-SPR-08,Drive sprocket 08,Drive,Augsburg,BY,0,0,0,0,DRV-SPR-08 · Augsburg
2024-07-21,DRV-SPR-08,Drive sprocket 08,Drive,Augsburg,BY,0,0,0,0,DRV-SPR-08 · Augsburg
2024-07-22,DRV-SPR-08,Drive sprocket 08,Drive,Augsburg,BY,0,0,0,3,DRV-SPR-08 · Augsburg
2024-07-23,DRV-SPR-08,Drive sprocket 08,Drive,Augsburg,BY,0,0,0,0,DRV-SPR-08 · Augsburg
2024-07-24,DRV-SPR-08,Drive sprocket 08,Drive,Augsburg,BY,0,0,0,0,DRV-SPR-08 · Augsburg
2024-07-25,DRV-SPR-08,Drive sprocket 08,Drive,Augsburg,BY,0,0,0,0,DRV-SPR-08 · Augsburg
2024-07-26,DRV-SPR-08,Drive sprocket 08,Drive,Augsburg,BY,0,0,0,0,DRV-SPR-08 · Augsburg
2024-07-27,DRV-SPR-08,Drive sprocket 08,Drive,Augsburg,BY,0,0,0,0,DRV-SPR-08 · Augsburg
2024-07-28,DRV-SPR-08,Drive sprocket 08,Drive,Augsburg,BY,0,0,0,5,DRV-SPR-08 · Augsburg
2024-07-29,DRV-SPR-08,Drive sprocket 08,Drive,Augsburg,BY,0,0,0,0,DRV-SPR-08 · Augsburg
2024-07-30,DRV-SPR-08,Drive sprocket 08,Drive,Augsburg,BY,0,0,0,0,DRV-SPR-08 · Augsburg
2024-07-31,DRV-SPR-08,Drive sprocket 08,Drive,Augsburg,BY,0,0,0,0,DRV-SPR-08 · Augsburg
2024-08-01,DRV-SPR-08,Drive sprocket 08,Drive,Augsburg,BY,0,0,0,0,DRV-SPR-08 · Augsburg
2024-08-02,DRV-SPR-08,Drive sprocket 08,Drive,Augsburg,BY,0,0,0,0,DRV-SPR-08 · Augsburg
2024-08-03,DRV-SPR-08,Drive sprocket 08,Drive,Augsburg,BY,0,0,0,0,DRV-SPR-08 · Augsburg
2024-08-04,DRV-SPR-08,Drive sprocket 08,Drive,Augsburg,BY,0,0,0,0,DRV-SPR-08 · Augsburg
2024-08-05,DRV-SPR-08,Drive sprocket 08,Drive,Augsburg,BY,0,1,0,0,DRV-SPR-08 · Augsburg
2024-08-06,DRV-SPR-08,Drive sprocket 08,Drive,Augsburg,BY,0,1,0,2,DRV-SPR-08 · Augsburg
2024-08-07,DRV-SPR-08,Drive sprocket 08,Drive,Augsburg,BY,0,1,0,0,DRV-SPR-08 · Augsburg
2024-08-08,DRV-SPR-08,Drive sprocket 08,Drive,Augsburg,BY,0,1,0,0,DRV-SPR-08 · Augsburg
2024-08-09,DRV-SPR-08,Drive sprocket 08,Drive,Augsburg,BY,0,1,0,0,DRV-SPR-08 · Augsburg
2024-08-10,DRV-SPR-08,Drive sprocket 08,Drive,Augsburg,BY,0,1,0,0,DRV-SPR-08 · Augsburg
2024-08-11,DRV-SPR-08,Drive sprocket 08,Drive,Augsburg,BY,0,1,0,0,DRV-SPR-08 · Augsburg
2024-08-12,DRV-SPR-08,Drive sprocket 08,Drive,Augsburg,BY,0,1,0,0,DRV-SPR-08 · Augsburg
2024-08-13,DRV-SPR-08,Drive sprocket 08,Drive,Augsburg,BY,0,1,0,0,DRV-SPR-08 · Augsburg
2024-08-14,DRV-SPR-08,Drive sprocket 08,Drive,Augsburg,BY,0,1,0,4,DRV-SPR-08 · Augsburg
2024-08-15,DRV-SPR-08,Drive sprocket 08,Drive,Augsburg,BY,0,1,0,0,DRV-SPR-08 · Augsburg
2024-08-16,DRV-SPR-08,Drive sprocket 08,Drive,Augsburg,BY,0,1,0,0,DRV-SPR-08 · Augsburg
2024-08-17,DRV-SPR-08,Drive sprocket 08,Drive,Augsburg,BY,0,1,0,0,DRV-SPR-08 · Augsburg
2024-08-18,DRV-SPR-08,Drive sprocket 08,Drive,Augsburg,BY,0,1,0,0,DRV-SPR-08 · Augsburg
2024-08-19,DRV-SPR-08,Drive sprocket 08,Drive,Augsburg,BY,0,0,0,0,DRV-SPR-08 · Augsburg
2024-08-20,DRV-SPR-08,Drive sprocket 08,Drive,Augsburg,BY,0,0,0,0,DRV-SPR-08 · Augsburg
2024-08-21,DRV-SPR-08,Drive sprocket 08,Drive,Augsburg,BY,0,0,0,0,DRV-SPR-08 · Augsburg
2024-08-22,DRV-SPR-08,Drive sprocket 08,Drive,Augsburg,BY,0,0,0,0,DRV-SPR-08 · Augsburg
2024-08-23,DRV-SPR-08,Drive sprocket 08,Drive,Augsburg,BY,0,0,0,0,DRV-SPR-08 · Augsburg
2024-08-24,DRV-SPR-08,Drive sprocket 08,Drive,Augsburg,BY,0,0,0,0,DRV-SPR-08 · Augsburg
2024-08-25,DRV-SPR-08,Drive sprocket 08,Drive,Augsburg,BY,0,0,0,3,DRV-SPR-08 · Augsburg
2024-08-26,DRV-SPR-08,Drive sprocket 08,Drive,Augsburg,BY,0,0,0,0,DRV-SPR-08 · Augsburg
2024-08-27,DRV-SPR-08,Drive sprocket 08,Drive,Augsburg,BY,0,0,0,0,DRV-SPR-08 · Augsburg
2024-08-28,DRV-SPR-08,Drive sprocket 08,Drive,Augsburg,BY,0,0,0,13,DRV-SPR-08 · Augsburg
2024-08-29,DRV-SPR-08,Drive sprocket 08,Drive,Augsburg,BY,0,0,0,2,DRV-SPR-08 · Augsburg
2024-08-30,DRV-SPR-08,Drive sprocket 08,Drive,Augsburg,BY,0,0,0,0,DRV-SPR-08 · Augsburg
2024-08-31,DRV-SPR-08,Drive sprocket 08,Drive,Augsburg,BY,0,0,0,0,DRV-SPR-08 · Augsburg
2024-09-01,DRV-SPR-08,Drive sprocket 08,Drive,Augsburg,BY,0,0,1,0,DRV-SPR-08 · Augsburg
2024-09-02,DRV-SPR-08,Drive sprocket 08,Drive,Augsburg,BY,0,0,1,0,DRV-SPR-08 · Augsburg
2024-09-03,DRV-SPR-08,Drive sprocket 08,Drive,Augsburg,BY,0,0,1,2,DRV-SPR-08 · Augsburg
2024-09-04,DRV-SPR-08,Drive sprocket 08,Drive,Augsburg,BY,0,0,1,0,DRV-SPR-08 · Augsburg
2024-09-05,DRV-SPR-08,Drive sprocket 08,Drive,Augsburg,BY,0,0,1,0,DRV-SPR-08 · Augsburg
2024-09-06,DRV-SPR-08,Drive sprocket 08,Drive,Augsburg,BY,0,0,1,0,DRV-SPR-08 · Augsburg
2024-09-07,DRV-SPR-08,Drive sprocket 08,Drive,Augsburg,BY,0,0,1,0,DRV-SPR-08 · Augsburg
2024-09-08,DRV-SPR-08,Drive sprocket 08,Drive,Augsburg,BY,0,0,0,0,DRV-SPR-08 · Augsburg
2024-09-09,DRV-SPR-08,Drive sprocket 08,Drive,Augsburg,BY,0,0,0,0,DRV-SPR-08 · Augsburg
2024-09-10,DRV-SPR-08,Drive sprocket 08,Drive,Augsburg,BY,0,0,0,0,DRV-SPR-08 · Augsburg
2024-09-11,DRV-SPR-08,Drive sprocket 08,Drive,Augsburg,BY,0,0,0,8,DRV-SPR-08 · Augsburg
2024-09-12,DRV-SPR-08,Drive sprocket 08,Drive,Augsburg,BY,0,0,0,0,DRV-SPR-08 · Augsburg
2024-09-13,DRV-SPR-08,Drive sprocket 08,Drive,Augsburg,BY,0,0,0,0,DRV-SPR-08 · Augsburg
2024-09-14,DRV-SPR-08,Drive sprocket 08,Drive,Augsburg,BY,0,0,0,0,DRV-SPR-08 · Augsburg
2024-09-15,DRV-SPR-08,Drive sprocket 08,Drive,Augsburg,BY,0,0,0,0,DRV-SPR-08 · Augsburg
2024-09-16,DRV-SPR-08,Drive sprocket 08,Drive,Augsburg,BY,0,0,0,0,DRV-SPR-08 · Augsburg
2024-09-17,DRV-SPR-08,Drive sprocket 08,Drive,Augsburg,BY,0,0,0,0,DRV-SPR-08 · Augsburg
2024-09-18,DRV-SPR-08,Drive sprocket 08,Drive,Augsburg,BY,0,0,0,3,DRV-SPR-08 · Augsburg
2024-09-19,DRV-SPR-08,Drive sprocket 08,Drive,Augsburg,BY,0,0,0,0,DRV-SPR-08 · Augsburg
2024-09-20,DRV-SPR-08,Drive sprocket 08,Drive,Augsburg,BY,0,0,0,3,DRV-SPR-08 · Augsburg
2024-09-21,DRV-SPR-08,Drive sprocket 08,Drive,Augsburg,BY,0,0,0,0,DRV-SPR-08 · Augsburg
2024-09-22,DRV-SPR-08,Drive sprocket 08,Drive,Augsburg,BY,0,0,0,0,DRV-SPR-08 · Augsburg
2024-09-23,DRV-SPR-08,Drive sprocket 08,Drive,Augsburg,BY,0,0,0,7,DRV-SPR-08 · Augsburg
2024-09-24,DRV-SPR-08,Drive sprocket 08,Drive,Augsburg,BY,0,0,0,0,DRV-SPR-08 · Augsburg
2024-09-25,DRV-SPR-08,Drive sprocket 08,Drive,Augsburg,BY,0,0,0,0,DRV-SPR-08 · Augsburg
2024-09-26,DRV-SPR-08,Drive sprocket 08,Drive,Augsburg,BY,0,0,0,0,DRV-SPR-08 · Augsburg
2024-09-27,DRV-SPR-08,Drive sprocket 08,Drive,Augsburg,BY,0,0,0,0,DRV-SPR-08 · Augsburg
2024-09-28,DRV-SPR-08,Drive sprocket 08,Drive,Augsburg,BY,0,0,0,0,DRV-SPR-08 · Augsburg
2024-09-29,DRV-SPR-08,Drive sprocket 08,Drive,Augsburg,BY,0,0,0,0,DRV-SPR-08 · Augsburg
2024-09-30,DRV-SPR-08,Drive sprocket 08,Drive,Augsburg,BY,0,0,0,0,DRV-SPR-08 · Augsburg
2024-10-01,DRV-SPR-08,Drive sprocket 08,Drive,Augsburg,BY,0,0,0,0,DRV-SPR-08 · Augsburg
2024-10-02,DRV-SPR-08,Drive sprocket 08,Drive,Augsburg,BY,0,0,0,0,DRV-SPR-08 · Augsburg
2024-10-03,DRV-SPR-08,Drive sprocket 08,Drive,Augsburg,BY,1,0,0,0,DRV-SPR-08 · Augsburg
2024-10-04,DRV-SPR-08,Drive sprocket 08,Drive,Augsburg,BY,0,0,0,0,DRV-SPR-08 · Augsburg
2024-10-05,DRV-SPR-08,Drive sprocket 08,Drive,Augsburg,BY,0,0,0,3,DRV-SPR-08 · Augsburg
2024-10-06,DRV-SPR-08,Drive sprocket 08,Drive,Augsburg,BY,0,0,0,0,DRV-SPR-08 · Augsburg
2024-10-07,DRV-SPR-08,Drive sprocket 08,Drive,Augsburg,BY,0,0,0,0,DRV-SPR-08 · Augsburg
2024-10-08,DRV-SPR-08,Drive sprocket 08,Drive,Augsburg,BY,0,0,0,0,DRV-SPR-08 · Augsburg
2024-10-09,DRV-SPR-08,Drive sprocket 08,Drive,Augsburg,BY,0,0,0,0,DRV-SPR-08 · Augsburg
2024-10-10,DRV-SPR-08,Drive sprocket 08,Drive,Augsburg,BY,0,0,0,0,DRV-SPR-08 · Augsburg
2024-10-11,DRV-SPR-08,Drive sprocket 08,Drive,Augsburg,BY,0,0,0,3,DRV-SPR-08 · Augsburg
2024-10-12,DRV-SPR-08,Drive sprocket 08,Drive,Augsburg,BY,0,0,0,0,DRV-SPR-08 · Augsburg
2024-10-13,DRV-SPR-08,Drive sprocket 08,Drive,Augsburg,BY,0,0,0,0,DRV-SPR-08 · Augsburg
2024-10-14,DRV-SPR-08,Drive sprocket 08,Drive,Augsburg,BY,0,0,0,0,DRV-SPR-08 · Augsburg
2024-10-15,DRV-SPR-08,Drive sprocket 08,Drive,Augsburg,BY,0,0,0,0,DRV-SPR-08 · Augsburg
2024-10-16,DRV-SPR-08,Drive sprocket 08,Drive,Augsburg,BY,0,0,0,0,DRV-SPR-08 · Augsburg
2024-10-17,DRV-SPR-08,Drive sprocket 08,Drive,Augsburg,BY,0,0,0,0,DRV-SPR-08 · Augsburg
2024-10-18,DRV-SPR-08,Drive sprocket 08,Drive,Augsburg,BY,0,0,0,0,DRV-SPR-08 · Augsburg
2024-10-19,DRV-SPR-08,Drive sprocket 08,Drive,Augsburg,BY,0,0,0,3,DRV-SPR-08 · Augsburg
2024-10-20,DRV-SPR-08,Drive sprocket 08,Drive,Augsburg,BY,0,0,0,0,DRV-SPR-08 · Augsburg
2024-10-21,DRV-SPR-08,Drive sprocket 08,Drive,Augsburg,BY,0,0,0,0,DRV-SPR-08 · Augsburg
2024-10-22,DRV-SPR-08,Drive sprocket 08,Drive,Augsburg,BY,0,0,0,0,DRV-SPR-08 · Augsburg
2024-10-23,DRV-SPR-08,Drive sprocket 08,Drive,Augsburg,BY,0,0,0,0,DRV-SPR-08 · Augsburg
2024-10-24,DRV-SPR-08,Drive sprocket 08,Drive,Augsburg,BY,0,0,0,0,DRV-SPR-08 · Augsburg
2024-10-25,DRV-SPR-08,Drive sprocket 08,Drive,Augsburg,BY,0,0,0,0,DRV-SPR-08 · Augsburg
2024-10-26,DRV-SPR-08,Drive sprocket 08,Drive,Augsburg,BY,0,0,0,0,DRV-SPR-08 · Augsburg
2024-10-27,DRV-SPR-08,Drive sprocket 08,Drive,Augsburg,BY,0,0,0,0,DRV-SPR-08 · Augsburg
2024-10-28,DRV-SPR-08,Drive sprocket 08,Drive,Augsburg,BY,0,0,0,0,DRV-SPR-08 · Augsburg
2024-10-29,DRV-SPR-08,Drive sprocket 08,Drive,Augsburg,BY,0,0,0,0,DRV-SPR-08 · Augsburg
2024-10-30,DRV-SPR-08,Drive sprocket 08,Drive,Augsburg,BY,0,0,0,0,DRV-SPR-08 · Augsburg
2024-10-31,DRV-SPR-08,Drive sprocket 08,Drive,Augsburg,BY,0,0,0,0,DRV-SPR-08 · Augsburg
2024-11-01,DRV-SPR-08,Drive sprocket 08,Drive,Augsburg,BY,1,0,0,0,DRV-SPR-08 · Augsburg
2024-11-02,DRV-SPR-08,Drive sprocket 08,Drive,Augsburg,BY,0,0,0,0,DRV-SPR-08 · Augsburg
2024-11-03,DRV-SPR-08,Drive sprocket 08,Drive,Augsburg,BY,0,0,0,0,DRV-SPR-08 · Augsburg
2024-11-04,DRV-SPR-08,Drive sprocket 08,Drive,Augsburg,BY,0,0,0,0,DRV-SPR-08 · Augsburg
2024-11-05,DRV-SPR-08,Drive sprocket 08,Drive,Augsburg,BY,0,0,0,0,DRV-SPR-08 · Augsburg
2024-11-06,DRV-SPR-08,Drive sprocket 08,Drive,Augsburg,BY,0,0,0,0,DRV-SPR-08 · Augsburg
2024-11-07,DRV-SPR-08,Drive sprocket 08,Drive,Augsburg,BY,0,0,0,0,DRV-SPR-08 · Augsburg
2024-11-08,DRV-SPR-08,Drive sprocket 08,Drive,Augsburg,BY,0,0,0,0,DRV-SPR-08 · Augsburg
2024-11-09,DRV-SPR-08,Drive sprocket 08,Drive,Augsburg,BY,0,0,0,0,DRV-SPR-08 · Augsburg
2024-11-10,DRV-SPR-08,Drive sprocket 08,Drive,Augsburg,BY,0,0,0,0,DRV-SPR-08 · Augsburg
2024-11-11,DRV-SPR-08,Drive sprocket 08,Drive,Augsburg,BY,0,0,0,0,DRV-SPR-08 · Augsburg
2024-11-12,DRV-SPR-08,Drive sprocket 08,Drive,Augsburg,BY,0,0,0,4,DRV-SPR-08 · Augsburg
2024-11-13,DRV-SPR-08,Drive sprocket 08,Drive,Augsburg,BY,0,0,0,0,DRV-SPR-08 · Augsburg
2024-11-14,DRV-SPR-08,Drive sprocket 08,Drive,Augsburg,BY,0,0,0,0,DRV-SPR-08 · Augsburg
2024-11-15,DRV-SPR-08,Drive sprocket 08,Drive,Augsburg,BY,0,0,0,0,DRV-SPR-08 · Augsburg
2024-11-16,DRV-SPR-08,Drive sprocket 08,Drive,Augsburg,BY,0,0,0,0,DRV-SPR-08 · Augsburg
2024-11-17,DRV-SPR-08,Drive sprocket 08,Drive,Augsburg,BY,0,0,0,0,DRV-SPR-08 · Augsburg
2024-11-18,DRV-SPR-08,Drive sprocket 08,Drive,Augsburg,BY,0,0,0,2,DRV-SPR-08 · Augsburg
2024-11-19,DRV-SPR-08,Drive sprocket 08,Drive,Augsburg,BY,0,0,0,0,DRV-SPR-08 · Augsburg
2024-11-20,DRV-SPR-08,Drive sprocket 08,Drive,Augsburg,BY,0,0,0,0,DRV-SPR-08 · Augsburg
2024-11-21,DRV-SPR-08,Drive sprocket 08,Drive,Augsburg,BY,0,0,0,0,DRV-SPR-08 · Augsburg
2024-11-22,DRV-SPR-08,Drive sprocket 08,Drive,Augsburg,BY,0,0,0,0,DRV-SPR-08 · Augsburg
2024-11-23,DRV-SPR-08,Drive sprocket 08,Drive,Augsburg,BY,0,0,0,0,DRV-SPR-08 · Augsburg
2024-11-24,DRV-SPR-08,Drive sprocket 08,Drive,Augsburg,BY,0,0,0,0,DRV-SPR-08 · Augsburg
2024-11-25,DRV-SPR-08,Drive sprocket 08,Drive,Augsburg,BY,0,0,0,0,DRV-SPR-08 · Augsburg
2024-11-26,DRV-SPR-08,Drive sprocket 08,Drive,Augsburg,BY,0,0,0,0,DRV-SPR-08 · Augsburg
2024-11-27,DRV-SPR-08,Drive sprocket 08,Drive,Augsburg,BY,0,0,0,0,DRV-SPR-08 · Augsburg
2024-11-28,DRV-SPR-08,Drive sprocket 08,Drive,Augsburg,BY,0,0,0,0,DRV-SPR-08 · Augsburg
2024-11-29,DRV-SPR-08,Drive sprocket 08,Drive,Augsburg,BY,0,0,0,0,DRV-SPR-08 · Augsburg
2024-11-30,DRV-SPR-08,Drive sprocket 08,Drive,Augsburg,BY,0,0,0,0,DRV-SPR-08 · Augsburg
2024-12-01,DRV-SPR-08,Drive sprocket 08,Drive,Augsburg,BY,0,0,0,0,DRV-SPR-08 · Augsburg
2024-12-02,DRV-SPR-08,Drive sprocket 08,Drive,Augsburg,BY,0,0,0,0,DRV-SPR-08 · Augsburg
2024-12-03,DRV-SPR-08,Drive sprocket 08,Drive,Augsburg,BY,0,0,0,0,DRV-SPR-08 · Augsburg
2024-12-04,DRV-SPR-08,Drive sprocket 08,Drive,Augsburg,BY,0,0,0,0,DRV-SPR-08 · Augsburg
2024-12-05,DRV-SPR-08,Drive sprocket 08,Drive,Augsburg,BY,0,0,0,4,DRV-SPR-08 · Augsburg
2024-12-06,DRV-SPR-08,Drive sprocket 08,Drive,Augsburg,BY,0,0,0,0,DRV-SPR-08 · Augsburg
2024-12-07,DRV-SPR-08,Drive sprocket 08,Drive,Augsburg,BY,0,0,0,0,DRV-SPR-08 · Augsburg
2024-12-08,DRV-SPR-08,Drive sprocket 08,Drive,Augsburg,BY,0,0,0,0,DRV-SPR-08 · Augsburg
2024-12-09,DRV-SPR-08,Drive sprocket 08,Drive,Augsburg,BY,0,0,0,0,DRV-SPR-08 · Augsburg
2024-12-10,DRV-SPR-08,Drive sprocket 08,Drive,Augsburg,BY,0,0,0,0,DRV-SPR-08 · Augsburg
2024-12-11,DRV-SPR-08,Drive sprocket 08,Drive,Augsburg,BY,0,0,0,0,DRV-SPR-08 · Augsburg
2024-12-12,DRV-SPR-08,Drive sprocket 08,Drive,Augsburg,BY,0,0,0,0,DRV-SPR-08 · Augsburg
2024-12-13,DRV-SPR-08,Drive sprocket 08,Drive,Augsburg,BY,0,0,0,0,DRV-SPR-08 · Augsburg
2024-12-14,DRV-SPR-08,Drive sprocket 08,Drive,Augsburg,BY,0,0,0,0,DRV-SPR-08 · Augsburg
2024-12-15,DRV-SPR-08,Drive sprocket 08,Drive,Augsburg,BY,0,0,0,0,DRV-SPR-08 · Augsburg
2024-12-16,DRV-SPR-08,Drive sprocket 08,Drive,Augsburg,BY,0,0,0,10,DRV-SPR-08 · Augsburg
2024-12-17,DRV-SPR-08,Drive sprocket 08,Drive,Augsburg,BY,0,0,0,0,DRV-SPR-08 · Augsburg
2024-12-18,DRV-SPR-08,Drive sprocket 08,Drive,Augsburg,BY,0,0,0,0,DRV-SPR-08 · Augsburg
2024-12-19,DRV-SPR-08,Drive sprocket 08,Drive,Augsburg,BY,0,0,0,0,DRV-SPR-08 · Augsburg
2024-12-20,DRV-SPR-08,Drive sprocket 08,Drive,Augsburg,BY,0,0,0,0,DRV-SPR-08 · Augsburg
2024-12-21,DRV-SPR-08,Drive sprocket 08,Drive,Augsburg,BY,0,0,0,0,DRV-SPR-08 · Augsburg
2024-12-22,DRV-SPR-08,Drive sprocket 08,Drive,Augsburg,BY,0,0,0,0,DRV-SPR-08 · Augsburg
2024-12-23,DRV-SPR-08,Drive sprocket 08,Drive,Augsburg,BY,0,0,0,0,DRV-SPR-08 · Augsburg
2024-12-24,DRV-SPR-08,Drive sprocket 08,Drive,Augsburg,BY,0,1,0,0,DRV-SPR-08 · Augsburg
2024-12-25,DRV-SPR-08,Drive sprocket 08,Drive,Augsburg,BY,1,1,0,0,DRV-SPR-08 · Augsburg
2024-12-26,DRV-SPR-08,Drive sprocket 08,Drive,Augsburg,BY,1,1,0,0,DRV-SPR-08 · Augsburg
2024-12-27,DRV-SPR-08,Drive sprocket 08,Drive,Augsburg,BY,0,1,0,0,DRV-SPR-08 · Augsburg
2024-12-28,DRV-SPR-08,Drive sprocket 08,Drive,Augsburg,BY,0,1,0,0,DRV-SPR-08 · Augsburg
2024-12-29,DRV-SPR-08,Drive sprocket 08,Drive,Augsburg,BY,0,1,0,0,DRV-SPR-08 · Augsburg
2024-12-30,DRV-SPR-08,Drive sprocket 08,Drive,Augsburg,BY,0,1,0,0,DRV-SPR-08 · Augsburg
2024-12-31,DRV-SPR-08,Drive sprocket 08,Drive,Augsburg,BY,0,1,0,0,DRV-SPR-08 · Augsburg
2023-01-01,DRV-SPR-08,Drive sprocket 08,Drive,Bremen,HB,1,1,0,0,DRV-SPR-08 · Bremen
2023-01-02,DRV-SPR-08,Drive sprocket 08,Drive,Bremen,HB,0,1,0,4,DRV-SPR-08 · Bremen
2023-01-03,DRV-SPR-08,Drive sprocket 08,Drive,Bremen,HB,0,0,0,0,DRV-SPR-08 · Bremen
2023-01-04,DRV-SPR-08,Drive sprocket 08,Drive,Bremen,HB,0,0,0,3,DRV-SPR-08 · Bremen
2023-01-05,DRV-SPR-08,Drive sprocket 08,Drive,Bremen,HB,0,0,0,0,DRV-SPR-08 · Bremen
2023-01-06,DRV-SPR-08,Drive sprocket 08,Drive,Bremen,HB,0,0,0,0,DRV-SPR-08 · Bremen
2023-01-07,DRV-SPR-08,Drive sprocket 08,Drive,Bremen,HB,0,0,0,0,DRV-SPR-08 · Bremen
2023-01-08,DRV-SPR-08,Drive sprocket 08,Drive,Bremen,HB,0,0,0,0,DRV-SPR-08 · Bremen
2023-01-09,DRV-SPR-08,Drive sprocket 08,Drive,Bremen,HB,0,0,0,0,DRV-SPR-08 · Bremen
2023-01-10,DRV-SPR-08,Drive sprocket 08,Drive,Bremen,HB,0,0,0,0,DRV-SPR-08 · Bremen
2023-01-11,DRV-SPR-08,Drive sprocket 08,Drive,Bremen,HB,0,0,0,0,DRV-SPR-08 · Bremen
2023-01-12,DRV-SPR-08,Drive sprocket 08,Drive,Bremen,HB,0,0,0,0,DRV-SPR-08 · Bremen
2023-01-13,DRV-SPR-08,Drive sprocket 08,Drive,Bremen,HB,0,0,0,0,DRV-SPR-08 · Bremen
2023-01-14,DRV-SPR-08,Drive sprocket 08,Drive,Bremen,HB,0,0,0,0,DRV-SPR-08 · Bremen
2023-01-15,DRV-SPR-08,Drive sprocket 08,Drive,Bremen,HB,0,0,0,0,DRV-SPR-08 · Bremen
2023-01-16,DRV-SPR-08,Drive sprocket 08,Drive,Bremen,HB,0,0,0,0,DRV-SPR-08 · Bremen
2023-01-17,DRV-SPR-08,Drive sprocket 08,Drive,Bremen,HB,0,0,0,0,DRV-SPR-08 · Bremen
2023-01-18,DRV-SPR-08,Drive sprocket 08,Drive,Bremen,HB,0,0,0,6,DRV-SPR-08 · Bremen
2023-01-19,DRV-SPR-08,Drive sprocket 08,Drive,Bremen,HB,0,0,0,0,DRV-SPR-08 · Bremen
2023-01-20,DRV-SPR-08,Drive sprocket 08,Drive,Bremen,HB,0,0,0,0,DRV-SPR-08 · Bremen
2023-01-21,DRV-SPR-08,Drive sprocket 08,Drive,Bremen,HB,0,0,0,0,DRV-SPR-08 · Bremen
2023-01-22,DRV-SPR-08,Drive sprocket 08,Drive,Bremen,HB,0,0,0,0,DRV-SPR-08 · Bremen
2023-01-23,DRV-SPR-08,Drive sprocket 08,Drive,Bremen,HB,0,0,0,0,DRV-SPR-08 · Bremen
2023-01-24,DRV-SPR-08,Drive sprocket 08,Drive,Bremen,HB,0,0,0,4,DRV-SPR-08 · Bremen
2023-01-25,DRV-SPR-08,Drive sprocket 08,Drive,Bremen,HB,0,0,0,0,DRV-SPR-08 · Bremen
2023-01-26,DRV-SPR-08,Drive sprocket 08,Drive,Bremen,HB,0,0,0,0,DRV-SPR-08 · Bremen
2023-01-27,DRV-SPR-08,Drive sprocket 08,Drive,Bremen,HB,0,0,0,0,DRV-SPR-08 · Bremen
2023-01-28,DRV-SPR-08,Drive sprocket 08,Drive,Bremen,HB,0,0,0,0,DRV-SPR-08 · Bremen
2023-01-29,DRV-SPR-08,Drive sprocket 08,Drive,Bremen,HB,0,0,0,1,DRV-SPR-08 · Bremen
2023-01-30,DRV-SPR-08,Drive sprocket 08,Drive,Bremen,HB,0,0,0,0,DRV-SPR-08 · Bremen
2023-01-31,DRV-SPR-08,Drive sprocket 08,Drive,Bremen,HB,0,0,0,0,DRV-SPR-08 · Bremen
2023-02-01,DRV-SPR-08,Drive sprocket 08,Drive,Bremen,HB,0,0,0,0,DRV-SPR-08 · Bremen
2023-02-02,DRV-SPR-08,Drive sprocket 08,Drive,Bremen,HB,0,0,0,0,DRV-SPR-08 · Bremen
2023-02-03,DRV-SPR-08,Drive sprocket 08,Drive,Bremen,HB,0,0,0,0,DRV-SPR-08 · Bremen
2023-02-04,DRV-SPR-08,Drive sprocket 08,Drive,Bremen,HB,0,0,0,0,DRV-SPR-08 · Bremen
2023-02-05,DRV-SPR-08,Drive sprocket 08,Drive,Bremen,HB,0,0,0,0,DRV-SPR-08 · Bremen
2023-02-06,DRV-SPR-08,Drive sprocket 08,Drive,Bremen,HB,0,0,0,0,DRV-SPR-08 · Bremen
2023-02-07,DRV-SPR-08,Drive sprocket 08,Drive,Bremen,HB,0,0,0,0,DRV-SPR-08 · Bremen
2023-02-08,DRV-SPR-08,Drive sprocket 08,Drive,Bremen,HB,0,0,0,0,DRV-SPR-08 · Bremen
2023-02-09,DRV-SPR-08,Drive sprocket 08,Drive,Bremen,HB,0,0,0,0,DRV-SPR-08 · Bremen
2023-02-10,DRV-SPR-08,Drive sprocket 08,Drive,Bremen,HB,0,0,0,0,DRV-SPR-08 · Bremen
2023-02-11,DRV-SPR-08,Drive sprocket 08,Drive,Bremen,HB,0,0,0,0,DRV-SPR-08 · Bremen
2023-02-12,DRV-SPR-08,Drive sprocket 08,Drive,Bremen,HB,0,0,0,0,DRV-SPR-08 · Bremen
2023-02-13,DRV-SPR-08,Drive sprocket 08,Drive,Bremen,HB,0,0,0,0,DRV-SPR-08 · Bremen
2023-02-14,DRV-SPR-08,Drive sprocket 08,Drive,Bremen,HB,0,0,0,1,DRV-SPR-08 · Bremen
2023-02-15,DRV-SPR-08,Drive sprocket 08,Drive,Bremen,HB,0,0,0,0,DRV-SPR-08 · Bremen
2023-02-16,DRV-SPR-08,Drive sprocket 08,Drive,Bremen,HB,0,0,0,0,DRV-SPR-08 · Bremen
2023-02-17,DRV-SPR-08,Drive sprocket 08,Drive,Bremen,HB,0,0,0,7,DRV-SPR-08 · Bremen
2023-02-18,DRV-SPR-08,Drive sprocket 08,Drive,Bremen,HB,0,0,0,0,DRV-SPR-08 · Bremen
2023-02-19,DRV-SPR-08,Drive sprocket 08,Drive,Bremen,HB,0,0,0,0,DRV-SPR-08 · Bremen
2023-02-20,DRV-SPR-08,Drive sprocket 08,Drive,Bremen,HB,0,0,0,0,DRV-SPR-08 · Bremen
2023-02-21,DRV-SPR-08,Drive sprocket 08,Drive,Bremen,HB,0,0,0,0,DRV-SPR-08 · Bremen
2023-02-22,DRV-SPR-08,Drive sprocket 08,Drive,Bremen,HB,0,0,0,1,DRV-SPR-08 · Bremen
2023-02-23,DRV-SPR-08,Drive sprocket 08,Drive,Bremen,HB,0,0,0,0,DRV-SPR-08 · Bremen
2023-02-24,DRV-SPR-08,Drive sprocket 08,Drive,Bremen,HB,0,0,0,0,DRV-SPR-08 · Bremen
2023-02-25,DRV-SPR-08,Drive sprocket 08,Drive,Bremen,HB,0,0,0,0,DRV-SPR-08 · Bremen
2023-02-26,DRV-SPR-08,Drive sprocket 08,Drive,Bremen,HB,0,0,0,0,DRV-SPR-08 · Bremen
2023-02-27,DRV-SPR-08,Drive sprocket 08,Drive,Bremen,HB,0,0,0,0,DRV-SPR-08 · Bremen
2023-02-28,DRV-SPR-08,Drive sprocket 08,Drive,Bremen,HB,0,0,0,0,DRV-SPR-08 · Bremen
2023-03-01,DRV-SPR-08,Drive sprocket 08,Drive,Bremen,HB,0,0,1,0,DRV-SPR-08 · Bremen
2023-03-02,DRV-SPR-08,Drive sprocket 08,Drive,Bremen,HB,0,0,1,0,DRV-SPR-08 · Bremen
2023-03-03,DRV-SPR-08,Drive sprocket 08,Drive,Bremen,HB,0,0,1,1,DRV-SPR-08 · Bremen
2023-03-04,DRV-SPR-08,Drive sprocket 08,Drive,Bremen,HB,0,0,1,0,DRV-SPR-08 · Bremen
2023-03-05,DRV-SPR-08,Drive sprocket 08,Drive,Bremen,HB,0,0,1,0,DRV-SPR-08 · Bremen
2023-03-06,DRV-SPR-08,Drive sprocket 08,Drive,Bremen,HB,0,0,1,0,DRV-SPR-08 · Bremen
2023-03-07,DRV-SPR-08,Drive sprocket 08,Drive,Bremen,HB,0,0,1,0,DRV-SPR-08 · Bremen
2023-03-08,DRV-SPR-08,Drive sprocket 08,Drive,Bremen,HB,0,0,0,0,DRV-SPR-08 · Bremen
2023-03-09,DRV-SPR-08,Drive sprocket 08,Drive,Bremen,HB,0,0,0,0,DRV-SPR-08 · Bremen
2023-03-10,DRV-SPR-08,Drive sprocket 08,Drive,Bremen,HB,0,0,0,0,DRV-SPR-08 · Bremen
2023-03-11,DRV-SPR-08,Drive sprocket 08,Drive,Bremen,HB,0,0,0,0,DRV-SPR-08 · Bremen
2023-03-12,DRV-SPR-08,Drive sprocket 08,Drive,Bremen,HB,0,0,0,0,DRV-SPR-08 · Bremen
2023-03-13,DRV-SPR-08,Drive sprocket 08,Drive,Bremen,HB,0,0,0,2,DRV-SPR-08 · Bremen
2023-03-14,DRV-SPR-08,Drive sprocket 08,Drive,Bremen,HB,0,0,0,0,DRV-SPR-08 · Bremen
2023-03-15,DRV-SPR-08,Drive sprocket 08,Drive,Bremen,HB,0,0,0,6,DRV-SPR-08 · Bremen
2023-03-16,DRV-SPR-08,Drive sprocket 08,Drive,Bremen,HB,0,0,0,7,DRV-SPR-08 · Bremen
2023-03-17,DRV-SPR-08,Drive sprocket 08,Drive,Bremen,HB,0,0,0,0,DRV-SPR-08 · Bremen
2023-03-18,DRV-SPR-08,Drive sprocket 08,Drive,Bremen,HB,0,0,0,10,DRV-SPR-08 · Bremen
2023-03-19,DRV-SPR-08,Drive sprocket 08,Drive,Bremen,HB,0,0,0,0,DRV-SPR-08 · Bremen
2023-03-20,DRV-SPR-08,Drive sprocket 08,Drive,Bremen,HB,0,0,0,0,DRV-SPR-08 · Bremen
2023-03-21,DRV-SPR-08,Drive sprocket 08,Drive,Bremen,HB,0,0,0,0,DRV-SPR-08 · Bremen
2023-03-22,DRV-SPR-08,Drive sprocket 08,Drive,Bremen,HB,0,0,0,0,DRV-SPR-08 · Bremen
2023-03-23,DRV-SPR-08,Drive sprocket 08,Drive,Bremen,HB,0,0,0,0,DRV-SPR-08 · Bremen
2023-03-24,DRV-SPR-08,Drive sprocket 08,Drive,Bremen,HB,0,0,0,0,DRV-SPR-08 · Bremen
2023-03-25,DRV-SPR-08,Drive sprocket 08,Drive,Bremen,HB,0,0,0,0,DRV-SPR-08 · Bremen
2023-03-26,DRV-SPR-08,Drive sprocket 08,Drive,Bremen,HB,0,0,0,0,DRV-SPR-08 · Bremen
2023-03-27,DRV-SPR-08,Drive sprocket 08,Drive,Bremen,HB,0,0,0,0,DRV-SPR-08 · Bremen
2023-03-28,DRV-SPR-08,Drive sprocket 08,Drive,Bremen,HB,0,0,0,0,DRV-SPR-08 · Bremen
2023-03-29,DRV-SPR-08,Drive sprocket 08,Drive,Bremen,HB,0,0,0,0,DRV-SPR-08 · Bremen
2023-03-30,DRV-SPR-08,Drive sprocket 08,Drive,Bremen,HB,0,0,0,0,DRV-SPR-08 · Bremen
2023-03-31,DRV-SPR-08,Drive sprocket 08,Drive,Bremen,HB,0,0,0,1,DRV-SPR-08 · Bremen
2023-04-01,DRV-SPR-08,Drive sprocket 08,Drive,Bremen,HB,0,0,0,0,DRV-SPR-08 · Bremen
2023-04-02,DRV-SPR-08,Drive sprocket 08,Drive,Bremen,HB,0,0,0,0,DRV-SPR-08 · Bremen
2023-04-03,DRV-SPR-08,Drive sprocket 08,Drive,Bremen,HB,0,0,0,0,DRV-SPR-08 · Bremen
2023-04-04,DRV-SPR-08,Drive sprocket 08,Drive,Bremen,HB,0,0,0,0,DRV-SPR-08 · Bremen
2023-04-05,DRV-SPR-08,Drive sprocket 08,Drive,Bremen,HB,0,0,0,0,DRV-SPR-08 · Bremen
2023-04-06,DRV-SPR-08,Drive sprocket 08,Drive,Bremen,HB,0,0,0,0,DRV-SPR-08 · Bremen
2023-04-07,DRV-SPR-08,Drive sprocket 08,Drive,Bremen,HB,1,0,0,0,DRV-SPR-08 · Bremen
2023-04-08,DRV-SPR-08,Drive sprocket 08,Drive,Bremen,HB,0,0,0,0,DRV-SPR-08 · Bremen
2023-04-09,DRV-SPR-08,Drive sprocket 08,Drive,Bremen,HB,0,0,0,0,DRV-SPR-08 · Bremen
2023-04-10,DRV-SPR-08,Drive sprocket 08,Drive,Bremen,HB,1,0,0,0,DRV-SPR-08 · Bremen
2023-04-11,DRV-SPR-08,Drive sprocket 08,Drive,Bremen,HB,0,0,0,0,DRV-SPR-08 · Bremen
2023-04-12,DRV-SPR-08,Drive sprocket 08,Drive,Bremen,HB,0,0,0,0,DRV-SPR-08 · Bremen
2023-04-13,DRV-SPR-08,Drive sprocket 08,Drive,Bremen,HB,0,0,0,0,DRV-SPR-08 · Bremen
2023-04-14,DRV-SPR-08,Drive sprocket 08,Drive,Bremen,HB,0,0,0,0,DRV-SPR-08 · Bremen
2023-04-15,DRV-SPR-08,Drive sprocket 08,Drive,Bremen,HB,0,0,0,3,DRV-SPR-08 · Bremen
2023-04-16,DRV-SPR-08,Drive sprocket 08,Drive,Bremen,HB,0,0,0,0,DRV-SPR-08 · Bremen
2023-04-17,DRV-SPR-08,Drive sprocket 08,Drive,Bremen,HB,0,0,0,0,DRV-SPR-08 · Bremen
2023-04-18,DRV-SPR-08,Drive sprocket 08,Drive,Bremen,HB,0,0,0,0,DRV-SPR-08 · Bremen
2023-04-19,DRV-SPR-08,Drive sprocket 08,Drive,Bremen,HB,0,0,0,0,DRV-SPR-08 · Bremen
2023-04-20,DRV-SPR-08,Drive sprocket 08,Drive,Bremen,HB,0,0,0,0,DRV-SPR-08 · Bremen
2023-04-21,DRV-SPR-08,Drive sprocket 08,Drive,Bremen,HB,0,0,0,13,DRV-SPR-08 · Bremen
2023-04-22,DRV-SPR-08,Drive sprocket 08,Drive,Bremen,HB,0,0,0,0,DRV-SPR-08 · Bremen
2023-04-23,DRV-SPR-08,Drive sprocket 08,Drive,Bremen,HB,0,0,0,0,DRV-SPR-08 · Bremen
2023-04-24,DRV-SPR-08,Drive sprocket 08,Drive,Bremen,HB,0,0,0,0,DRV-SPR-08 · Bremen
2023-04-25,DRV-SPR-08,Drive sprocket 08,Drive,Bremen,HB,0,0,0,0,DRV-SPR-08 · Bremen
2023-04-26,DRV-SPR-08,Drive sprocket 08,Drive,Bremen,HB,0,0,0,0,DRV-SPR-08 · Bremen
2023-04-27,DRV-SPR-08,Drive sprocket 08,Drive,Bremen,HB,0,0,0,0,DRV-SPR-08 · Bremen
2023-04-28,DRV-SPR-08,Drive sprocket 08,Drive,Bremen,HB,0,0,0,0,DRV-SPR-08 · Bremen
2023-04-29,DRV-SPR-08,Drive sprocket 08,Drive,Bremen,HB,0,0,0,0,DRV-SPR-08 · Bremen
2023-04-30,DRV-SPR-08,Drive sprocket 08,Drive,Bremen,HB,0,0,0,0,DRV-SPR-08 · Bremen
2023-05-01,DRV-SPR-08,Drive sprocket 08,Drive,Bremen,HB,1,0,0,0,DRV-SPR-08 · Bremen
2023-05-02,DRV-SPR-08,Drive sprocket 08,Drive,Bremen,HB,0,0,0,0,DRV-SPR-08 · Bremen
2023-05-03,DRV-SPR-08,Drive sprocket 08,Drive,Bremen,HB,0,0,0,0,DRV-SPR-08 · Bremen
2023-05-04,DRV-SPR-08,Drive sprocket 08,Drive,Bremen,HB,0,0,0,0,DRV-SPR-08 · Bremen
2023-05-05,DRV-SPR-08,Drive sprocket 08,Drive,Bremen,HB,0,0,0,0,DRV-SPR-08 · Bremen
2023-05-06,DRV-SPR-08,Drive sprocket 08,Drive,Bremen,HB,0,0,0,0,DRV-SPR-08 · Bremen
2023-05-07,DRV-SPR-08,Drive sprocket 08,Drive,Bremen,HB,0,0,0,0,DRV-SPR-08 · Bremen
2023-05-08,DRV-SPR-08,Drive sprocket 08,Drive,Bremen,HB,0,0,0,0,DRV-SPR-08 · Bremen
2023-05-09,DRV-SPR-08,Drive sprocket 08,Drive,Bremen,HB,0,0,0,0,DRV-SPR-08 · Bremen
2023-05-10,DRV-SPR-08,Drive sprocket 08,Drive,Bremen,HB,0,0,0,0,DRV-SPR-08 · Bremen
2023-05-11,DRV-SPR-08,Drive sprocket 08,Drive,Bremen,HB,0,0,0,0,DRV-SPR-08 · Bremen
2023-05-12,DRV-SPR-08,Drive sprocket 08,Drive,Bremen,HB,0,0,0,0,DRV-SPR-08 · Bremen
2023-05-13,DRV-SPR-08,Drive sprocket 08,Drive,Bremen,HB,0,0,0,0,DRV-SPR-08 · Bremen
2023-05-14,DRV-SPR-08,Drive sprocket 08,Drive,Bremen,HB,0,0,0,0,DRV-SPR-08 · Bremen
2023-05-15,DRV-SPR-08,Drive sprocket 08,Drive,Bremen,HB,0,0,0,0,DRV-SPR-08 · Bremen
2023-05-16,DRV-SPR-08,Drive sprocket 08,Drive,Bremen,HB,0,0,0,0,DRV-SPR-08 · Bremen
2023-05-17,DRV-SPR-08,Drive sprocket 08,Drive,Bremen,HB,0,0,0,0,DRV-SPR-08 · Bremen
2023-05-18,DRV-SPR-08,Drive sprocket 08,Drive,Bremen,HB,1,0,0,0,DRV-SPR-08 · Bremen
2023-05-19,DRV-SPR-08,Drive sprocket 08,Drive,Bremen,HB,0,0,0,0,DRV-SPR-08 · Bremen
2023-05-20,DRV-SPR-08,Drive sprocket 08,Drive,Bremen,HB,0,0,0,0,DRV-SPR-08 · Bremen
2023-05-21,DRV-SPR-08,Drive sprocket 08,Drive,Bremen,HB,0,0,0,0,DRV-SPR-08 · Bremen
2023-05-22,DRV-SPR-08,Drive sprocket 08,Drive,Bremen,HB,0,0,0,3,DRV-SPR-08 · Bremen
2023-05-23,DRV-SPR-08,Drive sprocket 08,Drive,Bremen,HB,0,0,0,0,DRV-SPR-08 · Bremen
2023-05-24,DRV-SPR-08,Drive sprocket 08,Drive,Bremen,HB,0,0,0,6,DRV-SPR-08 · Bremen
2023-05-25,DRV-SPR-08,Drive sprocket 08,Drive,Bremen,HB,0,0,0,0,DRV-SPR-08 · Bremen
2023-05-26,DRV-SPR-08,Drive sprocket 08,Drive,Bremen,HB,0,0,0,0,DRV-SPR-08 · Bremen
2023-05-27,DRV-SPR-08,Drive sprocket 08,Drive,Bremen,HB,0,0,0,0,DRV-SPR-08 · Bremen
2023-05-28,DRV-SPR-08,Drive sprocket 08,Drive,Bremen,HB,0,0,0,0,DRV-SPR-08 · Bremen
2023-05-29,DRV-SPR-08,Drive sprocket 08,Drive,Bremen,HB,1,0,0,0,DRV-SPR-08 · Bremen
2023-05-30,DRV-SPR-08,Drive sprocket 08,Drive,Bremen,HB,0,0,0,0,DRV-SPR-08 · Bremen
2023-05-31,DRV-SPR-08,Drive sprocket 08,Drive,Bremen,HB,0,0,0,0,DRV-SPR-08 · Bremen
2023-06-01,DRV-SPR-08,Drive sprocket 08,Drive,Bremen,HB,0,0,0,0,DRV-SPR-08 · Bremen
2023-06-02,DRV-SPR-08,Drive sprocket 08,Drive,Bremen,HB,0,0,0,0,DRV-SPR-08 · Bremen
2023-06-03,DRV-SPR-08,Drive sprocket 08,Drive,Bremen,HB,0,0,0,0,DRV-SPR-08 · Bremen
2023-06-04,DRV-SPR-08,Drive sprocket 08,Drive,Bremen,HB,0,0,0,0,DRV-SPR-08 · Bremen
2023-06-05,DRV-SPR-08,Drive sprocket 08,Drive,Bremen,HB,0,0,0,0,DRV-SPR-08 · Bremen
2023-06-06,DRV-SPR-08,Drive sprocket 08,Drive,Bremen,HB,0,0,0,0,DRV-SPR-08 · Bremen
2023-06-07,DRV-SPR-08,Drive sprocket 08,Drive,Bremen,HB,0,0,0,0,DRV-SPR-08 · Bremen
2023-06-08,DRV-SPR-08,Drive sprocket 08,Drive,Bremen,HB,0,0,0,0,DRV-SPR-08 · Bremen
2023-06-09,DRV-SPR-08,Drive sprocket 08,Drive,Bremen,HB,0,0,0,0,DRV-SPR-08 · Bremen
2023-06-10,DRV-SPR-08,Drive sprocket 08,Drive,Bremen,HB,0,0,0,0,DRV-SPR-08 · Bremen
2023-06-11,DRV-SPR-08,Drive sprocket 08,Drive,Bremen,HB,0,0,0,0,DRV-SPR-08 · Bremen
2023-06-12,DRV-SPR-08,Drive sprocket 08,Drive,Bremen,HB,0,0,0,0,DRV-SPR-08 · Bremen
2023-06-13,DRV-SPR-08,Drive sprocket 08,Drive,Bremen,HB,0,0,0,0,DRV-SPR-08 · Bremen
2023-06-14,DRV-SPR-08,Drive sprocket 08,Drive,Bremen,HB,0,0,0,0,DRV-SPR-08 · Bremen
2023-06-15,DRV-SPR-08,Drive sprocket 08,Drive,Bremen,HB,0,0,0,0,DRV-SPR-08 · Bremen
2023-06-16,DRV-SPR-08,Drive sprocket 08,Drive,Bremen,HB,0,0,0,0,DRV-SPR-08 · Bremen
2023-06-17,DRV-SPR-08,Drive sprocket 08,Drive,Bremen,HB,0,0,0,0,DRV-SPR-08 · Bremen
2023-06-18,DRV-SPR-08,Drive sprocket 08,Drive,Bremen,HB,0,0,0,5,DRV-SPR-08 · Bremen
2023-06-19,DRV-SPR-08,Drive sprocket 08,Drive,Bremen,HB,0,0,0,0,DRV-SPR-08 · Bremen
2023-06-20,DRV-SPR-08,Drive sprocket 08,Drive,Bremen,HB,0,0,0,3,DRV-SPR-08 · Bremen
2023-06-21,DRV-SPR-08,Drive sprocket 08,Drive,Bremen,HB,0,0,0,0,DRV-SPR-08 · Bremen
2023-06-22,DRV-SPR-08,Drive sprocket 08,Drive,Bremen,HB,0,0,0,0,DRV-SPR-08 · Bremen
2023-06-23,DRV-SPR-08,Drive sprocket 08,Drive,Bremen,HB,0,0,0,2,DRV-SPR-08 · Bremen
2023-06-24,DRV-SPR-08,Drive sprocket 08,Drive,Bremen,HB,0,0,0,0,DRV-SPR-08 · Bremen
2023-06-25,DRV-SPR-08,Drive sprocket 08,Drive,Bremen,HB,0,0,0,4,DRV-SPR-08 · Bremen
2023-06-26,DRV-SPR-08,Drive sprocket 08,Drive,Bremen,HB,0,0,0,0,DRV-SPR-08 · Bremen
2023-06-27,DRV-SPR-08,Drive sprocket 08,Drive,Bremen,HB,0,0,0,0,DRV-SPR-08 · Bremen
2023-06-28,DRV-SPR-08,Drive sprocket 08,Drive,Bremen,HB,0,0,0,0,DRV-SPR-08 · Bremen
2023-06-29,DRV-SPR-08,Drive sprocket 08,Drive,Bremen,HB,0,0,0,0,DRV-SPR-08 · Bremen
2023-06-30,DRV-SPR-08,Drive sprocket 08,Drive,Bremen,HB,0,0,0,0,DRV-SPR-08 · Bremen
2023-07-01,DRV-SPR-08,Drive sprocket 08,Drive,Bremen,HB,0,0,0,3,DRV-SPR-08 · Bremen
2023-07-02,DRV-SPR-08,Drive sprocket 08,Drive,Bremen,HB,0,0,0,0,DRV-SPR-08 · Bremen
2023-07-03,DRV-SPR-08,Drive sprocket 08,Drive,Bremen,HB,0,0,0,0,DRV-SPR-08 · Bremen
2023-07-04,DRV-SPR-08,Drive sprocket 08,Drive,Bremen,HB,0,0,0,0,DRV-SPR-08 · Bremen
2023-07-05,DRV-SPR-08,Drive sprocket 08,Drive,Bremen,HB,0,0,0,0,DRV-SPR-08 · Bremen
2023-07-06,DRV-SPR-08,Drive sprocket 08,Drive,Bremen,HB,0,0,0,4,DRV-SPR-08 · Bremen
2023-07-07,DRV-SPR-08,Drive sprocket 08,Drive,Bremen,HB,0,0,0,0,DRV-SPR-08 · Bremen
2023-07-08,DRV-SPR-08,Drive sprocket 08,Drive,Bremen,HB,0,0,0,0,DRV-SPR-08 · Bremen
2023-07-09,DRV-SPR-08,Drive sprocket 08,Drive,Bremen,HB,0,0,0,0,DRV-SPR-08 · Bremen
2023-07-10,DRV-SPR-08,Drive sprocket 08,Drive,Bremen,HB,0,0,0,0,DRV-SPR-08 · Bremen
2023-07-11,DRV-SPR-08,Drive sprocket 08,Drive,Bremen,HB,0,0,0,0,DRV-SPR-08 · Bremen
2023-07-12,DRV-SPR-08,Drive sprocket 08,Drive,Bremen,HB,0,0,0,2,DRV-SPR-08 · Bremen
2023-07-13,DRV-SPR-08,Drive sprocket 08,Drive,Bremen,HB,0,0,0,0,DRV-SPR-08 · Bremen
2023-07-14,DRV-SPR-08,Drive sprocket 08,Drive,Bremen,HB,0,0,0,0,DRV-SPR-08 · Bremen
2023-07-15,DRV-SPR-08,Drive sprocket 08,Drive,Bremen,HB,0,0,0,0,DRV-SPR-08 · Bremen
2023-07-16,DRV-SPR-08,Drive sprocket 08,Drive,Bremen,HB,0,0,0,0,DRV-SPR-08 · Bremen
2023-07-17,DRV-SPR-08,Drive sprocket 08,Drive,Bremen,HB,0,0,0,0,DRV-SPR-08 · Bremen
2023-07-18,DRV-SPR-08,Drive sprocket 08,Drive,Bremen,HB,0,0,0,0,DRV-SPR-08 · Bremen
2023-07-19,DRV-SPR-08,Drive sprocket 08,Drive,Bremen,HB,0,0,0,4,DRV-SPR-08 · Bremen
2023-07-20,DRV-SPR-08,Drive sprocket 08,Drive,Bremen,HB,0,0,0,0,DRV-SPR-08 · Bremen
2023-07-21,DRV-SPR-08,Drive sprocket 08,Drive,Bremen,HB,0,0,0,10,DRV-SPR-08 · Bremen
2023-07-22,DRV-SPR-08,Drive sprocket 08,Drive,Bremen,HB,0,0,0,0,DRV-SPR-08 · Bremen
2023-07-23,DRV-SPR-08,Drive sprocket 08,Drive,Bremen,HB,0,0,0,0,DRV-SPR-08 · Bremen
2023-07-24,DRV-SPR-08,Drive sprocket 08,Drive,Bremen,HB,0,0,0,0,DRV-SPR-08 · Bremen
2023-07-25,DRV-SPR-08,Drive sprocket 08,Drive,Bremen,HB,0,0,0,0,DRV-SPR-08 · Bremen
2023-07-26,DRV-SPR-08,Drive sprocket 08,Drive,Bremen,HB,0,0,0,0,DRV-SPR-08 · Bremen
2023-07-27,DRV-SPR-08,Drive sprocket 08,Drive,Bremen,HB,0,0,0,0,DRV-SPR-08 · Bremen
2023-07-28,DRV-SPR-08,Drive sprocket 08,Drive,Bremen,HB,0,0,0,0,DRV-SPR-08 · Bremen
2023-07-29,DRV-SPR-08,Drive sprocket 08,Drive,Bremen,HB,0,0,0,0,DRV-SPR-08 · Bremen
2023-07-30,DRV-SPR-08,Drive sprocket 08,Drive,Bremen,HB,0,0,0,0,DRV-SPR-08 · Bremen
2023-07-31,DRV-SPR-08,Drive sprocket 08,Drive,Bremen,HB,0,0,0,0,DRV-SPR-08 · Bremen
2023-08-01,DRV-SPR-08,Drive sprocket 08,Drive,Bremen,HB,0,0,0,0,DRV-SPR-08 · Bremen
2023-08-02,DRV-SPR-08,Drive sprocket 08,Drive,Bremen,HB,0,0,0,0,DRV-SPR-08 · Bremen
2023-08-03,DRV-SPR-08,Drive sprocket 08,Drive,Bremen,HB,0,0,0,0,DRV-SPR-08 · Bremen
2023-08-04,DRV-SPR-08,Drive sprocket 08,Drive,Bremen,HB,0,0,0,0,DRV-SPR-08 · Bremen
2023-08-05,DRV-SPR-08,Drive sprocket 08,Drive,Bremen,HB,0,0,0,0,DRV-SPR-08 · Bremen
2023-08-06,DRV-SPR-08,Drive sprocket 08,Drive,Bremen,HB,0,0,0,0,DRV-SPR-08 · Bremen
2023-08-07,DRV-SPR-08,Drive sprocket 08,Drive,Bremen,HB,0,1,0,1,DRV-SPR-08 · Bremen
2023-08-08,DRV-SPR-08,Drive sprocket 08,Drive,Bremen,HB,0,1,0,0,DRV-SPR-08 · Bremen
2023-08-09,DRV-SPR-08,Drive sprocket 08,Drive,Bremen,HB,0,1,0,0,DRV-SPR-08 · Bremen
2023-08-10,DRV-SPR-08,Drive sprocket 08,Drive,Bremen,HB,0,1,0,0,DRV-SPR-08 · Bremen
2023-08-11,DRV-SPR-08,Drive sprocket 08,Drive,Bremen,HB,0,1,0,0,DRV-SPR-08 · Bremen
2023-08-12,DRV-SPR-08,Drive sprocket 08,Drive,Bremen,HB,0,1,0,0,DRV-SPR-08 · Bremen
2023-08-13,DRV-SPR-08,Drive sprocket 08,Drive,Bremen,HB,0,1,0,0,DRV-SPR-08 · Bremen
2023-08-14,DRV-SPR-08,Drive sprocket 08,Drive,Bremen,HB,0,1,0,4,DRV-SPR-08 · Bremen
2023-08-15,DRV-SPR-08,Drive sprocket 08,Drive,Bremen,HB,0,1,0,0,DRV-SPR-08 · Bremen
2023-08-16,DRV-SPR-08,Drive sprocket 08,Drive,Bremen,HB,0,1,0,0,DRV-SPR-08 · Bremen
2023-08-17,DRV-SPR-08,Drive sprocket 08,Drive,Bremen,HB,0,1,0,0,DRV-SPR-08 · Bremen
2023-08-18,DRV-SPR-08,Drive sprocket 08,Drive,Bremen,HB,0,1,0,0,DRV-SPR-08 · Bremen
2023-08-19,DRV-SPR-08,Drive sprocket 08,Drive,Bremen,HB,0,1,0,0,DRV-SPR-08 · Bremen
2023-08-20,DRV-SPR-08,Drive sprocket 08,Drive,Bremen,HB,0,1,0,0,DRV-SPR-08 · Bremen
2023-08-21,DRV-SPR-08,Drive sprocket 08,Drive,Bremen,HB,0,0,0,4,DRV-SPR-08 · Bremen
2023-08-22,DRV-SPR-08,Drive sprocket 08,Drive,Bremen,HB,0,0,0,0,DRV-SPR-08 · Bremen
2023-08-23,DRV-SPR-08,Drive sprocket 08,Drive,Bremen,HB,0,0,0,0,DRV-SPR-08 · Bremen
2023-08-24,DRV-SPR-08,Drive sprocket 08,Drive,Bremen,HB,0,0,0,0,DRV-SPR-08 · Bremen
2023-08-25,DRV-SPR-08,Drive sprocket 08,Drive,Bremen,HB,0,0,0,7,DRV-SPR-08 · Bremen
2023-08-26,DRV-SPR-08,Drive sprocket 08,Drive,Bremen,HB,0,0,0,12,DRV-SPR-08 · Bremen
2023-08-27,DRV-SPR-08,Drive sprocket 08,Drive,Bremen,HB,0,0,0,0,DRV-SPR-08 · Bremen
2023-08-28,DRV-SPR-08,Drive sprocket 08,Drive,Bremen,HB,0,0,0,0,DRV-SPR-08 · Bremen
2023-08-29,DRV-SPR-08,Drive sprocket 08,Drive,Bremen,HB,0,0,0,0,DRV-SPR-08 · Bremen
2023-08-30,DRV-SPR-08,Drive sprocket 08,Drive,Bremen,HB,0,0,0,0,DRV-SPR-08 · Bremen
2023-08-31,DRV-SPR-08,Drive sprocket 08,Drive,Bremen,HB,0,0,0,0,DRV-SPR-08 · Bremen
2023-09-01,DRV-SPR-08,Drive sprocket 08,Drive,Bremen,HB,0,0,1,0,DRV-SPR-08 · Bremen
2023-09-02,DRV-SPR-08,Drive sprocket 08,Drive,Bremen,HB,0,0,1,0,DRV-SPR-08 · Bremen
2023-09-03,DRV-SPR-08,Drive sprocket 08,Drive,Bremen,HB,0,0,1,6,DRV-SPR-08 · Bremen
2023-09-04,DRV-SPR-08,Drive sprocket 08,Drive,Bremen,HB,0,0,1,3,DRV-SPR-08 · Bremen
2023-09-05,DRV-SPR-08,Drive sprocket 08,Drive,Bremen,HB,0,0,1,0,DRV-SPR-08 · Bremen
2023-09-06,DRV-SPR-08,Drive sprocket 08,Drive,Bremen,HB,0,0,1,0,DRV-SPR-08 · Bremen
2023-09-07,DRV-SPR-08,Drive sprocket 08,Drive,Bremen,HB,0,0,1,0,DRV-SPR-08 · Bremen
2023-09-08,DRV-SPR-08,Drive sprocket 08,Drive,Bremen,HB,0,0,0,0,DRV-SPR-08 · Bremen
2023-09-09,DRV-SPR-08,Drive sprocket 08,Drive,Bremen,HB,0,0,0,0,DRV-SPR-08 · Bremen
2023-09-10,DRV-SPR-08,Drive sprocket 08,Drive,Bremen,HB,0,0,0,0,DRV-SPR-08 · Bremen
2023-09-11,DRV-SPR-08,Drive sprocket 08,Drive,Bremen,HB,0,0,0,0,DRV-SPR-08 · Bremen
2023-09-12,DRV-SPR-08,Drive sprocket 08,Drive,Bremen,HB,0,0,0,0,DRV-SPR-08 · Bremen
2023-09-13,DRV-SPR-08,Drive sprocket 08,Drive,Bremen,HB,0,0,0,0,DRV-SPR-08 · Bremen
2023-09-14,DRV-SPR-08,Drive sprocket 08,Drive,Bremen,HB,0,0,0,0,DRV-SPR-08 · Bremen
2023-09-15,DRV-SPR-08,Drive sprocket 08,Drive,Bremen,HB,0,0,0,0,DRV-SPR-08 · Bremen
2023-09-16,DRV-SPR-08,Drive sprocket 08,Drive,Bremen,HB,0,0,0,0,DRV-SPR-08 · Bremen
2023-09-17,DRV-SPR-08,Drive sprocket 08,Drive,Bremen,HB,0,0,0,0,DRV-SPR-08 · Bremen
2023-09-18,DRV-SPR-08,Drive sprocket 08,Drive,Bremen,HB,0,0,0,4,DRV-SPR-08 · Bremen
2023-09-19,DRV-SPR-08,Drive sprocket 08,Drive,Bremen,HB,0,0,0,0,DRV-SPR-08 · Bremen
2023-09-20,DRV-SPR-08,Drive sprocket 08,Drive,Bremen,HB,0,0,0,0,DRV-SPR-08 · Bremen
2023-09-21,DRV-SPR-08,Drive sprocket 08,Drive,Bremen,HB,0,0,0,0,DRV-SPR-08 · Bremen
2023-09-22,DRV-SPR-08,Drive sprocket 08,Drive,Bremen,HB,0,0,0,0,DRV-SPR-08 · Bremen
2023-09-23,DRV-SPR-08,Drive sprocket 08,Drive,Bremen,HB,0,0,0,0,DRV-SPR-08 · Bremen
2023-09-24,DRV-SPR-08,Drive sprocket 08,Drive,Bremen,HB,0,0,0,0,DRV-SPR-08 · Bremen
2023-09-25,DRV-SPR-08,Drive sprocket 08,Drive,Bremen,HB,0,0,0,0,DRV-SPR-08 · Bremen
2023-09-26,DRV-SPR-08,Drive sprocket 08,Drive,Bremen,HB,0,0,0,0,DRV-SPR-08 · Bremen
2023-09-27,DRV-SPR-08,Drive sprocket 08,Drive,Bremen,HB,0,0,0,0,DRV-SPR-08 · Bremen
2023-09-28,DRV-SPR-08,Drive sprocket 08,Drive,Bremen,HB,0,0,0,0,DRV-SPR-08 · Bremen
2023-09-29,DRV-SPR-08,Drive sprocket 08,Drive,Bremen,HB,0,0,0,0,DRV-SPR-08 · Bremen
2023-09-30,DRV-SPR-08,Drive sprocket 08,Drive,Bremen,HB,0,0,0,0,DRV-SPR-08 · Bremen
2023-10-01,DRV-SPR-08,Drive sprocket 08,Drive,Bremen,HB,0,0,0,0,DRV-SPR-08 · Bremen
2023-10-02,DRV-SPR-08,Drive sprocket 08,Drive,Bremen,HB,0,0,0,4,DRV-SPR-08 · Bremen
2023-10-03,DRV-SPR-08,Drive sprocket 08,Drive,Bremen,HB,1,0,0,0,DRV-SPR-08 · Bremen
2023-10-04,DRV-SPR-08,Drive sprocket 08,Drive,Bremen,HB,0,0,0,0,DRV-SPR-08 · Bremen
2023-10-05,DRV-SPR-08,Drive sprocket 08,Drive,Bremen,HB,0,0,0,0,DRV-SPR-08 · Bremen
2023-10-06,DRV-SPR-08,Drive sprocket 08,Drive,Bremen,HB,0,0,0,0,DRV-SPR-08 · Bremen
2023-10-07,DRV-SPR-08,Drive sprocket 08,Drive,Bremen,HB,0,0,0,0,DRV-SPR-08 · Bremen
2023-10-08,DRV-SPR-08,Drive sprocket 08,Drive,Bremen,HB,0,0,0,0,DRV-SPR-08 · Bremen
2023-10-09,DRV-SPR-08,Drive sprocket 08,Drive,Bremen,HB,0,0,0,0,DRV-SPR-08 · Bremen
2023-10-10,DRV-SPR-08,Drive sprocket 08,Drive,Bremen,HB,0,0,0,0,DRV-SPR-08 · Bremen
2023-10-11,DRV-SPR-08,Drive sprocket 08,Drive,Bremen,HB,0,0,0,0,DRV-SPR-08 · Bremen
2023-10-12,DRV-SPR-08,Drive sprocket 08,Drive,Bremen,HB,0,0,0,0,DRV-SPR-08 · Bremen
2023-10-13,DRV-SPR-08,Drive sprocket 08,Drive,Bremen,HB,0,0,0,0,DRV-SPR-08 · Bremen
2023-10-14,DRV-SPR-08,Drive sprocket 08,Drive,Bremen,HB,0,0,0,0,DRV-SPR-08 · Bremen
2023-10-15,DRV-SPR-08,Drive sprocket 08,Drive,Bremen,HB,0,0,0,3,DRV-SPR-08 · Bremen
2023-10-16,DRV-SPR-08,Drive sprocket 08,Drive,Bremen,HB,0,0,0,2,DRV-SPR-08 · Bremen
2023-10-17,DRV-SPR-08,Drive sprocket 08,Drive,Bremen,HB,0,0,0,0,DRV-SPR-08 · Bremen
2023-10-18,DRV-SPR-08,Drive sprocket 08,Drive,Bremen,HB,0,0,0,3,DRV-SPR-08 · Bremen
2023-10-19,DRV-SPR-08,Drive sprocket 08,Drive,Bremen,HB,0,0,0,0,DRV-SPR-08 · Bremen
2023-10-20,DRV-SPR-08,Drive sprocket 08,Drive,Bremen,HB,0,0,0,1,DRV-SPR-08 · Bremen
2023-10-21,DRV-SPR-08,Drive sprocket 08,Drive,Bremen,HB,0,0,0,0,DRV-SPR-08 · Bremen
2023-10-22,DRV-SPR-08,Drive sprocket 08,Drive,Bremen,HB,0,0,0,0,DRV-SPR-08 · Bremen
2023-10-23,DRV-SPR-08,Drive sprocket 08,Drive,Bremen,HB,0,0,0,0,DRV-SPR-08 · Bremen
2023-10-24,DRV-SPR-08,Drive sprocket 08,Drive,Bremen,HB,0,0,0,0,DRV-SPR-08 · Bremen
2023-10-25,DRV-SPR-08,Drive sprocket 08,Drive,Bremen,HB,0,0,0,0,DRV-SPR-08 · Bremen
2023-10-26,DRV-SPR-08,Drive sprocket 08,Drive,Bremen,HB,0,0,0,0,DRV-SPR-08 · Bremen
2023-10-27,DRV-SPR-08,Drive sprocket 08,Drive,Bremen,HB,0,0,0,0,DRV-SPR-08 · Bremen
2023-10-28,DRV-SPR-08,Drive sprocket 08,Drive,Bremen,HB,0,0,0,0,DRV-SPR-08 · Bremen
2023-10-29,DRV-SPR-08,Drive sprocket 08,Drive,Bremen,HB,0,0,0,0,DRV-SPR-08 · Bremen
2023-10-30,DRV-SPR-08,Drive sprocket 08,Drive,Bremen,HB,0,0,0,0,DRV-SPR-08 · Bremen
2023-10-31,DRV-SPR-08,Drive sprocket 08,Drive,Bremen,HB,1,0,0,0,DRV-SPR-08 · Bremen
2023-11-01,DRV-SPR-08,Drive sprocket 08,Drive,Bremen,HB,0,0,0,5,DRV-SPR-08 · Bremen
2023-11-02,DRV-SPR-08,Drive sprocket 08,Drive,Bremen,HB,0,0,0,0,DRV-SPR-08 · Bremen
2023-11-03,DRV-SPR-08,Drive sprocket 08,Drive,Bremen,HB,0,0,0,0,DRV-SPR-08 · Bremen
2023-11-04,DRV-SPR-08,Drive sprocket 08,Drive,Bremen,HB,0,0,0,0,DRV-SPR-08 · Bremen
2023-11-05,DRV-SPR-08,Drive sprocket 08,Drive,Bremen,HB,0,0,0,0,DRV-SPR-08 · Bremen
2023-11-06,DRV-SPR-08,Drive sprocket 08,Drive,Bremen,HB,0,0,0,0,DRV-SPR-08 · Bremen
2023-11-07,DRV-SPR-08,Drive sprocket 08,Drive,Bremen,HB,0,0,0,0,DRV-SPR-08 · Bremen
2023-11-08,DRV-SPR-08,Drive sprocket 08,Drive,Bremen,HB,0,0,0,0,DRV-SPR-08 · Bremen
2023-11-09,DRV-SPR-08,Drive sprocket 08,Drive,Bremen,HB,0,0,0,0,DRV-SPR-08 · Bremen
2023-11-10,DRV-SPR-08,Drive sprocket 08,Drive,Bremen,HB,0,0,0,0,DRV-SPR-08 · Bremen
2023-11-11,DRV-SPR-08,Drive sprocket 08,Drive,Bremen,HB,0,0,0,0,DRV-SPR-08 · Bremen
2023-11-12,DRV-SPR-08,Drive sprocket 08,Drive,Bremen,HB,0,0,0,0,DRV-SPR-08 · Bremen
2023-11-13,DRV-SPR-08,Drive sprocket 08,Drive,Bremen,HB,0,0,0,0,DRV-SPR-08 · Bremen
2023-11-14,DRV-SPR-08,Drive sprocket 08,Drive,Bremen,HB,0,0,0,0,DRV-SPR-08 · Bremen
2023-11-15,DRV-SPR-08,Drive sprocket 08,Drive,Bremen,HB,0,0,0,0,DRV-SPR-08 · Bremen
2023-11-16,DRV-SPR-08,Drive sprocket 08,Drive,Bremen,HB,0,0,0,0,DRV-SPR-08 · Bremen
2023-11-17,DRV-SPR-08,Drive sprocket 08,Drive,Bremen,HB,0,0,0,0,DRV-SPR-08 · Bremen
2023-11-18,DRV-SPR-08,Drive sprocket 08,Drive,Bremen,HB,0,0,0,0,DRV-SPR-08 · Bremen
2023-11-19,DRV-SPR-08,Drive sprocket 08,Drive,Bremen,HB,0,0,0,0,DRV-SPR-08 · Bremen
2023-11-20,DRV-SPR-08,Drive sprocket 08,Drive,Bremen,HB,0,0,0,0,DRV-SPR-08 · Bremen
2023-11-21,DRV-SPR-08,Drive sprocket 08,Drive,Bremen,HB,0,0,0,0,DRV-SPR-08 · Bremen
2023-11-22,DRV-SPR-08,Drive sprocket 08,Drive,Bremen,HB,0,0,0,0,DRV-SPR-08 · Bremen
2023-11-23,DRV-SPR-08,Drive sprocket 08,Drive,Bremen,HB,0,0,0,0,DRV-SPR-08 · Bremen
2023-11-24,DRV-SPR-08,Drive sprocket 08,Drive,Bremen,HB,0,0,0,0,DRV-SPR-08 · Bremen
2023-11-25,DRV-SPR-08,Drive sprocket 08,Drive,Bremen,HB,0,0,0,0,DRV-SPR-08 · Bremen
2023-11-26,DRV-SPR-08,Drive sprocket 08,Drive,Bremen,HB,0,0,0,0,DRV-SPR-08 · Bremen
2023-11-27,DRV-SPR-08,Drive sprocket 08,Drive,Bremen,HB,0,0,0,0,DRV-SPR-08 · Bremen
2023-11-28,DRV-SPR-08,Drive sprocket 08,Drive,Bremen,HB,0,0,0,2,DRV-SPR-08 · Bremen
2023-11-29,DRV-SPR-08,Drive sprocket 08,Drive,Bremen,HB,0,0,0,0,DRV-SPR-08 · Bremen
2023-11-30,DRV-SPR-08,Drive sprocket 08,Drive,Bremen,HB,0,0,0,12,DRV-SPR-08 · Bremen
2023-12-01,DRV-SPR-08,Drive sprocket 08,Drive,Bremen,HB,0,0,0,0,DRV-SPR-08 · Bremen
2023-12-02,DRV-SPR-08,Drive sprocket 08,Drive,Bremen,HB,0,0,0,0,DRV-SPR-08 · Bremen
2023-12-03,DRV-SPR-08,Drive sprocket 08,Drive,Bremen,HB,0,0,0,0,DRV-SPR-08 · Bremen
2023-12-04,DRV-SPR-08,Drive sprocket 08,Drive,Bremen,HB,0,0,0,0,DRV-SPR-08 · Bremen
2023-12-05,DRV-SPR-08,Drive sprocket 08,Drive,Bremen,HB,0,0,0,0,DRV-SPR-08 · Bremen
2023-12-06,DRV-SPR-08,Drive sprocket 08,Drive,Bremen,HB,0,0,0,0,DRV-SPR-08 · Bremen
2023-12-07,DRV-SPR-08,Drive sprocket 08,Drive,Bremen,HB,0,0,0,0,DRV-SPR-08 · Bremen
2023-12-08,DRV-SPR-08,Drive sprocket 08,Drive,Bremen,HB,0,0,0,0,DRV-SPR-08 · Bremen
2023-12-09,DRV-SPR-08,Drive sprocket 08,Drive,Bremen,HB,0,0,0,0,DRV-SPR-08 · Bremen
2023-12-10,DRV-SPR-08,Drive sprocket 08,Drive,Bremen,HB,0,0,0,0,DRV-SPR-08 · Bremen
2023-12-11,DRV-SPR-08,Drive sprocket 08,Drive,Bremen,HB,0,0,0,0,DRV-SPR-08 · Bremen
2023-12-12,DRV-SPR-08,Drive sprocket 08,Drive,Bremen,HB,0,0,0,0,DRV-SPR-08 · Bremen
2023-12-13,DRV-SPR-08,Drive sprocket 08,Drive,Bremen,HB,0,0,0,0,DRV-SPR-08 · Bremen
2023-12-14,DRV-SPR-08,Drive sprocket 08,Drive,Bremen,HB,0,0,0,0,DRV-SPR-08 · Bremen
2023-12-15,DRV-SPR-08,Drive sprocket 08,Drive,Bremen,HB,0,0,0,0,DRV-SPR-08 · Bremen
2023-12-16,DRV-SPR-08,Drive sprocket 08,Drive,Bremen,HB,0,0,0,0,DRV-SPR-08 · Bremen
2023-12-17,DRV-SPR-08,Drive sprocket 08,Drive,Bremen,HB,0,0,0,0,DRV-SPR-08 · Bremen
2023-12-18,DRV-SPR-08,Drive sprocket 08,Drive,Bremen,HB,0,0,0,0,DRV-SPR-08 · Bremen
2023-12-19,DRV-SPR-08,Drive sprocket 08,Drive,Bremen,HB,0,0,0,0,DRV-SPR-08 · Bremen
2023-12-20,DRV-SPR-08,Drive sprocket 08,Drive,Bremen,HB,0,0,0,0,DRV-SPR-08 · Bremen
2023-12-21,DRV-SPR-08,Drive sprocket 08,Drive,Bremen,HB,0,0,0,0,DRV-SPR-08 · Bremen
2023-12-22,DRV-SPR-08,Drive sprocket 08,Drive,Bremen,HB,0,0,0,0,DRV-SPR-08 · Bremen
2023-12-23,DRV-SPR-08,Drive sprocket 08,Drive,Bremen,HB,0,0,0,0,DRV-SPR-08 · Bremen
2023-12-24,DRV-SPR-08,Drive sprocket 08,Drive,Bremen,HB,0,1,0,0,DRV-SPR-08 · Bremen
2023-12-25,DRV-SPR-08,Drive sprocket 08,Drive,Bremen,HB,1,1,0,0,DRV-SPR-08 · Bremen
2023-12-26,DRV-SPR-08,Drive sprocket 08,Drive,Bremen,HB,1,1,0,0,DRV-SPR-08 · Bremen
2023-12-27,DRV-SPR-08,Drive sprocket 08,Drive,Bremen,HB,0,1,0,0,DRV-SPR-08 · Bremen
2023-12-28,DRV-SPR-08,Drive sprocket 08,Drive,Bremen,HB,0,1,0,0,DRV-SPR-08 · Bremen
2023-12-29,DRV-SPR-08,Drive sprocket 08,Drive,Bremen,HB,0,1,0,0,DRV-SPR-08 · Bremen
2023-12-30,DRV-SPR-08,Drive sprocket 08,Drive,Bremen,HB,0,1,0,0,DRV-SPR-08 · Bremen
2023-12-31,DRV-SPR-08,Drive sprocket 08,Drive,Bremen,HB,0,1,0,0,DRV-SPR-08 · Bremen
2024-01-01,DRV-SPR-08,Drive sprocket 08,Drive,Bremen,HB,1,1,0,0,DRV-SPR-08 · Bremen
2024-01-02,DRV-SPR-08,Drive sprocket 08,Drive,Bremen,HB,0,1,0,0,DRV-SPR-08 · Bremen
2024-01-03,DRV-SPR-08,Drive sprocket 08,Drive,Bremen,HB,0,0,0,6,DRV-SPR-08 · Bremen
2024-01-04,DRV-SPR-08,Drive sprocket 08,Drive,Bremen,HB,0,0,0,0,DRV-SPR-08 · Bremen
2024-01-05,DRV-SPR-08,Drive sprocket 08,Drive,Bremen,HB,0,0,0,0,DRV-SPR-08 · Bremen
2024-01-06,DRV-SPR-08,Drive sprocket 08,Drive,Bremen,HB,0,0,0,0,DRV-SPR-08 · Bremen
2024-01-07,DRV-SPR-08,Drive sprocket 08,Drive,Bremen,HB,0,0,0,0,DRV-SPR-08 · Bremen
2024-01-08,DRV-SPR-08,Drive sprocket 08,Drive,Bremen,HB,0,0,0,0,DRV-SPR-08 · Bremen
2024-01-09,DRV-SPR-08,Drive sprocket 08,Drive,Bremen,HB,0,0,0,0,DRV-SPR-08 · Bremen
2024-01-10,DRV-SPR-08,Drive sprocket 08,Drive,Bremen,HB,0,0,0,2,DRV-SPR-08 · Bremen
2024-01-11,DRV-SPR-08,Drive sprocket 08,Drive,Bremen,HB,0,0,0,0,DRV-SPR-08 · Bremen
2024-01-12,DRV-SPR-08,Drive sprocket 08,Drive,Bremen,HB,0,0,0,0,DRV-SPR-08 · Bremen
2024-01-13,DRV-SPR-08,Drive sprocket 08,Drive,Bremen,HB,0,0,0,2,DRV-SPR-08 · Bremen
2024-01-14,DRV-SPR-08,Drive sprocket 08,Drive,Bremen,HB,0,0,0,0,DRV-SPR-08 · Bremen
2024-01-15,DRV-SPR-08,Drive sprocket 08,Drive,Bremen,HB,0,0,0,0,DRV-SPR-08 · Bremen
2024-01-16,DRV-SPR-08,Drive sprocket 08,Drive,Bremen,HB,0,0,0,0,DRV-SPR-08 · Bremen
2024-01-17,DRV-SPR-08,Drive sprocket 08,Drive,Bremen,HB,0,0,0,0,DRV-SPR-08 · Bremen
2024-01-18,DRV-SPR-08,Drive sprocket 08,Drive,Bremen,HB,0,0,0,0,DRV-SPR-08 · Bremen
2024-01-19,DRV-SPR-08,Drive sprocket 08,Drive,Bremen,HB,0,0,0,0,DRV-SPR-08 · Bremen
2024-01-20,DRV-SPR-08,Drive sprocket 08,Drive,Bremen,HB,0,0,0,0,DRV-SPR-08 · Bremen
2024-01-21,DRV-SPR-08,Drive sprocket 08,Drive,Bremen,HB,0,0,0,0,DRV-SPR-08 · Bremen
2024-01-22,DRV-SPR-08,Drive sprocket 08,Drive,Bremen,HB,0,0,0,0,DRV-SPR-08 · Bremen
2024-01-23,DRV-SPR-08,Drive sprocket 08,Drive,Bremen,HB,0,0,0,0,DRV-SPR-08 · Bremen
2024-01-24,DRV-SPR-08,Drive sprocket 08,Drive,Bremen,HB,0,0,0,0,DRV-SPR-08 · Bremen
2024-01-25,DRV-SPR-08,Drive sprocket 08,Drive,Bremen,HB,0,0,0,0,DRV-SPR-08 · Bremen
2024-01-26,DRV-SPR-08,Drive sprocket 08,Drive,Bremen,HB,0,0,0,0,DRV-SPR-08 · Bremen
2024-01-27,DRV-SPR-08,Drive sprocket 08,Drive,Bremen,HB,0,0,0,0,DRV-SPR-08 · Bremen
2024-01-28,DRV-SPR-08,Drive sprocket 08,Drive,Bremen,HB,0,0,0,0,DRV-SPR-08 · Bremen
2024-01-29,DRV-SPR-08,Drive sprocket 08,Drive,Bremen,HB,0,0,0,0,DRV-SPR-08 · Bremen
2024-01-30,DRV-SPR-08,Drive sprocket 08,Drive,Bremen,HB,0,0,0,0,DRV-SPR-08 · Bremen
2024-01-31,DRV-SPR-08,Drive sprocket 08,Drive,Bremen,HB,0,0,0,11,DRV-SPR-08 · Bremen
2024-02-01,DRV-SPR-08,Drive sprocket 08,Drive,Bremen,HB,0,0,0,0,DRV-SPR-08 · Bremen
2024-02-02,DRV-SPR-08,Drive sprocket 08,Drive,Bremen,HB,0,0,0,3,DRV-SPR-08 · Bremen
2024-02-03,DRV-SPR-08,Drive sprocket 08,Drive,Bremen,HB,0,0,0,0,DRV-SPR-08 · Bremen
2024-02-04,DRV-SPR-08,Drive sprocket 08,Drive,Bremen,HB,0,0,0,0,DRV-SPR-08 · Bremen
2024-02-05,DRV-SPR-08,Drive sprocket 08,Drive,Bremen,HB,0,0,0,0,DRV-SPR-08 · Bremen
2024-02-06,DRV-SPR-08,Drive sprocket 08,Drive,Bremen,HB,0,0,0,0,DRV-SPR-08 · Bremen
2024-02-07,DRV-SPR-08,Drive sprocket 08,Drive,Bremen,HB,0,0,0,0,DRV-SPR-08 · Bremen
2024-02-08,DRV-SPR-08,Drive sprocket 08,Drive,Bremen,HB,0,0,0,1,DRV-SPR-08 · Bremen
2024-02-09,DRV-SPR-08,Drive sprocket 08,Drive,Bremen,HB,0,0,0,0,DRV-SPR-08 · Bremen
2024-02-10,DRV-SPR-08,Drive sprocket 08,Drive,Bremen,HB,0,0,0,0,DRV-SPR-08 · Bremen
2024-02-11,DRV-SPR-08,Drive sprocket 08,Drive,Bremen,HB,0,0,0,0,DRV-SPR-08 · Bremen
2024-02-12,DRV-SPR-08,Drive sprocket 08,Drive,Bremen,HB,0,0,0,0,DRV-SPR-08 · Bremen
2024-02-13,DRV-SPR-08,Drive sprocket 08,Drive,Bremen,HB,0,0,0,0,DRV-SPR-08 · Bremen
2024-02-14,DRV-SPR-08,Drive sprocket 08,Drive,Bremen,HB,0,0,0,0,DRV-SPR-08 · Bremen
2024-02-15,DRV-SPR-08,Drive sprocket 08,Drive,Bremen,HB,0,0,0,0,DRV-SPR-08 · Bremen
2024-02-16,DRV-SPR-08,Drive sprocket 08,Drive,Bremen,HB,0,0,0,0,DRV-SPR-08 · Bremen
2024-02-17,DRV-SPR-08,Drive sprocket 08,Drive,Bremen,HB,0,0,0,0,DRV-SPR-08 · Bremen
2024-02-18,DRV-SPR-08,Drive sprocket 08,Drive,Bremen,HB,0,0,0,0,DRV-SPR-08 · Bremen
2024-02-19,DRV-SPR-08,Drive sprocket 08,Drive,Bremen,HB,0,0,0,0,DRV-SPR-08 · Bremen
2024-02-20,DRV-SPR-08,Drive sprocket 08,Drive,Bremen,HB,0,0,0,0,DRV-SPR-08 · Bremen
2024-02-21,DRV-SPR-08,Drive sprocket 08,Drive,Bremen,HB,0,0,0,0,DRV-SPR-08 · Bremen
2024-02-22,DRV-SPR-08,Drive sprocket 08,Drive,Bremen,HB,0,0,0,0,DRV-SPR-08 · Bremen
2024-02-23,DRV-SPR-08,Drive sprocket 08,Drive,Bremen,HB,0,0,0,0,DRV-SPR-08 · Bremen
2024-02-24,DRV-SPR-08,Drive sprocket 08,Drive,Bremen,HB,0,0,0,0,DRV-SPR-08 · Bremen
2024-02-25,DRV-SPR-08,Drive sprocket 08,Drive,Bremen,HB,0,0,0,0,DRV-SPR-08 · Bremen
2024-02-26,DRV-SPR-08,Drive sprocket 08,Drive,Bremen,HB,0,0,0,0,DRV-SPR-08 · Bremen
2024-02-27,DRV-SPR-08,Drive sprocket 08,Drive,Bremen,HB,0,0,0,0,DRV-SPR-08 · Bremen
2024-02-28,DRV-SPR-08,Drive sprocket 08,Drive,Bremen,HB,0,0,0,0,DRV-SPR-08 · Bremen
2024-02-29,DRV-SPR-08,Drive sprocket 08,Drive,Bremen,HB,0,0,0,0,DRV-SPR-08 · Bremen
2024-03-01,DRV-SPR-08,Drive sprocket 08,Drive,Bremen,HB,0,0,1,4,DRV-SPR-08 · Bremen
2024-03-02,DRV-SPR-08,Drive sprocket 08,Drive,Bremen,HB,0,0,1,0,DRV-SPR-08 · Bremen
2024-03-03,DRV-SPR-08,Drive sprocket 08,Drive,Bremen,HB,0,0,1,5,DRV-SPR-08 · Bremen
2024-03-04,DRV-SPR-08,Drive sprocket 08,Drive,Bremen,HB,0,0,1,0,DRV-SPR-08 · Bremen
2024-03-05,DRV-SPR-08,Drive sprocket 08,Drive,Bremen,HB,0,0,1,0,DRV-SPR-08 · Bremen
2024-03-06,DRV-SPR-08,Drive sprocket 08,Drive,Bremen,HB,0,0,1,7,DRV-SPR-08 · Bremen
2024-03-07,DRV-SPR-08,Drive sprocket 08,Drive,Bremen,HB,0,0,1,0,DRV-SPR-08 · Bremen
2024-03-08,DRV-SPR-08,Drive sprocket 08,Drive,Bremen,HB,0,0,0,0,DRV-SPR-08 · Bremen
2024-03-09,DRV-SPR-08,Drive sprocket 08,Drive,Bremen,HB,0,0,0,0,DRV-SPR-08 · Bremen
2024-03-10,DRV-SPR-08,Drive sprocket 08,Drive,Bremen,HB,0,0,0,0,DRV-SPR-08 · Bremen
2024-03-11,DRV-SPR-08,Drive sprocket 08,Drive,Bremen,HB,0,0,0,0,DRV-SPR-08 · Bremen
2024-03-12,DRV-SPR-08,Drive sprocket 08,Drive,Bremen,HB,0,0,0,0,DRV-SPR-08 · Bremen
2024-03-13,DRV-SPR-08,Drive sprocket 08,Drive,Bremen,HB,0,0,0,0,DRV-SPR-08 · Bremen
2024-03-14,DRV-SPR-08,Drive sprocket 08,Drive,Bremen,HB,0,0,0,3,DRV-SPR-08 · Bremen
2024-03-15,DRV-SPR-08,Drive sprocket 08,Drive,Bremen,HB,0,0,0,0,DRV-SPR-08 · Bremen
2024-03-16,DRV-SPR-08,Drive sprocket 08,Drive,Bremen,HB,0,0,0,0,DRV-SPR-08 · Bremen
2024-03-17,DRV-SPR-08,Drive sprocket 08,Drive,Bremen,HB,0,0,0,0,DRV-SPR-08 · Bremen
2024-03-18,DRV-SPR-08,Drive sprocket 08,Drive,Bremen,HB,0,0,0,0,DRV-SPR-08 · Bremen
2024-03-19,DRV-SPR-08,Drive sprocket 08,Drive,Bremen,HB,0,0,0,0,DRV-SPR-08 · Bremen
2024-03-20,DRV-SPR-08,Drive sprocket 08,Drive,Bremen,HB,0,0,0,0,DRV-SPR-08 · Bremen
2024-03-21,DRV-SPR-08,Drive sprocket 08,Drive,Bremen,HB,0,0,0,4,DRV-SPR-08 · Bremen
2024-03-22,DRV-SPR-08,Drive sprocket 08,Drive,Bremen,HB,0,0,0,0,DRV-SPR-08 · Bremen
2024-03-23,DRV-SPR-08,Drive sprocket 08,Drive,Bremen,HB,0,0,0,5,DRV-SPR-08 · Bremen
2024-03-24,DRV-SPR-08,Drive sprocket 08,Drive,Bremen,HB,0,0,0,3,DRV-SPR-08 · Bremen
2024-03-25,DRV-SPR-08,Drive sprocket 08,Drive,Bremen,HB,0,0,0,0,DRV-SPR-08 · Bremen
2024-03-26,DRV-SPR-08,Drive sprocket 08,Drive,Bremen,HB,0,0,0,0,DRV-SPR-08 · Bremen
2024-03-27,DRV-SPR-08,Drive sprocket 08,Drive,Bremen,HB,0,0,0,0,DRV-SPR-08 · Bremen
2024-03-28,DRV-SPR-08,Drive sprocket 08,Drive,Bremen,HB,0,0,0,0,DRV-SPR-08 · Bremen
2024-03-29,DRV-SPR-08,Drive sprocket 08,Drive,Bremen,HB,1,0,0,0,DRV-SPR-08 · Bremen
2024-03-30,DRV-SPR-08,Drive sprocket 08,Drive,Bremen,HB,0,0,0,0,DRV-SPR-08 · Bremen
2024-03-31,DRV-SPR-08,Drive sprocket 08,Drive,Bremen,HB,0,0,0,0,DRV-SPR-08 · Bremen
2024-04-01,DRV-SPR-08,Drive sprocket 08,Drive,Bremen,HB,1,0,0,0,DRV-SPR-08 · Bremen
2024-04-02,DRV-SPR-08,Drive sprocket 08,Drive,Bremen,HB,0,0,0,6,DRV-SPR-08 · Bremen
2024-04-03,DRV-SPR-08,Drive sprocket 08,Drive,Bremen,HB,0,0,0,0,DRV-SPR-08 · Bremen
2024-04-04,DRV-SPR-08,Drive sprocket 08,Drive,Bremen,HB,0,0,0,1,DRV-SPR-08 · Bremen
2024-04-05,DRV-SPR-08,Drive sprocket 08,Drive,Bremen,HB,0,0,0,0,DRV-SPR-08 · Bremen
2024-04-06,DRV-SPR-08,Drive sprocket 08,Drive,Bremen,HB,0,0,0,0,DRV-SPR-08 · Bremen
2024-04-07,DRV-SPR-08,Drive sprocket 08,Drive,Bremen,HB,0,0,0,0,DRV-SPR-08 · Bremen
2024-04-08,DRV-SPR-08,Drive sprocket 08,Drive,Bremen,HB,0,0,0,0,DRV-SPR-08 · Bremen
2024-04-09,DRV-SPR-08,Drive sprocket 08,Drive,Bremen,HB,0,0,0,5,DRV-SPR-08 · Bremen
2024-04-10,DRV-SPR-08,Drive sprocket 08,Drive,Bremen,HB,0,0,0,0,DRV-SPR-08 · Bremen
2024-04-11,DRV-SPR-08,Drive sprocket 08,Drive,Bremen,HB,0,0,0,0,DRV-SPR-08 · Bremen
2024-04-12,DRV-SPR-08,Drive sprocket 08,Drive,Bremen,HB,0,0,0,0,DRV-SPR-08 · Bremen
2024-04-13,DRV-SPR-08,Drive sprocket 08,Drive,Bremen,HB,0,0,0,0,DRV-SPR-08 · Bremen
2024-04-14,DRV-SPR-08,Drive sprocket 08,Drive,Bremen,HB,0,0,0,5,DRV-SPR-08 · Bremen
2024-04-15,DRV-SPR-08,Drive sprocket 08,Drive,Bremen,HB,0,0,0,0,DRV-SPR-08 · Bremen
2024-04-16,DRV-SPR-08,Drive sprocket 08,Drive,Bremen,HB,0,0,0,0,DRV-SPR-08 · Bremen
2024-04-17,DRV-SPR-08,Drive sprocket 08,Drive,Bremen,HB,0,0,0,4,DRV-SPR-08 · Bremen
2024-04-18,DRV-SPR-08,Drive sprocket 08,Drive,Bremen,HB,0,0,0,0,DRV-SPR-08 · Bremen
2024-04-19,DRV-SPR-08,Drive sprocket 08,Drive,Bremen,HB,0,0,0,0,DRV-SPR-08 · Bremen
2024-04-20,DRV-SPR-08,Drive sprocket 08,Drive,Bremen,HB,0,0,0,0,DRV-SPR-08 · Bremen
2024-04-21,DRV-SPR-08,Drive sprocket 08,Drive,Bremen,HB,0,0,0,0,DRV-SPR-08 · Bremen
2024-04-22,DRV-SPR-08,Drive sprocket 08,Drive,Bremen,HB,0,0,0,0,DRV-SPR-08 · Bremen
2024-04-23,DRV-SPR-08,Drive sprocket 08,Drive,Bremen,HB,0,0,0,0,DRV-SPR-08 · Bremen
2024-04-24,DRV-SPR-08,Drive sprocket 08,Drive,Bremen,HB,0,0,0,0,DRV-SPR-08 · Bremen
2024-04-25,DRV-SPR-08,Drive sprocket 08,Drive,Bremen,HB,0,0,0,9,DRV-SPR-08 · Bremen
2024-04-26,DRV-SPR-08,Drive sprocket 08,Drive,Bremen,HB,0,0,0,0,DRV-SPR-08 · Bremen
2024-04-27,DRV-SPR-08,Drive sprocket 08,Drive,Bremen,HB,0,0,0,0,DRV-SPR-08 · Bremen
2024-04-28,DRV-SPR-08,Drive sprocket 08,Drive,Bremen,HB,0,0,0,0,DRV-SPR-08 · Bremen
2024-04-29,DRV-SPR-08,Drive sprocket 08,Drive,Bremen,HB,0,0,0,0,DRV-SPR-08 · Bremen
2024-04-30,DRV-SPR-08,Drive sprocket 08,Drive,Bremen,HB,0,0,0,0,DRV-SPR-08 · Bremen
2024-05-01,DRV-SPR-08,Drive sprocket 08,Drive,Bremen,HB,1,0,0,0,DRV-SPR-08 · Bremen
2024-05-02,DRV-SPR-08,Drive sprocket 08,Drive,Bremen,HB,0,0,0,0,DRV-SPR-08 · Bremen
2024-05-03,DRV-SPR-08,Drive sprocket 08,Drive,Bremen,HB,0,0,0,0,DRV-SPR-08 · Bremen
2024-05-04,DRV-SPR-08,Drive sprocket 08,Drive,Bremen,HB,0,0,0,0,DRV-SPR-08 · Bremen
2024-05-05,DRV-SPR-08,Drive sprocket 08,Drive,Bremen,HB,0,0,0,0,DRV-SPR-08 · Bremen
2024-05-06,DRV-SPR-08,Drive sprocket 08,Drive,Bremen,HB,0,0,0,0,DRV-SPR-08 · Bremen
2024-05-07,DRV-SPR-08,Drive sprocket 08,Drive,Bremen,HB,0,0,0,0,DRV-SPR-08 · Bremen
2024-05-08,DRV-SPR-08,Drive sprocket 08,Drive,Bremen,HB,0,0,0,0,DRV-SPR-08 · Bremen
2024-05-09,DRV-SPR-08,Drive sprocket 08,Drive,Bremen,HB,1,0,0,0,DRV-SPR-08 · Bremen
2024-05-10,DRV-SPR-08,Drive sprocket 08,Drive,Bremen,HB,0,0,0,6,DRV-SPR-08 · Bremen
2024-05-11,DRV-SPR-08,Drive sprocket 08,Drive,Bremen,HB,0,0,0,2,DRV-SPR-08 · Bremen
2024-05-12,DRV-SPR-08,Drive sprocket 08,Drive,Bremen,HB,0,0,0,0,DRV-SPR-08 · Bremen
2024-05-13,DRV-SPR-08,Drive sprocket 08,Drive,Bremen,HB,0,0,0,4,DRV-SPR-08 · Bremen
2024-05-14,DRV-SPR-08,Drive sprocket 08,Drive,Bremen,HB,0,0,0,0,DRV-SPR-08 · Bremen
2024-05-15,DRV-SPR-08,Drive sprocket 08,Drive,Bremen,HB,0,0,0,0,DRV-SPR-08 · Bremen
2024-05-16,DRV-SPR-08,Drive sprocket 08,Drive,Bremen,HB,0,0,0,0,DRV-SPR-08 · Bremen
2024-05-17,DRV-SPR-08,Drive sprocket 08,Drive,Bremen,HB,0,0,0,0,DRV-SPR-08 · Bremen
2024-05-18,DRV-SPR-08,Drive sprocket 08,Drive,Bremen,HB,0,0,0,0,DRV-SPR-08 · Bremen
2024-05-19,DRV-SPR-08,Drive sprocket 08,Drive,Bremen,HB,0,0,0,0,DRV-SPR-08 · Bremen
2024-05-20,DRV-SPR-08,Drive sprocket 08,Drive,Bremen,HB,1,0,0,0,DRV-SPR-08 · Bremen
2024-05-21,DRV-SPR-08,Drive sprocket 08,Drive,Bremen,HB,0,0,0,0,DRV-SPR-08 · Bremen
2024-05-22,DRV-SPR-08,Drive sprocket 08,Drive,Bremen,HB,0,0,0,0,DRV-SPR-08 · Bremen
2024-05-23,DRV-SPR-08,Drive sprocket 08,Drive,Bremen,HB,0,0,0,0,DRV-SPR-08 · Bremen
2024-05-24,DRV-SPR-08,Drive sprocket 08,Drive,Bremen,HB,0,0,0,0,DRV-SPR-08 · Bremen
2024-05-25,DRV-SPR-08,Drive sprocket 08,Drive,Bremen,HB,0,0,0,0,DRV-SPR-08 · Bremen
2024-05-26,DRV-SPR-08,Drive sprocket 08,Drive,Bremen,HB,0,0,0,0,DRV-SPR-08 · Bremen
2024-05-27,DRV-SPR-08,Drive sprocket 08,Drive,Bremen,HB,0,0,0,0,DRV-SPR-08 · Bremen
2024-05-28,DRV-SPR-08,Drive sprocket 08,Drive,Bremen,HB,0,0,0,0,DRV-SPR-08 · Bremen
2024-05-29,DRV-SPR-08,Drive sprocket 08,Drive,Bremen,HB,0,0,0,4,DRV-SPR-08 · Bremen
2024-05-30,DRV-SPR-08,Drive sprocket 08,Drive,Bremen,HB,0,0,0,0,DRV-SPR-08 · Bremen
2024-05-31,DRV-SPR-08,Drive sprocket 08,Drive,Bremen,HB,0,0,0,0,DRV-SPR-08 · Bremen
2024-06-01,DRV-SPR-08,Drive sprocket 08,Drive,Bremen,HB,0,0,0,1,DRV-SPR-08 · Bremen
2024-06-02,DRV-SPR-08,Drive sprocket 08,Drive,Bremen,HB,0,0,0,0,DRV-SPR-08 · Bremen
2024-06-03,DRV-SPR-08,Drive sprocket 08,Drive,Bremen,HB,0,0,0,0,DRV-SPR-08 · Bremen
2024-06-04,DRV-SPR-08,Drive sprocket 08,Drive,Bremen,HB,0,0,0,0,DRV-SPR-08 · Bremen
2024-06-05,DRV-SPR-08,Drive sprocket 08,Drive,Bremen,HB,0,0,0,0,DRV-SPR-08 · Bremen
2024-06-06,DRV-SPR-08,Drive sprocket 08,Drive,Bremen,HB,0,0,0,0,DRV-SPR-08 · Bremen
2024-06-07,DRV-SPR-08,Drive sprocket 08,Drive,Bremen,HB,0,0,0,0,DRV-SPR-08 · Bremen
2024-06-08,DRV-SPR-08,Drive sprocket 08,Drive,Bremen,HB,0,0,0,0,DRV-SPR-08 · Bremen
2024-06-09,DRV-SPR-08,Drive sprocket 08,Drive,Bremen,HB,0,0,0,0,DRV-SPR-08 · Bremen
2024-06-10,DRV-SPR-08,Drive sprocket 08,Drive,Bremen,HB,0,0,0,0,DRV-SPR-08 · Bremen
2024-06-11,DRV-SPR-08,Drive sprocket 08,Drive,Bremen,HB,0,0,0,0,DRV-SPR-08 · Bremen
2024-06-12,DRV-SPR-08,Drive sprocket 08,Drive,Bremen,HB,0,0,0,0,DRV-SPR-08 · Bremen
2024-06-13,DRV-SPR-08,Drive sprocket 08,Drive,Bremen,HB,0,0,0,0,DRV-SPR-08 · Bremen
2024-06-14,DRV-SPR-08,Drive sprocket 08,Drive,Bremen,HB,0,0,0,0,DRV-SPR-08 · Bremen
2024-06-15,DRV-SPR-08,Drive sprocket 08,Drive,Bremen,HB,0,0,0,0,DRV-SPR-08 · Bremen
2024-06-16,DRV-SPR-08,Drive sprocket 08,Drive,Bremen,HB,0,0,0,0,DRV-SPR-08 · Bremen
2024-06-17,DRV-SPR-08,Drive sprocket 08,Drive,Bremen,HB,0,0,0,0,DRV-SPR-08 · Bremen
2024-06-18,DRV-SPR-08,Drive sprocket 08,Drive,Bremen,HB,0,0,0,0,DRV-SPR-08 · Bremen
2024-06-19,DRV-SPR-08,Drive sprocket 08,Drive,Bremen,HB,0,0,0,0,DRV-SPR-08 · Bremen
2024-06-20,DRV-SPR-08,Drive sprocket 08,Drive,Bremen,HB,0,0,0,0,DRV-SPR-08 · Bremen
2024-06-21,DRV-SPR-08,Drive sprocket 08,Drive,Bremen,HB,0,0,0,0,DRV-SPR-08 · Bremen
2024-06-22,DRV-SPR-08,Drive sprocket 08,Drive,Bremen,HB,0,0,0,0,DRV-SPR-08 · Bremen
2024-06-23,DRV-SPR-08,Drive sprocket 08,Drive,Bremen,HB,0,0,0,0,DRV-SPR-08 · Bremen
2024-06-24,DRV-SPR-08,Drive sprocket 08,Drive,Bremen,HB,0,0,0,0,DRV-SPR-08 · Bremen
2024-06-25,DRV-SPR-08,Drive sprocket 08,Drive,Bremen,HB,0,0,0,0,DRV-SPR-08 · Bremen
2024-06-26,DRV-SPR-08,Drive sprocket 08,Drive,Bremen,HB,0,0,0,0,DRV-SPR-08 · Bremen
2024-06-27,DRV-SPR-08,Drive sprocket 08,Drive,Bremen,HB,0,0,0,0,DRV-SPR-08 · Bremen
2024-06-28,DRV-SPR-08,Drive sprocket 08,Drive,Bremen,HB,0,0,0,0,DRV-SPR-08 · Bremen
2024-06-29,DRV-SPR-08,Drive sprocket 08,Drive,Bremen,HB,0,0,0,0,DRV-SPR-08 · Bremen
2024-06-30,DRV-SPR-08,Drive sprocket 08,Drive,Bremen,HB,0,0,0,0,DRV-SPR-08 · Bremen
2024-07-01,DRV-SPR-08,Drive sprocket 08,Drive,Bremen,HB,0,0,0,0,DRV-SPR-08 · Bremen
2024-07-02,DRV-SPR-08,Drive sprocket 08,Drive,Bremen,HB,0,0,0,0,DRV-SPR-08 · Bremen
2024-07-03,DRV-SPR-08,Drive sprocket 08,Drive,Bremen,HB,0,0,0,0,DRV-SPR-08 · Bremen
2024-07-04,DRV-SPR-08,Drive sprocket 08,Drive,Bremen,HB,0,0,0,0,DRV-SPR-08 · Bremen
2024-07-05,DRV-SPR-08,Drive sprocket 08,Drive,Bremen,HB,0,0,0,0,DRV-SPR-08 · Bremen
2024-07-06,DRV-SPR-08,Drive sprocket 08,Drive,Bremen,HB,0,0,0,0,DRV-SPR-08 · Bremen
2024-07-07,DRV-SPR-08,Drive sprocket 08,Drive,Bremen,HB,0,0,0,0,DRV-SPR-08 · Bremen
2024-07-08,DRV-SPR-08,Drive sprocket 08,Drive,Bremen,HB,0,0,0,0,DRV-SPR-08 · Bremen
2024-07-09,DRV-SPR-08,Drive sprocket 08,Drive,Bremen,HB,0,0,0,0,DRV-SPR-08 · Bremen
2024-07-10,DRV-SPR-08,Drive sprocket 08,Drive,Bremen,HB,0,0,0,0,DRV-SPR-08 · Bremen
2024-07-11,DRV-SPR-08,Drive sprocket 08,Drive,Bremen,HB,0,0,0,0,DRV-SPR-08 · Bremen
2024-07-12,DRV-SPR-08,Drive sprocket 08,Drive,Bremen,HB,0,0,0,0,DRV-SPR-08 · Bremen
2024-07-13,DRV-SPR-08,Drive sprocket 08,Drive,Bremen,HB,0,0,0,0,DRV-SPR-08 · Bremen
2024-07-14,DRV-SPR-08,Drive sprocket 08,Drive,Bremen,HB,0,0,0,0,DRV-SPR-08 · Bremen
2024-07-15,DRV-SPR-08,Drive sprocket 08,Drive,Bremen,HB,0,0,0,0,DRV-SPR-08 · Bremen
2024-07-16,DRV-SPR-08,Drive sprocket 08,Drive,Bremen,HB,0,0,0,0,DRV-SPR-08 · Bremen
2024-07-17,DRV-SPR-08,Drive sprocket 08,Drive,Bremen,HB,0,0,0,0,DRV-SPR-08 · Bremen
2024-07-18,DRV-SPR-08,Drive sprocket 08,Drive,Bremen,HB,0,0,0,0,DRV-SPR-08 · Bremen
2024-07-19,DRV-SPR-08,Drive sprocket 08,Drive,Bremen,HB,0,0,0,5,DRV-SPR-08 · Bremen
2024-07-20,DRV-SPR-08,Drive sprocket 08,Drive,Bremen,HB,0,0,0,0,DRV-SPR-08 · Bremen
2024-07-21,DRV-SPR-08,Drive sprocket 08,Drive,Bremen,HB,0,0,0,0,DRV-SPR-08 · Bremen
2024-07-22,DRV-SPR-08,Drive sprocket 08,Drive,Bremen,HB,0,0,0,0,DRV-SPR-08 · Bremen
2024-07-23,DRV-SPR-08,Drive sprocket 08,Drive,Bremen,HB,0,0,0,0,DRV-SPR-08 · Bremen
2024-07-24,DRV-SPR-08,Drive sprocket 08,Drive,Bremen,HB,0,0,0,0,DRV-SPR-08 · Bremen
2024-07-25,DRV-SPR-08,Drive sprocket 08,Drive,Bremen,HB,0,0,0,0,DRV-SPR-08 · Bremen
2024-07-26,DRV-SPR-08,Drive sprocket 08,Drive,Bremen,HB,0,0,0,0,DRV-SPR-08 · Bremen
2024-07-27,DRV-SPR-08,Drive sprocket 08,Drive,Bremen,HB,0,0,0,0,DRV-SPR-08 · Bremen
2024-07-28,DRV-SPR-08,Drive sprocket 08,Drive,Bremen,HB,0,0,0,0,DRV-SPR-08 · Bremen
2024-07-29,DRV-SPR-08,Drive sprocket 08,Drive,Bremen,HB,0,0,0,0,DRV-SPR-08 · Bremen
2024-07-30,DRV-SPR-08,Drive sprocket 08,Drive,Bremen,HB,0,0,0,0,DRV-SPR-08 · Bremen
2024-07-31,DRV-SPR-08,Drive sprocket 08,Drive,Bremen,HB,0,0,0,0,DRV-SPR-08 · Bremen
2024-08-01,DRV-SPR-08,Drive sprocket 08,Drive,Bremen,HB,0,0,0,0,DRV-SPR-08 · Bremen
2024-08-02,DRV-SPR-08,Drive sprocket 08,Drive,Bremen,HB,0,0,0,0,DRV-SPR-08 · Bremen
2024-08-03,DRV-SPR-08,Drive sprocket 08,Drive,Bremen,HB,0,0,0,0,DRV-SPR-08 · Bremen
2024-08-04,DRV-SPR-08,Drive sprocket 08,Drive,Bremen,HB,0,0,0,0,DRV-SPR-08 · Bremen
2024-08-05,DRV-SPR-08,Drive sprocket 08,Drive,Bremen,HB,0,1,0,5,DRV-SPR-08 · Bremen
2024-08-06,DRV-SPR-08,Drive sprocket 08,Drive,Bremen,HB,0,1,0,0,DRV-SPR-08 · Bremen
2024-08-07,DRV-SPR-08,Drive sprocket 08,Drive,Bremen,HB,0,1,0,0,DRV-SPR-08 · Bremen
2024-08-08,DRV-SPR-08,Drive sprocket 08,Drive,Bremen,HB,0,1,0,4,DRV-SPR-08 · Bremen
2024-08-09,DRV-SPR-08,Drive sprocket 08,Drive,Bremen,HB,0,1,0,0,DRV-SPR-08 · Bremen
2024-08-10,DRV-SPR-08,Drive sprocket 08,Drive,Bremen,HB,0,1,0,0,DRV-SPR-08 · Bremen
2024-08-11,DRV-SPR-08,Drive sprocket 08,Drive,Bremen,HB,0,1,0,0,DRV-SPR-08 · Bremen
2024-08-12,DRV-SPR-08,Drive sprocket 08,Drive,Bremen,HB,0,1,0,3,DRV-SPR-08 · Bremen
2024-08-13,DRV-SPR-08,Drive sprocket 08,Drive,Bremen,HB,0,1,0,0,DRV-SPR-08 · Bremen
2024-08-14,DRV-SPR-08,Drive sprocket 08,Drive,Bremen,HB,0,1,0,0,DRV-SPR-08 · Bremen
2024-08-15,DRV-SPR-08,Drive sprocket 08,Drive,Bremen,HB,0,1,0,0,DRV-SPR-08 · Bremen
2024-08-16,DRV-SPR-08,Drive sprocket 08,Drive,Bremen,HB,0,1,0,0,DRV-SPR-08 · Bremen
2024-08-17,DRV-SPR-08,Drive sprocket 08,Drive,Bremen,HB,0,1,0,0,DRV-SPR-08 · Bremen
2024-08-18,DRV-SPR-08,Drive sprocket 08,Drive,Bremen,HB,0,1,0,0,DRV-SPR-08 · Bremen
2024-08-19,DRV-SPR-08,Drive sprocket 08,Drive,Bremen,HB,0,0,0,0,DRV-SPR-08 · Bremen
2024-08-20,DRV-SPR-08,Drive sprocket 08,Drive,Bremen,HB,0,0,0,0,DRV-SPR-08 · Bremen
2024-08-21,DRV-SPR-08,Drive sprocket 08,Drive,Bremen,HB,0,0,0,0,DRV-SPR-08 · Bremen
2024-08-22,DRV-SPR-08,Drive sprocket 08,Drive,Bremen,HB,0,0,0,7,DRV-SPR-08 · Bremen
2024-08-23,DRV-SPR-08,Drive sprocket 08,Drive,Bremen,HB,0,0,0,0,DRV-SPR-08 · Bremen
2024-08-24,DRV-SPR-08,Drive sprocket 08,Drive,Bremen,HB,0,0,0,0,DRV-SPR-08 · Bremen
2024-08-25,DRV-SPR-08,Drive sprocket 08,Drive,Bremen,HB,0,0,0,0,DRV-SPR-08 · Bremen
2024-08-26,DRV-SPR-08,Drive sprocket 08,Drive,Bremen,HB,0,0,0,0,DRV-SPR-08 · Bremen
2024-08-27,DRV-SPR-08,Drive sprocket 08,Drive,Bremen,HB,0,0,0,0,DRV-SPR-08 · Bremen
2024-08-28,DRV-SPR-08,Drive sprocket 08,Drive,Bremen,HB,0,0,0,0,DRV-SPR-08 · Bremen
2024-08-29,DRV-SPR-08,Drive sprocket 08,Drive,Bremen,HB,0,0,0,0,DRV-SPR-08 · Bremen
2024-08-30,DRV-SPR-08,Drive sprocket 08,Drive,Bremen,HB,0,0,0,0,DRV-SPR-08 · Bremen
2024-08-31,DRV-SPR-08,Drive sprocket 08,Drive,Bremen,HB,0,0,0,0,DRV-SPR-08 · Bremen
2024-09-01,DRV-SPR-08,Drive sprocket 08,Drive,Bremen,HB,0,0,1,0,DRV-SPR-08 · Bremen
2024-09-02,DRV-SPR-08,Drive sprocket 08,Drive,Bremen,HB,0,0,1,0,DRV-SPR-08 · Bremen
2024-09-03,DRV-SPR-08,Drive sprocket 08,Drive,Bremen,HB,0,0,1,0,DRV-SPR-08 · Bremen
2024-09-04,DRV-SPR-08,Drive sprocket 08,Drive,Bremen,HB,0,0,1,0,DRV-SPR-08 · Bremen
2024-09-05,DRV-SPR-08,Drive sprocket 08,Drive,Bremen,HB,0,0,1,0,DRV-SPR-08 · Bremen
2024-09-06,DRV-SPR-08,Drive sprocket 08,Drive,Bremen,HB,0,0,1,4,DRV-SPR-08 · Bremen
2024-09-07,DRV-SPR-08,Drive sprocket 08,Drive,Bremen,HB,0,0,1,0,DRV-SPR-08 · Bremen
2024-09-08,DRV-SPR-08,Drive sprocket 08,Drive,Bremen,HB,0,0,0,3,DRV-SPR-08 · Bremen
2024-09-09,DRV-SPR-08,Drive sprocket 08,Drive,Bremen,HB,0,0,0,0,DRV-SPR-08 · Bremen
2024-09-10,DRV-SPR-08,Drive sprocket 08,Drive,Bremen,HB,0,0,0,0,DRV-SPR-08 · Bremen
2024-09-11,DRV-SPR-08,Drive sprocket 08,Drive,Bremen,HB,0,0,0,0,DRV-SPR-08 · Bremen
2024-09-12,DRV-SPR-08,Drive sprocket 08,Drive,Bremen,HB,0,0,0,0,DRV-SPR-08 · Bremen
2024-09-13,DRV-SPR-08,Drive sprocket 08,Drive,Bremen,HB,0,0,0,0,DRV-SPR-08 · Bremen
2024-09-14,DRV-SPR-08,Drive sprocket 08,Drive,Bremen,HB,0,0,0,0,DRV-SPR-08 · Bremen
2024-09-15,DRV-SPR-08,Drive sprocket 08,Drive,Bremen,HB,0,0,0,0,DRV-SPR-08 · Bremen
2024-09-16,DRV-SPR-08,Drive sprocket 08,Drive,Bremen,HB,0,0,0,0,DRV-SPR-08 · Bremen
2024-09-17,DRV-SPR-08,Drive sprocket 08,Drive,Bremen,HB,0,0,0,0,DRV-SPR-08 · Bremen
2024-09-18,DRV-SPR-08,Drive sprocket 08,Drive,Bremen,HB,0,0,0,0,DRV-SPR-08 · Bremen
2024-09-19,DRV-SPR-08,Drive sprocket 08,Drive,Bremen,HB,0,0,0,0,DRV-SPR-08 · Bremen
2024-09-20,DRV-SPR-08,Drive sprocket 08,Drive,Bremen,HB,0,0,0,0,DRV-SPR-08 · Bremen
2024-09-21,DRV-SPR-08,Drive sprocket 08,Drive,Bremen,HB,0,0,0,0,DRV-SPR-08 · Bremen
2024-09-22,DRV-SPR-08,Drive sprocket 08,Drive,Bremen,HB,0,0,0,0,DRV-SPR-08 · Bremen
2024-09-23,DRV-SPR-08,Drive sprocket 08,Drive,Bremen,HB,0,0,0,4,DRV-SPR-08 · Bremen
2024-09-24,DRV-SPR-08,Drive sprocket 08,Drive,Bremen,HB,0,0,0,0,DRV-SPR-08 · Bremen
2024-09-25,DRV-SPR-08,Drive sprocket 08,Drive,Bremen,HB,0,0,0,0,DRV-SPR-08 · Bremen
2024-09-26,DRV-SPR-08,Drive sprocket 08,Drive,Bremen,HB,0,0,0,0,DRV-SPR-08 · Bremen
2024-09-27,DRV-SPR-08,Drive sprocket 08,Drive,Bremen,HB,0,0,0,13,DRV-SPR-08 · Bremen
2024-09-28,DRV-SPR-08,Drive sprocket 08,Drive,Bremen,HB,0,0,0,8,DRV-SPR-08 · Bremen
2024-09-29,DRV-SPR-08,Drive sprocket 08,Drive,Bremen,HB,0,0,0,0,DRV-SPR-08 · Bremen
2024-09-30,DRV-SPR-08,Drive sprocket 08,Drive,Bremen,HB,0,0,0,0,DRV-SPR-08 · Bremen
2024-10-01,DRV-SPR-08,Drive sprocket 08,Drive,Bremen,HB,0,0,0,0,DRV-SPR-08 · Bremen
2024-10-02,DRV-SPR-08,Drive sprocket 08,Drive,Bremen,HB,0,0,0,0,DRV-SPR-08 · Bremen
2024-10-03,DRV-SPR-08,Drive sprocket 08,Drive,Bremen,HB,1,0,0,0,DRV-SPR-08 · Bremen
2024-10-04,DRV-SPR-08,Drive sprocket 08,Drive,Bremen,HB,0,0,0,0,DRV-SPR-08 · Bremen
2024-10-05,DRV-SPR-08,Drive sprocket 08,Drive,Bremen,HB,0,0,0,0,DRV-SPR-08 · Bremen
2024-10-06,DRV-SPR-08,Drive sprocket 08,Drive,Bremen,HB,0,0,0,0,DRV-SPR-08 · Bremen
2024-10-07,DRV-SPR-08,Drive sprocket 08,Drive,Bremen,HB,0,0,0,0,DRV-SPR-08 · Bremen
2024-10-08,DRV-SPR-08,Drive sprocket 08,Drive,Bremen,HB,0,0,0,0,DRV-SPR-08 · Bremen
2024-10-09,DRV-SPR-08,Drive sprocket 08,Drive,Bremen,HB,0,0,0,0,DRV-SPR-08 · Bremen
2024-10-10,DRV-SPR-08,Drive sprocket 08,Drive,Bremen,HB,0,0,0,0,DRV-SPR-08 · Bremen
2024-10-11,DRV-SPR-08,Drive sprocket 08,Drive,Bremen,HB,0,0,0,3,DRV-SPR-08 · Bremen
2024-10-12,DRV-SPR-08,Drive sprocket 08,Drive,Bremen,HB,0,0,0,0,DRV-SPR-08 · Bremen
2024-10-13,DRV-SPR-08,Drive sprocket 08,Drive,Bremen,HB,0,0,0,0,DRV-SPR-08 · Bremen
2024-10-14,DRV-SPR-08,Drive sprocket 08,Drive,Bremen,HB,0,0,0,0,DRV-SPR-08 · Bremen
2024-10-15,DRV-SPR-08,Drive sprocket 08,Drive,Bremen,HB,0,0,0,0,DRV-SPR-08 · Bremen
2024-10-16,DRV-SPR-08,Drive sprocket 08,Drive,Bremen,HB,0,0,0,0,DRV-SPR-08 · Bremen
2024-10-17,DRV-SPR-08,Drive sprocket 08,Drive,Bremen,HB,0,0,0,0,DRV-SPR-08 · Bremen
2024-10-18,DRV-SPR-08,Drive sprocket 08,Drive,Bremen,HB,0,0,0,0,DRV-SPR-08 · Bremen
2024-10-19,DRV-SPR-08,Drive sprocket 08,Drive,Bremen,HB,0,0,0,0,DRV-SPR-08 · Bremen
2024-10-20,DRV-SPR-08,Drive sprocket 08,Drive,Bremen,HB,0,0,0,0,DRV-SPR-08 · Bremen
2024-10-21,DRV-SPR-08,Drive sprocket 08,Drive,Bremen,HB,0,0,0,0,DRV-SPR-08 · Bremen
2024-10-22,DRV-SPR-08,Drive sprocket 08,Drive,Bremen,HB,0,0,0,0,DRV-SPR-08 · Bremen
2024-10-23,DRV-SPR-08,Drive sprocket 08,Drive,Bremen,HB,0,0,0,0,DRV-SPR-08 · Bremen
2024-10-24,DRV-SPR-08,Drive sprocket 08,Drive,Bremen,HB,0,0,0,0,DRV-SPR-08 · Bremen
2024-10-25,DRV-SPR-08,Drive sprocket 08,Drive,Bremen,HB,0,0,0,0,DRV-SPR-08 · Bremen
2024-10-26,DRV-SPR-08,Drive sprocket 08,Drive,Bremen,HB,0,0,0,0,DRV-SPR-08 · Bremen
2024-10-27,DRV-SPR-08,Drive sprocket 08,Drive,Bremen,HB,0,0,0,0,DRV-SPR-08 · Bremen
2024-10-28,DRV-SPR-08,Drive sprocket 08,Drive,Bremen,HB,0,0,0,0,DRV-SPR-08 · Bremen
2024-10-29,DRV-SPR-08,Drive sprocket 08,Drive,Bremen,HB,0,0,0,0,DRV-SPR-08 · Bremen
2024-10-30,DRV-SPR-08,Drive sprocket 08,Drive,Bremen,HB,0,0,0,0,DRV-SPR-08 · Bremen
2024-10-31,DRV-SPR-08,Drive sprocket 08,Drive,Bremen,HB,1,0,0,0,DRV-SPR-08 · Bremen
2024-11-01,DRV-SPR-08,Drive sprocket 08,Drive,Bremen,HB,0,0,0,2,DRV-SPR-08 · Bremen
2024-11-02,DRV-SPR-08,Drive sprocket 08,Drive,Bremen,HB,0,0,0,0,DRV-SPR-08 · Bremen
2024-11-03,DRV-SPR-08,Drive sprocket 08,Drive,Bremen,HB,0,0,0,0,DRV-SPR-08 · Bremen
2024-11-04,DRV-SPR-08,Drive sprocket 08,Drive,Bremen,HB,0,0,0,0,DRV-SPR-08 · Bremen
2024-11-05,DRV-SPR-08,Drive sprocket 08,Drive,Bremen,HB,0,0,0,0,DRV-SPR-08 · Bremen
2024-11-06,DRV-SPR-08,Drive sprocket 08,Drive,Bremen,HB,0,0,0,0,DRV-SPR-08 · Bremen
2024-11-07,DRV-SPR-08,Drive sprocket 08,Drive,Bremen,HB,0,0,0,0,DRV-SPR-08 · Bremen
2024-11-08,DRV-SPR-08,Drive sprocket 08,Drive,Bremen,HB,0,0,0,0,DRV-SPR-08 · Bremen
2024-11-09,DRV-SPR-08,Drive sprocket 08,Drive,Bremen,HB,0,0,0,0,DRV-SPR-08 · Bremen
2024-11-10,DRV-SPR-08,Drive sprocket 08,Drive,Bremen,HB,0,0,0,0,DRV-SPR-08 · Bremen
2024-11-11,DRV-SPR-08,Drive sprocket 08,Drive,Bremen,HB,0,0,0,0,DRV-SPR-08 · Bremen
2024-11-12,DRV-SPR-08,Drive sprocket 08,Drive,Bremen,HB,0,0,0,6,DRV-SPR-08 · Bremen
2024-11-13,DRV-SPR-08,Drive sprocket 08,Drive,Bremen,HB,0,0,0,0,DRV-SPR-08 · Bremen
2024-11-14,DRV-SPR-08,Drive sprocket 08,Drive,Bremen,HB,0,0,0,0,DRV-SPR-08 · Bremen
2024-11-15,DRV-SPR-08,Drive sprocket 08,Drive,Bremen,HB,0,0,0,0,DRV-SPR-08 · Bremen
2024-11-16,DRV-SPR-08,Drive sprocket 08,Drive,Bremen,HB,0,0,0,0,DRV-SPR-08 · Bremen
2024-11-17,DRV-SPR-08,Drive sprocket 08,Drive,Bremen,HB,0,0,0,0,DRV-SPR-08 · Bremen
2024-11-18,DRV-SPR-08,Drive sprocket 08,Drive,Bremen,HB,0,0,0,0,DRV-SPR-08 · Bremen
2024-11-19,DRV-SPR-08,Drive sprocket 08,Drive,Bremen,HB,0,0,0,0,DRV-SPR-08 · Bremen
2024-11-20,DRV-SPR-08,Drive sprocket 08,Drive,Bremen,HB,0,0,0,0,DRV-SPR-08 · Bremen
2024-11-21,DRV-SPR-08,Drive sprocket 08,Drive,Bremen,HB,0,0,0,0,DRV-SPR-08 · Bremen
2024-11-22,DRV-SPR-08,Drive sprocket 08,Drive,Bremen,HB,0,0,0,0,DRV-SPR-08 · Bremen
2024-11-23,DRV-SPR-08,Drive sprocket 08,Drive,Bremen,HB,0,0,0,0,DRV-SPR-08 · Bremen
2024-11-24,DRV-SPR-08,Drive sprocket 08,Drive,Bremen,HB,0,0,0,0,DRV-SPR-08 · Bremen
2024-11-25,DRV-SPR-08,Drive sprocket 08,Drive,Bremen,HB,0,0,0,0,DRV-SPR-08 · Bremen
2024-11-26,DRV-SPR-08,Drive sprocket 08,Drive,Bremen,HB,0,0,0,0,DRV-SPR-08 · Bremen
2024-11-27,DRV-SPR-08,Drive sprocket 08,Drive,Bremen,HB,0,0,0,0,DRV-SPR-08 · Bremen
2024-11-28,DRV-SPR-08,Drive sprocket 08,Drive,Bremen,HB,0,0,0,0,DRV-SPR-08 · Bremen
2024-11-29,DRV-SPR-08,Drive sprocket 08,Drive,Bremen,HB,0,0,0,0,DRV-SPR-08 · Bremen
2024-11-30,DRV-SPR-08,Drive sprocket 08,Drive,Bremen,HB,0,0,0,0,DRV-SPR-08 · Bremen
2024-12-01,DRV-SPR-08,Drive sprocket 08,Drive,Bremen,HB,0,0,0,0,DRV-SPR-08 · Bremen
2024-12-02,DRV-SPR-08,Drive sprocket 08,Drive,Bremen,HB,0,0,0,10,DRV-SPR-08 · Bremen
2024-12-03,DRV-SPR-08,Drive sprocket 08,Drive,Bremen,HB,0,0,0,0,DRV-SPR-08 · Bremen
2024-12-04,DRV-SPR-08,Drive sprocket 08,Drive,Bremen,HB,0,0,0,0,DRV-SPR-08 · Bremen
2024-12-05,DRV-SPR-08,Drive sprocket 08,Drive,Bremen,HB,0,0,0,0,DRV-SPR-08 · Bremen
2024-12-06,DRV-SPR-08,Drive sprocket 08,Drive,Bremen,HB,0,0,0,0,DRV-SPR-08 · Bremen
2024-12-07,DRV-SPR-08,Drive sprocket 08,Drive,Bremen,HB,0,0,0,0,DRV-SPR-08 · Bremen
2024-12-08,DRV-SPR-08,Drive sprocket 08,Drive,Bremen,HB,0,0,0,0,DRV-SPR-08 · Bremen
2024-12-09,DRV-SPR-08,Drive sprocket 08,Drive,Bremen,HB,0,0,0,0,DRV-SPR-08 · Bremen
2024-12-10,DRV-SPR-08,Drive sprocket 08,Drive,Bremen,HB,0,0,0,0,DRV-SPR-08 · Bremen
2024-12-11,DRV-SPR-08,Drive sprocket 08,Drive,Bremen,HB,0,0,0,0,DRV-SPR-08 · Bremen
2024-12-12,DRV-SPR-08,Drive sprocket 08,Drive,Bremen,HB,0,0,0,0,DRV-SPR-08 · Bremen
2024-12-13,DRV-SPR-08,Drive sprocket 08,Drive,Bremen,HB,0,0,0,1,DRV-SPR-08 · Bremen
2024-12-14,DRV-SPR-08,Drive sprocket 08,Drive,Bremen,HB,0,0,0,0,DRV-SPR-08 · Bremen
2024-12-15,DRV-SPR-08,Drive sprocket 08,Drive,Bremen,HB,0,0,0,0,DRV-SPR-08 · Bremen
2024-12-16,DRV-SPR-08,Drive sprocket 08,Drive,Bremen,HB,0,0,0,0,DRV-SPR-08 · Bremen
2024-12-17,DRV-SPR-08,Drive sprocket 08,Drive,Bremen,HB,0,0,0,0,DRV-SPR-08 · Bremen
2024-12-18,DRV-SPR-08,Drive sprocket 08,Drive,Bremen,HB,0,0,0,0,DRV-SPR-08 · Bremen
2024-12-19,DRV-SPR-08,Drive sprocket 08,Drive,Bremen,HB,0,0,0,4,DRV-SPR-08 · Bremen
2024-12-20,DRV-SPR-08,Drive sprocket 08,Drive,Bremen,HB,0,0,0,0,DRV-SPR-08 · Bremen
2024-12-21,DRV-SPR-08,Drive sprocket 08,Drive,Bremen,HB,0,0,0,0,DRV-SPR-08 · Bremen
2024-12-22,DRV-SPR-08,Drive sprocket 08,Drive,Bremen,HB,0,0,0,0,DRV-SPR-08 · Bremen
2024-12-23,DRV-SPR-08,Drive sprocket 08,Drive,Bremen,HB,0,0,0,0,DRV-SPR-08 · Bremen
2024-12-24,DRV-SPR-08,Drive sprocket 08,Drive,Bremen,HB,0,1,0,0,DRV-SPR-08 · Bremen
2024-12-25,DRV-SPR-08,Drive sprocket 08,Drive,Bremen,HB,1,1,0,0,DRV-SPR-08 · Bremen
2024-12-26,DRV-SPR-08,Drive sprocket 08,Drive,Bremen,HB,1,1,0,0,DRV-SPR-08 · Bremen
2024-12-27,DRV-SPR-08,Drive sprocket 08,Drive,Bremen,HB,0,1,0,0,DRV-SPR-08 · Bremen
2024-12-28,DRV-SPR-08,Drive sprocket 08,Drive,Bremen,HB,0,1,0,0,DRV-SPR-08 · Bremen
2024-12-29,DRV-SPR-08,Drive sprocket 08,Drive,Bremen,HB,0,1,0,0,DRV-SPR-08 · Bremen
2024-12-30,DRV-SPR-08,Drive sprocket 08,Drive,Bremen,HB,0,1,0,4,DRV-SPR-08 · Bremen
2024-12-31,DRV-SPR-08,Drive sprocket 08,Drive,Bremen,HB,0,1,0,0,DRV-SPR-08 · Bremen
2023-01-01,FLT-AIR-220,Air filter cartridge 220,Filters,Augsburg,BY,1,1,0,1,FLT-AIR-220 · Augsburg
2023-01-02,FLT-AIR-220,Air filter cartridge 220,Filters,Augsburg,BY,0,1,0,3,FLT-AIR-220 · Augsburg
2023-01-03,FLT-AIR-220,Air filter cartridge 220,Filters,Augsburg,BY,0,0,0,21,FLT-AIR-220 · Augsburg
2023-01-04,FLT-AIR-220,Air filter cartridge 220,Filters,Augsburg,BY,0,0,0,20,FLT-AIR-220 · Augsburg
2023-01-05,FLT-AIR-220,Air filter cartridge 220,Filters,Augsburg,BY,0,0,0,18,FLT-AIR-220 · Augsburg
2023-01-06,FLT-AIR-220,Air filter cartridge 220,Filters,Augsburg,BY,1,0,0,3,FLT-AIR-220 · Augsburg
2023-01-07,FLT-AIR-220,Air filter cartridge 220,Filters,Augsburg,BY,0,0,0,14,FLT-AIR-220 · Augsburg
2023-01-08,FLT-AIR-220,Air filter cartridge 220,Filters,Augsburg,BY,0,0,0,9,FLT-AIR-220 · Augsburg
2023-01-09,FLT-AIR-220,Air filter cartridge 220,Filters,Augsburg,BY,0,0,0,19,FLT-AIR-220 · Augsburg
2023-01-10,FLT-AIR-220,Air filter cartridge 220,Filters,Augsburg,BY,0,0,0,18,FLT-AIR-220 · Augsburg
2023-01-11,FLT-AIR-220,Air filter cartridge 220,Filters,Augsburg,BY,0,0,0,14,FLT-AIR-220 · Augsburg
2023-01-12,FLT-AIR-220,Air filter cartridge 220,Filters,Augsburg,BY,0,0,0,18,FLT-AIR-220 · Augsburg
2023-01-13,FLT-AIR-220,Air filter cartridge 220,Filters,Augsburg,BY,0,0,0,14,FLT-AIR-220 · Augsburg
2023-01-14,FLT-AIR-220,Air filter cartridge 220,Filters,Augsburg,BY,0,0,0,10,FLT-AIR-220 · Augsburg
2023-01-15,FLT-AIR-220,Air filter cartridge 220,Filters,Augsburg,BY,0,0,0,11,FLT-AIR-220 · Augsburg
2023-01-16,FLT-AIR-220,Air filter cartridge 220,Filters,Augsburg,BY,0,0,0,17,FLT-AIR-220 · Augsburg
2023-01-17,FLT-AIR-220,Air filter cartridge 220,Filters,Augsburg,BY,0,0,0,16,FLT-AIR-220 · Augsburg
2023-01-18,FLT-AIR-220,Air filter cartridge 220,Filters,Augsburg,BY,0,0,0,19,FLT-AIR-220 · Augsburg
2023-01-19,FLT-AIR-220,Air filter cartridge 220,Filters,Augsburg,BY,0,0,0,13,FLT-AIR-220 · Augsburg
2023-01-20,FLT-AIR-220,Air filter cartridge 220,Filters,Augsburg,BY,0,0,0,14,FLT-AIR-220 · Augsburg
2023-01-21,FLT-AIR-220,Air filter cartridge 220,Filters,Augsburg,BY,0,0,0,11,FLT-AIR-220 · Augsburg
2023-01-22,FLT-AIR-220,Air filter cartridge 220,Filters,Augsburg,BY,0,0,0,7,FLT-AIR-220 · Augsburg
2023-01-23,FLT-AIR-220,Air filter cartridge 220,Filters,Augsburg,BY,0,0,0,12,FLT-AIR-220 · Augsburg
2023-01-24,FLT-AIR-220,Air filter cartridge 220,Filters,Augsburg,BY,0,0,0,16,FLT-AIR-220 · Augsburg
2023-01-25,FLT-AIR-220,Air filter cartridge 220,Filters,Augsburg,BY,0,0,0,14,FLT-AIR-220 · Augsburg
2023-01-26,FLT-AIR-220,Air filter cartridge 220,Filters,Augsburg,BY,0,0,0,18,FLT-AIR-220 · Augsburg
2023-01-27,FLT-AIR-220,Air filter cartridge 220,Filters,Augsburg,BY,0,0,0,13,FLT-AIR-220 · Augsburg
2023-01-28,FLT-AIR-220,Air filter cartridge 220,Filters,Augsburg,BY,0,0,0,11,FLT-AIR-220 · Augsburg
2023-01-29,FLT-AIR-220,Air filter cartridge 220,Filters,Augsburg,BY,0,0,0,9,FLT-AIR-220 · Augsburg
2023-01-30,FLT-AIR-220,Air filter cartridge 220,Filters,Augsburg,BY,0,0,0,13,FLT-AIR-220 · Augsburg
2023-01-31,FLT-AIR-220,Air filter cartridge 220,Filters,Augsburg,BY,0,0,0,13,FLT-AIR-220 · Augsburg
2023-02-01,FLT-AIR-220,Air filter cartridge 220,Filters,Augsburg,BY,0,0,0,15,FLT-AIR-220 · Augsburg
2023-02-02,FLT-AIR-220,Air filter cartridge 220,Filters,Augsburg,BY,0,0,0,12,FLT-AIR-220 · Augsburg
2023-02-03,FLT-AIR-220,Air filter cartridge 220,Filters,Augsburg,BY,0,0,0,14,FLT-AIR-220 · Augsburg
2023-02-04,FLT-AIR-220,Air filter cartridge 220,Filters,Augsburg,BY,0,0,0,8,FLT-AIR-220 · Augsburg
2023-02-05,FLT-AIR-220,Air filter cartridge 220,Filters,Augsburg,BY,0,0,0,6,FLT-AIR-220 · Augsburg
2023-02-06,FLT-AIR-220,Air filter cartridge 220,Filters,Augsburg,BY,0,0,0,14,FLT-AIR-220 · Augsburg
2023-02-07,FLT-AIR-220,Air filter cartridge 220,Filters,Augsburg,BY,0,0,0,14,FLT-AIR-220 · Augsburg
2023-02-08,FLT-AIR-220,Air filter cartridge 220,Filters,Augsburg,BY,0,0,0,13,FLT-AIR-220 · Augsburg
2023-02-09,FLT-AIR-220,Air filter cartridge 220,Filters,Augsburg,BY,0,0,0,11,FLT-AIR-220 · Augsburg
2023-02-10,FLT-AIR-220,Air filter cartridge 220,Filters,Augsburg,BY,0,0,0,11,FLT-AIR-220 · Augsburg
2023-02-11,FLT-AIR-220,Air filter cartridge 220,Filters,Augsburg,BY,0,0,0,8,FLT-AIR-220 · Augsburg
2023-02-12,FLT-AIR-220,Air filter cartridge 220,Filters,Augsburg,BY,0,0,0,6,FLT-AIR-220 · Augsburg
2023-02-13,FLT-AIR-220,Air filter cartridge 220,Filters,Augsburg,BY,0,0,0,12,FLT-AIR-220 · Augsburg
2023-02-14,FLT-AIR-220,Air filter cartridge 220,Filters,Augsburg,BY,0,0,0,13,FLT-AIR-220 · Augsburg
2023-02-15,FLT-AIR-220,Air filter cartridge 220,Filters,Augsburg,BY,0,0,0,9,FLT-AIR-220 · Augsburg
2023-02-16,FLT-AIR-220,Air filter cartridge 220,Filters,Augsburg,BY,0,0,0,10,FLT-AIR-220 · Augsburg
2023-02-17,FLT-AIR-220,Air filter cartridge 220,Filters,Augsburg,BY,0,0,0,10,FLT-AIR-220 · Augsburg
2023-02-18,FLT-AIR-220,Air filter cartridge 220,Filters,Augsburg,BY,0,0,0,6,FLT-AIR-220 · Augsburg
2023-02-19,FLT-AIR-220,Air filter cartridge 220,Filters,Augsburg,BY,0,0,0,7,FLT-AIR-220 · Augsburg
2023-02-20,FLT-AIR-220,Air filter cartridge 220,Filters,Augsburg,BY,0,0,0,11,FLT-AIR-220 · Augsburg
2023-02-21,FLT-AIR-220,Air filter cartridge 220,Filters,Augsburg,BY,0,0,0,11,FLT-AIR-220 · Augsburg
2023-02-22,FLT-AIR-220,Air filter cartridge 220,Filters,Augsburg,BY,0,0,0,10,FLT-AIR-220 · Augsburg
2023-02-23,FLT-AIR-220,Air filter cartridge 220,Filters,Augsburg,BY,0,0,0,11,FLT-AIR-220 · Augsburg
2023-02-24,FLT-AIR-220,Air filter cartridge 220,Filters,Augsburg,BY,0,0,0,8,FLT-AIR-220 · Augsburg
2023-02-25,FLT-AIR-220,Air filter cartridge 220,Filters,Augsburg,BY,0,0,0,7,FLT-AIR-220 · Augsburg
2023-02-26,FLT-AIR-220,Air filter cartridge 220,Filters,Augsburg,BY,0,0,0,4,FLT-AIR-220 · Augsburg
2023-02-27,FLT-AIR-220,Air filter cartridge 220,Filters,Augsburg,BY,0,0,0,10,FLT-AIR-220 · Augsburg
2023-02-28,FLT-AIR-220,Air filter cartridge 220,Filters,Augsburg,BY,0,0,0,6,FLT-AIR-220 · Augsburg
2023-03-01,FLT-AIR-220,Air filter cartridge 220,Filters,Augsburg,BY,0,0,1,9,FLT-AIR-220 · Augsburg
2023-03-02,FLT-AIR-220,Air filter cartridge 220,Filters,Augsburg,BY,0,0,1,14,FLT-AIR-220 · Augsburg
2023-03-03,FLT-AIR-220,Air filter cartridge 220,Filters,Augsburg,BY,0,0,1,12,FLT-AIR-220 · Augsburg
2023-03-04,FLT-AIR-220,Air filter cartridge 220,Filters,Augsburg,BY,0,0,1,9,FLT-AIR-220 · Augsburg
2023-03-05,FLT-AIR-220,Air filter cartridge 220,Filters,Augsburg,BY,0,0,1,7,FLT-AIR-220 · Augsburg
2023-03-06,FLT-AIR-220,Air filter cartridge 220,Filters,Augsburg,BY,0,0,1,12,FLT-AIR-220 · Augsburg
2023-03-07,FLT-AIR-220,Air filter cartridge 220,Filters,Augsburg,BY,0,0,1,10,FLT-AIR-220 · Augsburg
2023-03-08,FLT-AIR-220,Air filter cartridge 220,Filters,Augsburg,BY,0,0,0,8,FLT-AIR-220 · Augsburg
2023-03-09,FLT-AIR-220,Air filter cartridge 220,Filters,Augsburg,BY,0,0,0,12,FLT-AIR-220 · Augsburg
2023-03-10,FLT-AIR-220,Air filter cartridge 220,Filters,Augsburg,BY,0,0,0,10,FLT-AIR-220 · Augsburg
2023-03-11,FLT-AIR-220,Air filter cartridge 220,Filters,Augsburg,BY,0,0,0,10,FLT-AIR-220 · Augsburg
2023-03-12,FLT-AIR-220,Air filter cartridge 220,Filters,Augsburg,BY,0,0,0,4,FLT-AIR-220 · Augsburg
2023-03-13,FLT-AIR-220,Air filter cartridge 220,Filters,Augsburg,BY,0,0,0,14,FLT-AIR-220 · Augsburg
2023-03-14,FLT-AIR-220,Air filter cartridge 220,Filters,Augsburg,BY,0,0,0,10,FLT-AIR-220 · Augsburg
2023-03-15,FLT-AIR-220,Air filter cartridge 220,Filters,Augsburg,BY,0,0,0,12,FLT-AIR-220 · Augsburg
2023-03-16,FLT-AIR-220,Air filter cartridge 220,Filters,Augsburg,BY,0,0,0,12,FLT-AIR-220 · Augsburg
2023-03-17,FLT-AIR-220,Air filter cartridge 220,Filters,Augsburg,BY,0,0,0,7,FLT-AIR-220 · Augsburg
2023-03-18,FLT-AIR-220,Air filter cartridge 220,Filters,Augsburg,BY,0,0,0,5,FLT-AIR-220 · Augsburg
2023-03-19,FLT-AIR-220,Air filter cartridge 220,Filters,Augsburg,BY,0,0,0,3,FLT-AIR-220 · Augsburg
2023-03-20,FLT-AIR-220,Air filter cartridge 220,Filters,Augsburg,BY,0,0,0,7,FLT-AIR-220 · Augsburg
2023-03-21,FLT-AIR-220,Air filter cartridge 220,Filters,Augsburg,BY,0,0,0,9,FLT-AIR-220 · Augsburg
2023-03-22,FLT-AIR-220,Air filter cartridge 220,Filters,Augsburg,BY,0,0,0,8,FLT-AIR-220 · Augsburg
2023-03-23,FLT-AIR-220,Air filter cartridge 220,Filters,Augsburg,BY,0,0,0,8,FLT-AIR-220 · Augsburg
2023-03-24,FLT-AIR-220,Air filter cartridge 220,Filters,Augsburg,BY,0,0,0,8,FLT-AIR-220 · Augsburg
2023-03-25,FLT-AIR-220,Air filter cartridge 220,Filters,Augsburg,BY,0,0,0,3,FLT-AIR-220 · Augsburg
2023-03-26,FLT-AIR-220,Air filter cartridge 220,Filters,Augsburg,BY,0,0,0,5,FLT-AIR-220 · Augsburg
2023-03-27,FLT-AIR-220,Air filter cartridge 220,Filters,Augsburg,BY,0,0,0,8,FLT-AIR-220 · Augsburg
2023-03-28,FLT-AIR-220,Air filter cartridge 220,Filters,Augsburg,BY,0,0,0,9,FLT-AIR-220 · Augsburg
2023-03-29,FLT-AIR-220,Air filter cartridge 220,Filters,Augsburg,BY,0,0,0,9,FLT-AIR-220 · Augsburg
2023-03-30,FLT-AIR-220,Air filter cartridge 220,Filters,Augsburg,BY,0,0,0,10,FLT-AIR-220 · Augsburg
2023-03-31,FLT-AIR-220,Air filter cartridge 220,Filters,Augsburg,BY,0,0,0,7,FLT-AIR-220 · Augsburg
2023-04-01,FLT-AIR-220,Air filter cartridge 220,Filters,Augsburg,BY,0,0,0,2,FLT-AIR-220 · Augsburg
2023-04-02,FLT-AIR-220,Air filter cartridge 220,Filters,Augsburg,BY,0,0,0,4,FLT-AIR-220 · Augsburg
2023-04-03,FLT-AIR-220,Air filter cartridge 220,Filters,Augsburg,BY,0,0,0,8,FLT-AIR-220 · Augsburg
2023-04-04,FLT-AIR-220,Air filter cartridge 220,Filters,Augsburg,BY,0,0,0,6,FLT-AIR-220 · Augsburg
2023-04-05,FLT-AIR-220,Air filter cartridge 220,Filters,Augsburg,BY,0,0,0,8,FLT-AIR-220 · Augsburg
2023-04-06,FLT-AIR-220,Air filter cartridge 220,Filters,Augsburg,BY,0,0,0,7,FLT-AIR-220 · Augsburg
2023-04-07,FLT-AIR-220,Air filter cartridge 220,Filters,Augsburg,BY,1,0,0,0,FLT-AIR-220 · Augsburg
2023-04-08,FLT-AIR-220,Air filter cartridge 220,Filters,Augsburg,BY,0,0,0,5,FLT-AIR-220 · Augsburg
2023-04-09,FLT-AIR-220,Air filter cartridge 220,Filters,Augsburg,BY,0,0,0,3,FLT-AIR-220 · Augsburg
2023-04-10,FLT-AIR-220,Air filter cartridge 220,Filters,Augsburg,BY,1,0,0,1,FLT-AIR-220 · Augsburg
2023-04-11,FLT-AIR-220,Air filter cartridge 220,Filters,Augsburg,BY,0,0,0,6,FLT-AIR-220 · Augsburg
2023-04-12,FLT-AIR-220,Air filter cartridge 220,Filters,Augsburg,BY,0,0,0,9,FLT-AIR-220 · Augsburg
2023-04-13,FLT-AIR-220,Air filter cartridge 220,Filters,Augsburg,BY,0,0,0,7,FLT-AIR-220 · Augsburg
2023-04-14,FLT-AIR-220,Air filter cartridge 220,Filters,Augsburg,BY,0,0,0,7,FLT-AIR-220 · Augsburg
2023-04-15,FLT-AIR-220,Air filter cartridge 220,Filters,Augsburg,BY,0,0,0,4,FLT-AIR-220 · Augsburg
2023-04-16,FLT-AIR-220,Air filter cartridge 220,Filters,Augsburg,BY,0,0,0,3,FLT-AIR-220 · Augsburg
2023-04-17,FLT-AIR-220,Air filter cartridge 220,Filters,Augsburg,BY,0,0,0,9,FLT-AIR-220 · Augsburg
2023-04-18,FLT-AIR-220,Air filter cartridge 220,Filters,Augsburg,BY,0,0,0,8,FLT-AIR-220 · Augsburg
2023-04-19,FLT-AIR-220,Air filter cartridge 220,Filters,Augsburg,BY,0,0,0,8,FLT-AIR-220 · Augsburg
2023-04-20,FLT-AIR-220,Air filter cartridge 220,Filters,Augsburg,BY,0,0,0,8,FLT-AIR-220 · Augsburg
2023-04-21,FLT-AIR-220,Air filter cartridge 220,Filters,Augsburg,BY,0,0,0,13,FLT-AIR-220 · Augsburg
2023-04-22,FLT-AIR-220,Air filter cartridge 220,Filters,Augsburg,BY,0,0,0,3,FLT-AIR-220 · Augsburg
2023-04-23,FLT-AIR-220,Air filter cartridge 220,Filters,Augsburg,BY,0,0,0,3,FLT-AIR-220 · Augsburg
2023-04-24,FLT-AIR-220,Air filter cartridge 220,Filters,Augsburg,BY,0,0,0,6,FLT-AIR-220 · Augsburg
2023-04-25,FLT-AIR-220,Air filter cartridge 220,Filters,Augsburg,BY,0,0,0,5,FLT-AIR-220 · Augsburg
2023-04-26,FLT-AIR-220,Air filter cartridge 220,Filters,Augsburg,BY,0,0,0,4,FLT-AIR-220 · Augsburg
2023-04-27,FLT-AIR-220,Air filter cartridge 220,Filters,Augsburg,BY,0,0,0,4,FLT-AIR-220 · Augsburg
2023-04-28,FLT-AIR-220,Air filter cartridge 220,Filters,Augsburg,BY,0,0,0,6,FLT-AIR-220 · Augsburg
2023-04-29,FLT-AIR-220,Air filter cartridge 220,Filters,Augsburg,BY,0,0,0,4,FLT-AIR-220 · Augsburg
2023-04-30,FLT-AIR-220,Air filter cartridge 220,Filters,Augsburg,BY,0,0,0,2,FLT-AIR-220 · Augsburg
2023-05-01,FLT-AIR-220,Air filter cartridge 220,Filters,Augsburg,BY,1,0,0,1,FLT-AIR-220 · Augsburg
2023-05-02,FLT-AIR-220,Air filter cartridge 220,Filters,Augsburg,BY,0,0,0,6,FLT-AIR-220 · Augsburg
2023-05-03,FLT-AIR-220,Air filter cartridge 220,Filters,Augsburg,BY,0,0,0,7,FLT-AIR-220 · Augsburg
2023-05-04,FLT-AIR-220,Air filter cartridge 220,Filters,Augsburg,BY,0,0,0,6,FLT-AIR-220 · Augsburg
2023-05-05,FLT-AIR-220,Air filter cartridge 220,Filters,Augsburg,BY,0,0,0,7,FLT-AIR-220 · Augsburg
2023-05-06,FLT-AIR-220,Air filter cartridge 220,Filters,Augsburg,BY,0,0,0,4,FLT-AIR-220 · Augsburg
2023-05-07,FLT-AIR-220,Air filter cartridge 220,Filters,Augsburg,BY,0,0,0,2,FLT-AIR-220 · Augsburg
2023-05-08,FLT-AIR-220,Air filter cartridge 220,Filters,Augsburg,BY,0,0,0,7,FLT-AIR-220 · Augsburg
2023-05-09,FLT-AIR-220,Air filter cartridge 220,Filters,Augsburg,BY,0,0,0,5,FLT-AIR-220 · Augsburg
2023-05-10,FLT-AIR-220,Air filter cartridge 220,Filters,Augsburg,BY,0,0,0,7,FLT-AIR-220 · Augsburg
2023-05-11,FLT-AIR-220,Air filter cartridge 220,Filters,Augsburg,BY,0,0,0,6,FLT-AIR-220 · Augsburg
2023-05-12,FLT-AIR-220,Air filter cartridge 220,Filters,Augsburg,BY,0,0,0,7,FLT-AIR-220 · Augsburg
2023-05-13,FLT-AIR-220,Air filter cartridge 220,Filters,Augsburg,BY,0,0,0,3,FLT-AIR-220 · Augsburg
2023-05-14,FLT-AIR-220,Air filter cartridge 220,Filters,Augsburg,BY,0,0,0,3,FLT-AIR-220 · Augsburg
2023-05-15,FLT-AIR-220,Air filter cartridge 220,Filters,Augsburg,BY,0,0,0,8,FLT-AIR-220 · Augsburg
2023-05-16,FLT-AIR-220,Air filter cartridge 220,Filters,Augsburg,BY,0,0,0,8,FLT-AIR-220 · Augsburg
2023-05-17,FLT-AIR-220,Air filter cartridge 220,Filters,Augsburg,BY,0,0,0,6,FLT-AIR-220 · Augsburg
2023-05-18,FLT-AIR-220,Air filter cartridge 220,Filters,Augsburg,BY,1,0,0,1,FLT-AIR-220 · Augsburg
2023-05-19,FLT-AIR-220,Air filter cartridge 220,Filters,Augsburg,BY,0,0,0,7,FLT-AIR-220 · Augsburg
2023-05-20,FLT-AIR-220,Air filter cartridge 220,Filters,Augsburg,BY,0,0,0,6,FLT-AIR-220 · Augsburg
2023-05-21,FLT-AIR-220,Air filter cartridge 220,Filters,Augsburg,BY,0,0,0,2,FLT-AIR-220 · Augsburg
2023-05-22,FLT-AIR-220,Air filter cartridge 220,Filters,Augsburg,BY,0,0,0,6,FLT-AIR-220 · Augsburg
2023-05-23,FLT-AIR-220,Air filter cartridge 220,Filters,Augsburg,BY,0,0,0,10,FLT-AIR-220 · Augsburg
2023-05-24,FLT-AIR-220,Air filter cartridge 220,Filters,Augsburg,BY,0,0,0,7,FLT-AIR-220 · Augsburg
2023-05-25,FLT-AIR-220,Air filter cartridge 220,Filters,Augsburg,BY,0,0,0,4,FLT-AIR-220 · Augsburg
2023-05-26,FLT-AIR-220,Air filter cartridge 220,Filters,Augsburg,BY,0,0,0,6,FLT-AIR-220 · Augsburg
2023-05-27,FLT-AIR-220,Air filter cartridge 220,Filters,Augsburg,BY,0,0,0,1,FLT-AIR-220 · Augsburg
2023-05-28,FLT-AIR-220,Air filter cartridge 220,Filters,Augsburg,BY,0,0,0,3,FLT-AIR-220 · Augsburg
2023-05-29,FLT-AIR-220,Air filter cartridge 220,Filters,Augsburg,BY,1,0,0,1,FLT-AIR-220 · Augsburg
2023-05-30,FLT-AIR-220,Air filter cartridge 220,Filters,Augsburg,BY,0,0,0,6,FLT-AIR-220 · Augsburg
2023-05-31,FLT-AIR-220,Air filter cartridge 220,Filters,Augsburg,BY,0,0,0,7,FLT-AIR-220 · Augsburg
2023-06-01,FLT-AIR-220,Air filter cartridge 220,Filters,Augsburg,BY,0,0,0,9,FLT-AIR-220 · Augsburg
2023-06-02,FLT-AIR-220,Air filter cartridge 220,Filters,Augsburg,BY,0,0,0,4,FLT-AIR-220 · Augsburg
2023-06-03,FLT-AIR-220,Air filter cartridge 220,Filters,Augsburg,BY,0,0,0,3,FLT-AIR-220 · Augsburg
2023-06-04,FLT-AIR-220,Air filter cartridge 220,Filters,Augsburg,BY,0,0,0,3,FLT-AIR-220 · Augsburg
2023-06-05,FLT-AIR-220,Air filter cartridge 220,Filters,Augsburg,BY,0,0,0,6,FLT-AIR-220 · Augsburg
2023-06-06,FLT-AIR-220,Air filter cartridge 220,Filters,Augsburg,BY,0,0,0,7,FLT-AIR-220 · Augsburg
2023-06-07,FLT-AIR-220,Air filter cartridge 220,Filters,Augsburg,BY,0,0,0,6,FLT-AIR-220 · Augsburg
2023-06-08,FLT-AIR-220,Air filter cartridge 220,Filters,Augsburg,BY,1,0,0,1,FLT-AIR-220 · Augsburg
2023-06-09,FLT-AIR-220,Air filter cartridge 220,Filters,Augsburg,BY,0,0,0,8,FLT-AIR-220 · Augsburg
2023-06-10,FLT-AIR-220,Air filter cartridge 220,Filters,Augsburg,BY,0,0,0,6,FLT-AIR-220 · Augsburg
2023-06-11,FLT-AIR-220,Air filter cartridge 220,Filters,Augsburg,BY,0,0,0,4,FLT-AIR-220 · Augsburg
2023-06-12,FLT-AIR-220,Air filter cartridge 220,Filters,Augsburg,BY,0,0,0,9,FLT-AIR-220 · Augsburg
2023-06-13,FLT-AIR-220,Air filter cartridge 220,Filters,Augsburg,BY,0,0,0,6,FLT-AIR-220 · Augsburg
2023-06-14,FLT-AIR-220,Air filter cartridge 220,Filters,Augsburg,BY,0,0,0,9,FLT-AIR-220 · Augsburg
2023-06-15,FLT-AIR-220,Air filter cartridge 220,Filters,Augsburg,BY,0,0,0,8,FLT-AIR-220 · Augsburg
2023-06-16,FLT-AIR-220,Air filter cartridge 220,Filters,Augsburg,BY,0,0,0,8,FLT-AIR-220 · Augsburg
2023-06-17,FLT-AIR-220,Air filter cartridge 220,Filters,Augsburg,BY,0,0,0,7,FLT-AIR-220 · Augsburg
2023-06-18,FLT-AIR-220,Air filter cartridge 220,Filters,Augsburg,BY,0,0,0,3,FLT-AIR-220 · Augsburg
2023-06-19,FLT-AIR-220,Air filter cartridge 220,Filters,Augsburg,BY,0,0,0,11,FLT-AIR-220 · Augsburg
2023-06-20,FLT-AIR-220,Air filter cartridge 220,Filters,Augsburg,BY,0,0,0,12,FLT-AIR-220 · Augsburg
2023-06-21,FLT-AIR-220,Air filter cartridge 220,Filters,Augsburg,BY,0,0,0,10,FLT-AIR-220 · Augsburg
2023-06-22,FLT-AIR-220,Air filter cartridge 220,Filters,Augsburg,BY,0,0,0,8,FLT-AIR-220 · Augsburg
2023-06-23,FLT-AIR-220,Air filter cartridge 220,Filters,Augsburg,BY,0,0,0,5,FLT-AIR-220 · Augsburg
2023-06-24,FLT-AIR-220,Air filter cartridge 220,Filters,Augsburg,BY,0,0,0,7,FLT-AIR-220 · Augsburg
2023-06-25,FLT-AIR-220,Air filter cartridge 220,Filters,Augsburg,BY,0,0,0,4,FLT-AIR-220 · Augsburg
2023-06-26,FLT-AIR-220,Air filter cartridge 220,Filters,Augsburg,BY,0,0,0,9,FLT-AIR-220 · Augsburg
2023-06-27,FLT-AIR-220,Air filter cartridge 220,Filters,Augsburg,BY,0,0,0,12,FLT-AIR-220 · Augsburg
2023-06-28,FLT-AIR-220,Air filter cartridge 220,Filters,Augsburg,BY,0,0,0,9,FLT-AIR-220 · Augsburg
2023-06-29,FLT-AIR-220,Air filter cartridge 220,Filters,Augsburg,BY,0,0,0,10,FLT-AIR-220 · Augsburg
2023-06-30,FLT-AIR-220,Air filter cartridge 220,Filters,Augsburg,BY,0,0,0,11,FLT-AIR-220 · Augsburg
2023-07-01,FLT-AIR-220,Air filter cartridge 220,Filters,Augsburg,BY,0,0,0,5,FLT-AIR-220 · Augsburg
2023-07-02,FLT-AIR-220,Air filter cartridge 220,Filters,Augsburg,BY,0,0,0,5,FLT-AIR-220 · Augsburg
2023-07-03,FLT-AIR-220,Air filter cartridge 220,Filters,Augsburg,BY,0,0,0,13,FLT-AIR-220 · Augsburg
2023-07-04,FLT-AIR-220,Air filter cartridge 220,Filters,Augsburg,BY,0,0,0,11,FLT-AIR-220 · Augsburg
2023-07-05,FLT-AIR-220,Air filter cartridge 220,Filters,Augsburg,BY,0,0,0,13,FLT-AIR-220 · Augsburg
2023-07-06,FLT-AIR-220,Air filter cartridge 220,Filters,Augsburg,BY,0,0,0,13,FLT-AIR-220 · Augsburg
2023-07-07,FLT-AIR-220,Air filter cartridge 220,Filters,Augsburg,BY,0,0,0,10,FLT-AIR-220 · Augsburg
2023-07-08,FLT-AIR-220,Air filter cartridge 220,Filters,Augsburg,BY,0,0,0,3,FLT-AIR-220 · Augsburg
2023-07-09,FLT-AIR-220,Air filter cartridge 220,Filters,Augsburg,BY,0,0,0,4,FLT-AIR-220 · Augsburg
2023-07-10,FLT-AIR-220,Air filter cartridge 220,Filters,Augsburg,BY,0,0,0,13,FLT-AIR-220 · Augsburg
2023-07-11,FLT-AIR-220,Air filter cartridge 220,Filters,Augsburg,BY,0,0,0,9,FLT-AIR-220 · Augsburg
2023-07-12,FLT-AIR-220,Air filter cartridge 220,Filters,Augsburg,BY,0,0,0,11,FLT-AIR-220 · Augsburg
2023-07-13,FLT-AIR-220,Air filter cartridge 220,Filters,Augsburg,BY,0,0,0,12,FLT-AIR-220 · Augsburg
2023-07-14,FLT-AIR-220,Air filter cartridge 220,Filters,Augsburg,BY,0,0,0,13,FLT-AIR-220 · Augsburg
2023-07-15,FLT-AIR-220,Air filter cartridge 220,Filters,Augsburg,BY,0,0,0,6,FLT-AIR-220 · Augsburg
2023-07-16,FLT-AIR-220,Air filter cartridge 220,Filters,Augsburg,BY,0,0,0,5,FLT-AIR-220 · Augsburg
2023-07-17,FLT-AIR-220,Air filter cartridge 220,Filters,Augsburg,BY,0,0,0,13,FLT-AIR-220 · Augsburg
2023-07-18,FLT-AIR-220,Air filter cartridge 220,Filters,Augsburg,BY,0,0,0,13,FLT-AIR-220 · Augsburg
2023-07-19,FLT-AIR-220,Air filter cartridge 220,Filters,Augsburg,BY,0,0,0,12,FLT-AIR-220 · Augsburg
2023-07-20,FLT-AIR-220,Air filter cartridge 220,Filters,Augsburg,BY,0,0,0,15,FLT-AIR-220 · Augsburg
2023-07-21,FLT-AIR-220,Air filter cartridge 220,Filters,Augsburg,BY,0,0,0,11,FLT-AIR-220 · Augsburg
2023-07-22,FLT-AIR-220,Air filter cartridge 220,Filters,Augsburg,BY,0,0,0,8,FLT-AIR-220 · Augsburg
2023-07-23,FLT-AIR-220,Air filter cartridge 220,Filters,Augsburg,BY,0,0,0,6,FLT-AIR-220 · Augsburg
2023-07-24,FLT-AIR-220,Air filter cartridge 220,Filters,Augsburg,BY,0,0,0,13,FLT-AIR-220 · Augsburg
2023-07-25,FLT-AIR-220,Air filter cartridge 220,Filters,Augsburg,BY,0,0,0,16,FLT-AIR-220 · Augsburg
2023-07-26,FLT-AIR-220,Air filter cartridge 220,Filters,Augsburg,BY,0,0,0,15,FLT-AIR-220 · Augsburg
2023-07-27,FLT-AIR-220,Air filter cartridge 220,Filters,Augsburg,BY,0,0,0,16,FLT-AIR-220 · Augsburg
2023-07-28,FLT-AIR-220,Air filter cartridge 220,Filters,Augsburg,BY,0,0,0,14,FLT-AIR-220 · Augsburg
2023-07-29,FLT-AIR-220,Air filter cartridge 220,Filters,Augsburg,BY,0,0,0,9,FLT-AIR-220 · Augsburg
2023-07-30,FLT-AIR-220,Air filter cartridge 220,Filters,Augsburg,BY,0,0,0,6,FLT-AIR-220 · Augsburg
2023-07-31,FLT-AIR-220,Air filter cartridge 220,Filters,Augsburg,BY,0,0,0,13,FLT-AIR-220 · Augsburg
2023-08-01,FLT-AIR-220,Air filter cartridge 220,Filters,Augsburg,BY,0,0,0,18,FLT-AIR-220 · Augsburg
2023-08-02,FLT-AIR-220,Air filter cartridge 220,Filters,Augsburg,BY,0,0,0,17,FLT-AIR-220 · Augsburg
2023-08-03,FLT-AIR-220,Air filter cartridge 220,Filters,Augsburg,BY,0,0,0,13,FLT-AIR-220 · Augsburg
2023-08-04,FLT-AIR-220,Air filter cartridge 220,Filters,Augsburg,BY,0,0,0,15,FLT-AIR-220 · Augsburg
2023-08-05,FLT-AIR-220,Air filter cartridge 220,Filters,Augsburg,BY,0,0,0,6,FLT-AIR-220 · Augsburg
2023-08-06,FLT-AIR-220,Air filter cartridge 220,Filters,Augsburg,BY,0,0,0,6,FLT-AIR-220 · Augsburg
2023-08-07,FLT-AIR-220,Air filter cartridge 220,Filters,Augsburg,BY,0,1,0,4,FLT-AIR-220 · Augsburg
2023-08-08,FLT-AIR-220,Air filter cartridge 220,Filters,Augsburg,BY,0,1,0,3,FLT-AIR-220 · Augsburg
2023-08-09,FLT-AIR-220,Air filter cartridge 220,Filters,Augsburg,BY,0,1,0,3,FLT-AIR-220 · Augsburg
2023-08-10,FLT-AIR-220,Air filter cartridge 220,Filters,Augsburg,BY,0,1,0,0,FLT-AIR-220 · Augsburg
2023-08-11,FLT-AIR-220,Air filter cartridge 220,Filters,Augsburg,BY,0,1,0,2,FLT-AIR-220 · Augsburg
2023-08-12,FLT-AIR-220,Air filter cartridge 220,Filters,Augsburg,BY,0,1,0,2,FLT-AIR-220 · Augsburg
2023-08-13,FLT-AIR-220,Air filter cartridge 220,Filters,Augsburg,BY,0,1,0,2,FLT-AIR-220 · Augsburg
2023-08-14,FLT-AIR-220,Air filter cartridge 220,Filters,Augsburg,BY,0,1,0,4,FLT-AIR-220 · Augsburg
2023-08-15,FLT-AIR-220,Air filter cartridge 220,Filters,Augsburg,BY,0,1,0,3,FLT-AIR-220 · Augsburg
2023-08-16,FLT-AIR-220,Air filter cartridge 220,Filters,Augsburg,BY,0,1,0,3,FLT-AIR-220 · Augsburg
2023-08-17,FLT-AIR-220,Air filter cartridge 220,Filters,Augsburg,BY,0,1,0,2,FLT-AIR-220 · Augsburg
2023-08-18,FLT-AIR-220,Air filter cartridge 220,Filters,Augsburg,BY,0,1,0,3,FLT-AIR-220 · Augsburg
2023-08-19,FLT-AIR-220,Air filter cartridge 220,Filters,Augsburg,BY,0,1,0,1,FLT-AIR-220 · Augsburg
2023-08-20,FLT-AIR-220,Air filter cartridge 220,Filters,Augsburg,BY,0,1,0,0,FLT-AIR-220 · Augsburg
2023-08-21,FLT-AIR-220,Air filter cartridge 220,Filters,Augsburg,BY,0,0,0,17,FLT-AIR-220 · Augsburg
2023-08-22,FLT-AIR-220,Air filter cartridge 220,Filters,Augsburg,BY,0,0,0,23,FLT-AIR-220 · Augsburg
2023-08-23,FLT-AIR-220,Air filter cartridge 220,Filters,Augsburg,BY,0,0,0,18,FLT-AIR-220 · Augsburg
2023-08-24,FLT-AIR-220,Air filter cartridge 220,Filters,Augsburg,BY,0,0,0,20,FLT-AIR-220 · Augsburg
2023-08-25,FLT-AIR-220,Air filter cartridge 220,Filters,Augsburg,BY,0,0,0,17,FLT-AIR-220 · Augsburg
2023-08-26,FLT-AIR-220,Air filter cartridge 220,Filters,Augsburg,BY,0,0,0,9,FLT-AIR-220 · Augsburg
2023-08-27,FLT-AIR-220,Air filter cartridge 220,Filters,Augsburg,BY,0,0,0,10,FLT-AIR-220 · Augsburg
2023-08-28,FLT-AIR-220,Air filter cartridge 220,Filters,Augsburg,BY,0,0,0,15,FLT-AIR-220 · Augsburg
2023-08-29,FLT-AIR-220,Air filter cartridge 220,Filters,Augsburg,BY,0,0,0,20,FLT-AIR-220 · Augsburg
2023-08-30,FLT-AIR-220,Air filter cartridge 220,Filters,Augsburg,BY,0,0,0,21,FLT-AIR-220 · Augsburg
2023-08-31,FLT-AIR-220,Air filter cartridge 220,Filters,Augsburg,BY,0,0,0,21,FLT-AIR-220 · Augsburg
2023-09-01,FLT-AIR-220,Air filter cartridge 220,Filters,Augsburg,BY,0,0,1,17,FLT-AIR-220 · Augsburg
2023-09-02,FLT-AIR-220,Air filter cartridge 220,Filters,Augsburg,BY,0,0,1,9,FLT-AIR-220 · Augsburg
2023-09-03,FLT-AIR-220,Air filter cartridge 220,Filters,Augsburg,BY,0,0,1,8,FLT-AIR-220 · Augsburg
2023-09-04,FLT-AIR-220,Air filter cartridge 220,Filters,Augsburg,BY,0,0,1,19,FLT-AIR-220 · Augsburg
2023-09-05,FLT-AIR-220,Air filter cartridge 220,Filters,Augsburg,BY,0,0,1,18,FLT-AIR-220 · Augsburg
2023-09-06,FLT-AIR-220,Air filter cartridge 220,Filters,Augsburg,BY,0,0,1,23,FLT-AIR-220 · Augsburg
2023-09-07,FLT-AIR-220,Air filter cartridge 220,Filters,Augsburg,BY,0,0,1,18,FLT-AIR-220 · Augsburg
2023-09-08,FLT-AIR-220,Air filter cartridge 220,Filters,Augsburg,BY,0,0,0,21,FLT-AIR-220 · Augsburg
2023-09-09,FLT-AIR-220,Air filter cartridge 220,Filters,Augsburg,BY,0,0,0,13,FLT-AIR-220 · Augsburg
2023-09-10,FLT-AIR-220,Air filter cartridge 220,Filters,Augsburg,BY,0,0,0,11,FLT-AIR-220 · Augsburg
2023-09-11,FLT-AIR-220,Air filter cartridge 220,Filters,Augsburg,BY,0,0,0,21,FLT-AIR-220 · Augsburg
2023-09-12,FLT-AIR-220,Air filter cartridge 220,Filters,Augsburg,BY,0,0,0,23,FLT-AIR-220 · Augsburg
2023-09-13,FLT-AIR-220,Air filter cartridge 220,Filters,Augsburg,BY,0,0,0,19,FLT-AIR-220 · Augsburg
2023-09-14,FLT-AIR-220,Air filter cartridge 220,Filters,Augsburg,BY,0,0,0,20,FLT-AIR-220 · Augsburg
2023-09-15,FLT-AIR-220,Air filter cartridge 220,Filters,Augsburg,BY,0,0,0,15,FLT-AIR-220 · Augsburg
2023-09-16,FLT-AIR-220,Air filter cartridge 220,Filters,Augsburg,BY,0,0,0,7,FLT-AIR-220 · Augsburg
2023-09-17,FLT-AIR-220,Air filter cartridge 220,Filters,Augsburg,BY,0,0,0,10,FLT-AIR-220 · Augsburg
2023-09-18,FLT-AIR-220,Air filter cartridge 220,Filters,Augsburg,BY,0,0,0,21,FLT-AIR-220 · Augsburg
2023-09-19,FLT-AIR-220,Air filter cartridge 220,Filters,Augsburg,BY,0,0,0,21,FLT-AIR-220 · Augsburg
2023-09-20,FLT-AIR-220,Air filter cartridge 220,Filters,Augsburg,BY,0,0,0,19,FLT-AIR-220 · Augsburg
2023-09-21,FLT-AIR-220,Air filter cartridge 220,Filters,Augsburg,BY,0,0,0,24,FLT-AIR-220 · Augsburg
2023-09-22,FLT-AIR-220,Air filter cartridge 220,Filters,Augsburg,BY,0,0,0,19,FLT-AIR-220 · Augsburg
2023-09-23,FLT-AIR-220,Air filter cartridge 220,Filters,Augsburg,BY,0,0,0,14,FLT-AIR-220 · Augsburg
2023-09-24,FLT-AIR-220,Air filter cartridge 220,Filters,Augsburg,BY,0,0,0,11,FLT-AIR-220 · Augsburg
2023-09-25,FLT-AIR-220,Air filter cartridge 220,Filters,Augsburg,BY,0,0,0,26,FLT-AIR-220 · Augsburg
2023-09-26,FLT-AIR-220,Air filter cartridge 220,Filters,Augsburg,BY,0,0,0,21,FLT-AIR-220 · Augsburg
2023-09-27,FLT-AIR-220,Air filter cartridge 220,Filters,Augsburg,BY,0,0,0,20,FLT-AIR-220 · Augsburg
2023-09-28,FLT-AIR-220,Air filter cartridge 220,Filters,Augsburg,BY,0,0,0,18,FLT-AIR-220 · Augsburg
2023-09-29,FLT-AIR-220,Air filter cartridge 220,Filters,Augsburg,BY,0,0,0,25,FLT-AIR-220 · Augsburg
2023-09-30,FLT-AIR-220,Air filter cartridge 220,Filters,Augsburg,BY,0,0,0,15,FLT-AIR-220 · Augsburg
2023-10-01,FLT-AIR-220,Air filter cartridge 220,Filters,Augsburg,BY,0,0,0,11,FLT-AIR-220 · Augsburg
2023-10-02,FLT-AIR-220,Air filter cartridge 220,Filters,Augsburg,BY,0,0,0,32,FLT-AIR-220 · Augsburg
2023-10-03,FLT-AIR-220,Air filter cartridge 220,Filters,Augsburg,BY,1,0,0,3,FLT-AIR-220 · Augsburg
2023-10-04,FLT-AIR-220,Air filter cartridge 220,Filters,Augsburg,BY,0,0,0,20,FLT-AIR-220 · Augsburg
2023-10-05,FLT-AIR-220,Air filter cartridge 220,Filters,Augsburg,BY,0,0,0,23,FLT-AIR-220 · Augsburg
2023-10-06,FLT-AIR-220,Air filter cartridge 220,Filters,Augsburg,BY,0,0,0,20,FLT-AIR-220 · Augsburg
2023-10-07,FLT-AIR-220,Air filter cartridge 220,Filters,Augsburg,BY,0,0,0,14,FLT-AIR-220 · Augsburg
2023-10-08,FLT-AIR-220,Air filter cartridge 220,Filters,Augsburg,BY,0,0,0,10,FLT-AIR-220 · Augsburg
2023-10-09,FLT-AIR-220,Air filter cartridge 220,Filters,Augsburg,BY,0,0,0,22,FLT-AIR-220 · Augsburg
2023-10-10,FLT-AIR-220,Air filter cartridge 220,Filters,Augsburg,BY,0,0,0,19,FLT-AIR-220 · Augsburg
2023-10-11,FLT-AIR-220,Air filter cartridge 220,Filters,Augsburg,BY,0,0,0,27,FLT-AIR-220 · Augsburg
2023-10-12,FLT-AIR-220,Air filter cartridge 220,Filters,Augsburg,BY,0,0,0,23,FLT-AIR-220 · Augsburg
2023-10-13,FLT-AIR-220,Air filter cartridge 220,Filters,Augsburg,BY,0,0,0,21,FLT-AIR-220 · Augsburg
2023-10-14,FLT-AIR-220,Air filter cartridge 220,Filters,Augsburg,BY,0,0,0,16,FLT-AIR-220 · Augsburg
2023-10-15,FLT-AIR-220,Air filter cartridge 220,Filters,Augsburg,BY,0,0,0,11,FLT-AIR-220 · Augsburg
2023-10-16,FLT-AIR-220,Air filter cartridge 220,Filters,Augsburg,BY,0,0,0,24,FLT-AIR-220 · Augsburg
2023-10-17,FLT-AIR-220,Air filter cartridge 220,Filters,Augsburg,BY,0,0,0,25,FLT-AIR-220 · Augsburg
2023-10-18,FLT-AIR-220,Air filter cartridge 220,Filters,Augsburg,BY,0,0,0,23,FLT-AIR-220 · Augsburg
2023-10-19,FLT-AIR-220,Air filter cartridge 220,Filters,Augsburg,BY,0,0,0,25,FLT-AIR-220 · Augsburg
2023-10-20,FLT-AIR-220,Air filter cartridge 220,Filters,Augsburg,BY,0,0,0,25,FLT-AIR-220 · Augsburg
2023-10-21,FLT-AIR-220,Air filter cartridge 220,Filters,Augsburg,BY,0,0,0,16,FLT-AIR-220 · Augsburg
2023-10-22,FLT-AIR-220,Air filter cartridge 220,Filters,Augsburg,BY,0,0,0,11,FLT-AIR-220 · Augsburg
2023-10-23,FLT-AIR-220,Air filter cartridge 220,Filters,Augsburg,BY,0,0,0,28,FLT-AIR-220 · Augsburg
2023-10-24,FLT-AIR-220,Air filter cartridge 220,Filters,Augsburg,BY,0,0,0,21,FLT-AIR-220 · Augsburg
2023-10-25,FLT-AIR-220,Air filter cartridge 220,Filters,Augsburg,BY,0,0,0,23,FLT-AIR-220 · Augsburg
2023-10-26,FLT-AIR-220,Air filter cartridge 220,Filters,Augsburg,BY,0,0,0,22,FLT-AIR-220 · Augsburg
2023-10-27,FLT-AIR-220,Air filter cartridge 220,Filters,Augsburg,BY,0,0,0,19,FLT-AIR-220 · Augsburg
2023-10-28,FLT-AIR-220,Air filter cartridge 220,Filters,Augsburg,BY,0,0,0,12,FLT-AIR-220 · Augsburg
2023-10-29,FLT-AIR-220,Air filter cartridge 220,Filters,Augsburg,BY,0,0,0,10,FLT-AIR-220 · Augsburg
2023-10-30,FLT-AIR-220,Air filter cartridge 220,Filters,Augsburg,BY,0,0,0,21,FLT-AIR-220 · Augsburg
2023-10-31,FLT-AIR-220,Air filter cartridge 220,Filters,Augsburg,BY,0,0,0,19,FLT-AIR-220 · Augsburg
2023-11-01,FLT-AIR-220,Air filter cartridge 220,Filters,Augsburg,BY,1,0,0,2,FLT-AIR-220 · Augsburg
2023-11-02,FLT-AIR-220,Air filter cartridge 220,Filters,Augsburg,BY,0,0,0,23,FLT-AIR-220 · Augsburg
2023-11-03,FLT-AIR-220,Air filter cartridge 220,Filters,Augsburg,BY,0,0,0,25,FLT-AIR-220 · Augsburg
2023-11-04,FLT-AIR-220,Air filter cartridge 220,Filters,Augsburg,BY,0,0,0,16,FLT-AIR-220 · Augsburg
2023-11-05,FLT-AIR-220,Air filter cartridge 220,Filters,Augsburg,BY,0,0,0,6,FLT-AIR-220 · Augsburg
2023-11-06,FLT-AIR-220,Air filter cartridge 220,Filters,Augsburg,BY,0,0,0,27,FLT-AIR-220 · Augsburg
2023-11-07,FLT-AIR-220,Air filter cartridge 220,Filters,Augsburg,BY,0,0,0,23,FLT-AIR-220 · Augsburg
2023-11-08,FLT-AIR-220,Air filter cartridge 220,Filters,Augsburg,BY,0,0,0,26,FLT-AIR-220 · Augsburg
2023-11-09,FLT-AIR-220,Air filter cartridge 220,Filters,Augsburg,BY,0,0,0,24,FLT-AIR-220 · Augsburg
2023-11-10,FLT-AIR-220,Air filter cartridge 220,Filters,Augsburg,BY,0,0,0,22,FLT-AIR-220 · Augsburg
2023-11-11,FLT-AIR-220,Air filter cartridge 220,Filters,Augsburg,BY,0,0,0,15,FLT-AIR-220 · Augsburg
2023-11-12,FLT-AIR-220,Air filter cartridge 220,Filters,Augsburg,BY,0,0,0,11,FLT-AIR-220 · Augsburg
2023-11-13,FLT-AIR-220,Air filter cartridge 220,Filters,Augsburg,BY,0,0,0,27,FLT-AIR-220 · Augsburg
2023-11-14,FLT-AIR-220,Air filter cartridge 220,Filters,Augsburg,BY,0,0,0,21,FLT-AIR-220 · Augsburg
2023-11-15,FLT-AIR-220,Air filter cartridge 220,Filters,Augsburg,BY,0,0,0,25,FLT-AIR-220 · Augsburg
2023-11-16,FLT-AIR-220,Air filter cartridge 220,Filters,Augsburg,BY,0,0,0,25,FLT-AIR-220 · Augsburg
2023-11-17,FLT-AIR-220,Air filter cartridge 220,Filters,Augsburg,BY,0,0,0,24,FLT-AIR-220 · Augsburg
2023-11-18,FLT-AIR-220,Air filter cartridge 220,Filters,Augsburg,BY,0,0,0,11,FLT-AIR-220 · Augsburg
2023-11-19,FLT-AIR-220,Air filter cartridge 220,Filters,Augsburg,BY,0,0,0,12,FLT-AIR-220 · Augsburg
2023-11-20,FLT-AIR-220,Air filter cartridge 220,Filters,Augsburg,BY,0,0,0,22,FLT-AIR-220 · Augsburg
2023-11-21,FLT-AIR-220,Air filter cartridge 220,Filters,Augsburg,BY,0,0,0,25,FLT-AIR-220 · Augsburg
2023-11-22,FLT-AIR-220,Air filter cartridge 220,Filters,Augsburg,BY,0,0,0,20,FLT-AIR-220 · Augsburg
2023-11-23,FLT-AIR-220,Air filter cartridge 220,Filters,Augsburg,BY,0,0,0,20,FLT-AIR-220 · Augsburg
2023-11-24,FLT-AIR-220,Air filter cartridge 220,Filters,Augsburg,BY,0,0,0,28,FLT-AIR-220 · Augsburg
2023-11-25,FLT-AIR-220,Air filter cartridge 220,Filters,Augsburg,BY,0,0,0,13,FLT-AIR-220 · Augsburg
2023-11-26,FLT-AIR-220,Air filter cartridge 220,Filters,Augsburg,BY,0,0,0,13,FLT-AIR-220 · Augsburg
2023-11-27,FLT-AIR-220,Air filter cartridge 220,Filters,Augsburg,BY,0,0,0,24,FLT-AIR-220 · Augsburg
2023-11-28,FLT-AIR-220,Air filter cartridge 220,Filters,Augsburg,BY,0,0,0,23,FLT-AIR-220 · Augsburg
2023-11-29,FLT-AIR-220,Air filter cartridge 220,Filters,Augsburg,BY,0,0,0,24,FLT-AIR-220 · Augsburg
2023-11-30,FLT-AIR-220,Air filter cartridge 220,Filters,Augsburg,BY,0,0,0,20,FLT-AIR-220 · Augsburg
2023-12-01,FLT-AIR-220,Air filter cartridge 220,Filters,Augsburg,BY,0,0,0,23,FLT-AIR-220 · Augsburg
2023-12-02,FLT-AIR-220,Air filter cartridge 220,Filters,Augsburg,BY,0,0,0,12,FLT-AIR-220 · Augsburg
2023-12-03,FLT-AIR-220,Air filter cartridge 220,Filters,Augsburg,BY,0,0,0,10,FLT-AIR-220 · Augsburg
2023-12-04,FLT-AIR-220,Air filter cartridge 220,Filters,Augsburg,BY,0,0,0,25,FLT-AIR-220 · Augsburg
2023-12-05,FLT-AIR-220,Air filter cartridge 220,Filters,Augsburg,BY,0,0,0,24,FLT-AIR-220 · Augsburg
2023-12-06,FLT-AIR-220,Air filter cartridge 220,Filters,Augsburg,BY,0,0,0,19,FLT-AIR-220 · Augsburg
2023-12-07,FLT-AIR-220,Air filter cartridge 220,Filters,Augsburg,BY,0,0,0,25,FLT-AIR-220 · Augsburg
2023-12-08,FLT-AIR-220,Air filter cartridge 220,Filters,Augsburg,BY,0,0,0,22,FLT-AIR-220 · Augsburg
2023-12-09,FLT-AIR-220,Air filter cartridge 220,Filters,Augsburg,BY,0,0,0,13,FLT-AIR-220 · Augsburg
2023-12-10,FLT-AIR-220,Air filter cartridge 220,Filters,Augsburg,BY,0,0,0,11,FLT-AIR-220 · Augsburg
2023-12-11,FLT-AIR-220,Air filter cartridge 220,Filters,Augsburg,BY,0,0,0,22,FLT-AIR-220 · Augsburg
2023-12-12,FLT-AIR-220,Air filter cartridge 220,Filters,Augsburg,BY,0,0,0,19,FLT-AIR-220 · Augsburg
2023-12-13,FLT-AIR-220,Air filter cartridge 220,Filters,Augsburg,BY,0,0,0,26,FLT-AIR-220 · Augsburg
2023-12-14,FLT-AIR-220,Air filter cartridge 220,Filters,Augsburg,BY,0,0,0,21,FLT-AIR-220 · Augsburg
2023-12-15,FLT-AIR-220,Air filter cartridge 220,Filters,Augsburg,BY,0,0,0,20,FLT-AIR-220 · Augsburg
2023-12-16,FLT-AIR-220,Air filter cartridge 220,Filters,Augsburg,BY,0,0,0,12,FLT-AIR-220 · Augsburg
2023-12-17,FLT-AIR-220,Air filter cartridge 220,Filters,Augsburg,BY,0,0,0,11,FLT-AIR-220 · Augsburg
2023-12-18,FLT-AIR-220,Air filter cartridge 220,Filters,Augsburg,BY,0,0,0,20,FLT-AIR-220 · Augsburg
2023-12-19,FLT-AIR-220,Air filter cartridge 220,Filters,Augsburg,BY,0,0,0,17,FLT-AIR-220 · Augsburg
2023-12-20,FLT-AIR-220,Air filter cartridge 220,Filters,Augsburg,BY,0,0,0,19,FLT-AIR-220 · Augsburg
2023-12-21,FLT-AIR-220,Air filter cartridge 220,Filters,Augsburg,BY,0,0,0,23,FLT-AIR-220 · Augsburg
2023-12-22,FLT-AIR-220,Air filter cartridge 220,Filters,Augsburg,BY,0,0,0,21,FLT-AIR-220 · Augsburg
2023-12-23,FLT-AIR-220,Air filter cartridge 220,Filters,Augsburg,BY,0,0,0,12,FLT-AIR-220 · Augsburg
2023-12-24,FLT-AIR-220,Air filter cartridge 220,Filters,Augsburg,BY,0,1,0,3,FLT-AIR-220 · Augsburg
2023-12-25,FLT-AIR-220,Air filter cartridge 220,Filters,Augsburg,BY,1,1,0,1,FLT-AIR-220 · Augsburg
2023-12-26,FLT-AIR-220,Air filter cartridge 220,Filters,Augsburg,BY,1,1,0,0,FLT-AIR-220 · Augsburg
2023-12-27,FLT-AIR-220,Air filter cartridge 220,Filters,Augsburg,BY,0,1,0,3,FLT-AIR-220 · Augsburg
2023-12-28,FLT-AIR-220,Air filter cartridge 220,Filters,Augsburg,BY,0,1,0,4,FLT-AIR-220 · Augsburg
2023-12-29,FLT-AIR-220,Air filter cartridge 220,Filters,Augsburg,BY,0,1,0,2,FLT-AIR-220 · Augsburg
2023-12-30,FLT-AIR-220,Air filter cartridge 220,Filters,Augsburg,BY,0,1,0,2,FLT-AIR-220 · Augsburg
2023-12-31,FLT-AIR-220,Air filter cartridge 220,Filters,Augsburg,BY,0,1,0,2,FLT-AIR-220 · Augsburg
2024-01-01,FLT-AIR-220,Air filter cartridge 220,Filters,Augsburg,BY,1,1,0,0,FLT-AIR-220 · Augsburg
2024-01-02,FLT-AIR-220,Air filter cartridge 220,Filters,Augsburg,BY,0,1,0,3,FLT-AIR-220 · Augsburg
2024-01-03,FLT-AIR-220,Air filter cartridge 220,Filters,Augsburg,BY,0,0,0,17,FLT-AIR-220 · Augsburg
2024-01-04,FLT-AIR-220,Air filter cartridge 220,Filters,Augsburg,BY,0,0,0,19,FLT-AIR-220 · Augsburg
2024-01-05,FLT-AIR-220,Air filter cartridge 220,Filters,Augsburg,BY,0,0,0,12,FLT-AIR-220 · Augsburg
2024-01-06,FLT-AIR-220,Air filter cartridge 220,Filters,Augsburg,BY,1,0,0,1,FLT-AIR-220 · Augsburg
2024-01-07,FLT-AIR-220,Air filter cartridge 220,Filters,Augsburg,BY,0,0,0,7,FLT-AIR-220 · Augsburg
2024-01-08,FLT-AIR-220,Air filter cartridge 220,Filters,Augsburg,BY,0,0,0,20,FLT-AIR-220 · Augsburg
2024-01-09,FLT-AIR-220,Air filter cartridge 220,Filters,Augsburg,BY,0,0,0,17,FLT-AIR-220 · Augsburg
2024-01-10,FLT-AIR-220,Air filter cartridge 220,Filters,Augsburg,BY,0,0,0,22,FLT-AIR-220 · Augsburg
2024-01-11,FLT-AIR-220,Air filter cartridge 220,Filters,Augsburg,BY,0,0,0,18,FLT-AIR-220 · Augsburg
2024-01-12,FLT-AIR-220,Air filter cartridge 220,Filters,Augsburg,BY,0,0,0,15,FLT-AIR-220 · Augsburg
2024-01-13,FLT-AIR-220,Air filter cartridge 220,Filters,Augsburg,BY,0,0,0,11,FLT-AIR-220 · Augsburg
2024-01-14,FLT-AIR-220,Air filter cartridge 220,Filters,Augsburg,BY,0,0,0,8,FLT-AIR-220 · Augsburg
2024-01-15,FLT-AIR-220,Air filter cartridge 220,Filters,Augsburg,BY,0,0,0,21,FLT-AIR-220 · Augsburg
2024-01-16,FLT-AIR-220,Air filter cartridge 220,Filters,Augsburg,BY,0,0,0,15,FLT-AIR-220 · Augsburg
2024-01-17,FLT-AIR-220,Air filter cartridge 220,Filters,Augsburg,BY,0,0,0,16,FLT-AIR-220 · Augsburg
2024-01-18,FLT-AIR-220,Air filter cartridge 220,Filters,Augsburg,BY,0,0,0,20,FLT-AIR-220 · Augsburg
2024-01-19,FLT-AIR-220,Air filter cartridge 220,Filters,Augsburg,BY,0,0,0,20,FLT-AIR-220 · Augsburg
2024-01-20,FLT-AIR-220,Air filter cartridge 220,Filters,Augsburg,BY,0,0,0,7,FLT-AIR-220 · Augsburg
2024-01-21,FLT-AIR-220,Air filter cartridge 220,Filters,Augsburg,BY,0,0,0,10,FLT-AIR-220 · Augsburg
2024-01-22,FLT-AIR-220,Air filter cartridge 220,Filters,Augsburg,BY,0,0,0,17,FLT-AIR-220 · Augsburg
2024-01-23,FLT-AIR-220,Air filter cartridge 220,Filters,Augsburg,BY,0,0,0,12,FLT-AIR-220 · Augsburg
2024-01-24,FLT-AIR-220,Air filter cartridge 220,Filters,Augsburg,BY,0,0,0,9,FLT-AIR-220 · Augsburg
2024-01-25,FLT-AIR-220,Air filter cartridge 220,Filters,Augsburg,BY,0,0,0,13,FLT-AIR-220 · Augsburg
2024-01-26,FLT-AIR-220,Air filter cartridge 220,Filters,Augsburg,BY,0,0,0,15,FLT-AIR-220 · Augsburg
2024-01-27,FLT-AIR-220,Air filter cartridge 220,Filters,Augsburg,BY,0,0,0,10,FLT-AIR-220 · Augsburg
2024-01-28,FLT-AIR-220,Air filter cartridge 220,Filters,Augsburg,BY,0,0,0,8,FLT-AIR-220 · Augsburg
2024-01-29,FLT-AIR-220,Air filter cartridge 220,Filters,Augsburg,BY,0,0,0,15,FLT-AIR-220 · Augsburg
2024-01-30,FLT-AIR-220,Air filter cartridge 220,Filters,Augsburg,BY,0,0,0,13,FLT-AIR-220 · Augsburg
2024-01-31,FLT-AIR-220,Air filter cartridge 220,Filters,Augsburg,BY,0,0,0,27,FLT-AIR-220 · Augsburg
2024-02-01,FLT-AIR-220,Air filter cartridge 220,Filters,Augsburg,BY,0,0,0,14,FLT-AIR-220 · Augsburg
2024-02-02,FLT-AIR-220,Air filter cartridge 220,Filters,Augsburg,BY,0,0,0,14,FLT-AIR-220 · Augsburg
2024-02-03,FLT-AIR-220,Air filter cartridge 220,Filters,Augsburg,BY,0,0,0,8,FLT-AIR-220 · Augsburg
2024-02-04,FLT-AIR-220,Air filter cartridge 220,Filters,Augsburg,BY,0,0,0,7,FLT-AIR-220 · Augsburg
2024-02-05,FLT-AIR-220,Air filter cartridge 220,Filters,Augsburg,BY,0,0,0,13,FLT-AIR-220 · Augsburg
2024-02-06,FLT-AIR-220,Air filter cartridge 220,Filters,Augsburg,BY,0,0,0,12,FLT-AIR-220 · Augsburg
2024-02-07,FLT-AIR-220,Air filter cartridge 220,Filters,Augsburg,BY,0,0,0,13,FLT-AIR-220 · Augsburg
2024-02-08,FLT-AIR-220,Air filter cartridge 220,Filters,Augsburg,BY,0,0,0,16,FLT-AIR-220 · Augsburg
2024-02-09,FLT-AIR-220,Air filter cartridge 220,Filters,Augsburg,BY,0,0,0,13,FLT-AIR-220 · Augsburg
2024-02-10,FLT-AIR-220,Air filter cartridge 220,Filters,Augsburg,BY,0,0,0,7,FLT-AIR-220 · Augsburg
2024-02-11,FLT-AIR-220,Air filter cartridge 220,Filters,Augsburg,BY,0,0,0,7,FLT-AIR-220 · Augsburg
2024-02-12,FLT-AIR-220,Air filter cartridge 220,Filters,Augsburg,BY,0,0,0,18,FLT-AIR-220 · Augsburg
2024-02-13,FLT-AIR-220,Air filter cartridge 220,Filters,Augsburg,BY,0,0,0,14,FLT-AIR-220 · Augsburg
2024-02-14,FLT-AIR-220,Air filter cartridge 220,Filters,Augsburg,BY,0,0,0,15,FLT-AIR-220 · Augsburg
2024-02-15,FLT-AIR-220,Air filter cartridge 220,Filters,Augsburg,BY,0,0,0,14,FLT-AIR-220 · Augsburg
2024-02-16,FLT-AIR-220,Air filter cartridge 220,Filters,Augsburg,BY,0,0,0,10,FLT-AIR-220 · Augsburg
2024-02-17,FLT-AIR-220,Air filter cartridge 220,Filters,Augsburg,BY,0,0,0,8,FLT-AIR-220 · Augsburg
2024-02-18,FLT-AIR-220,Air filter cartridge 220,Filters,Augsburg,BY,0,0,0,4,FLT-AIR-220 · Augsburg
2024-02-19,FLT-AIR-220,Air filter cartridge 220,Filters,Augsburg,BY,0,0,0,12,FLT-AIR-220 · Augsburg
2024-02-20,FLT-AIR-220,Air filter cartridge 220,Filters,Augsburg,BY,0,0,0,12,FLT-AIR-220 · Augsburg
2024-02-21,FLT-AIR-220,Air filter cartridge 220,Filters,Augsburg,BY,0,0,0,12,FLT-AIR-220 · Augsburg
2024-02-22,FLT-AIR-220,Air filter cartridge 220,Filters,Augsburg,BY,0,0,0,12,FLT-AIR-220 · Augsburg
2024-02-23,FLT-AIR-220,Air filter cartridge 220,Filters,Augsburg,BY,0,0,0,12,FLT-AIR-220 · Augsburg
2024-02-24,FLT-AIR-220,Air filter cartridge 220,Filters,Augsburg,BY,0,0,0,9,FLT-AIR-220 · Augsburg
2024-02-25,FLT-AIR-220,Air filter cartridge 220,Filters,Augsburg,BY,0,0,0,6,FLT-AIR-220 · Augsburg
2024-02-26,FLT-AIR-220,Air filter cartridge 220,Filters,Augsburg,BY,0,0,0,11,FLT-AIR-220 · Augsburg
2024-02-27,FLT-AIR-220,Air filter cartridge 220,Filters,Augsburg,BY,0,0,0,12,FLT-AIR-220 · Augsburg
2024-02-28,FLT-AIR-220,Air filter cartridge 220,Filters,Augsburg,BY,0,0,0,10,FLT-AIR-220 · Augsburg
2024-02-29,FLT-AIR-220,Air filter cartridge 220,Filters,Augsburg,BY,0,0,0,13,FLT-AIR-220 · Augsburg
2024-03-01,FLT-AIR-220,Air filter cartridge 220,Filters,Augsburg,BY,0,0,1,13,FLT-AIR-220 · Augsburg
2024-03-02,FLT-AIR-220,Air filter cartridge 220,Filters,Augsburg,BY,0,0,1,8,FLT-AIR-220 · Augsburg
2024-03-03,FLT-AIR-220,Air filter cartridge 220,Filters,Augsburg,BY,0,0,1,4,FLT-AIR-220 · Augsburg
2024-03-04,FLT-AIR-220,Air filter cartridge 220,Filters,Augsburg,BY,0,0,1,13,FLT-AIR-220 · Augsburg
2024-03-05,FLT-AIR-220,Air filter cartridge 220,Filters,Augsburg,BY,0,0,1,10,FLT-AIR-220 · Augsburg
2024-03-06,FLT-AIR-220,Air filter cartridge 220,Filters,Augsburg,BY,0,0,1,9,FLT-AIR-220 · Augsburg
2024-03-07,FLT-AIR-220,Air filter cartridge 220,Filters,Augsburg,BY,0,0,1,12,FLT-AIR-220 · Augsburg
2024-03-08,FLT-AIR-220,Air filter cartridge 220,Filters,Augsburg,BY,0,0,0,12,FLT-AIR-220 · Augsburg
2024-03-09,FLT-AIR-220,Air filter cartridge 220,Filters,Augsburg,BY,0,0,0,8,FLT-AIR-220 · Augsburg
2024-03-10,FLT-AIR-220,Air filter cartridge 220,Filters,Augsburg,BY,0,0,0,4,FLT-AIR-220 · Augsburg
2024-03-11,FLT-AIR-220,Air filter cartridge 220,Filters,Augsburg,BY,0,0,0,14,FLT-AIR-220 · Augsburg
2024-03-12,FLT-AIR-220,Air filter cartridge 220,Filters,Augsburg,BY,0,0,0,10,FLT-AIR-220 · Augsburg
2024-03-13,FLT-AIR-220,Air filter cartridge 220,Filters,Augsburg,BY,0,0,0,13,FLT-AIR-220 · Augsburg
2024-03-14,FLT-AIR-220,Air filter cartridge 220,Filters,Augsburg,BY,0,0,0,10,FLT-AIR-220 · Augsburg
2024-03-15,FLT-AIR-220,Air filter cartridge 220,Filters,Augsburg,BY,0,0,0,10,FLT-AIR-220 · Augsburg
2024-03-16,FLT-AIR-220,Air filter cartridge 220,Filters,Augsburg,BY,0,0,0,3,FLT-AIR-220 · Augsburg
2024-03-17,FLT-AIR-220,Air filter cartridge 220,Filters,Augsburg,BY,0,0,0,4,FLT-AIR-220 · Augsburg
2024-03-18,FLT-AIR-220,Air filter cartridge 220,Filters,Augsburg,BY,0,0,0,11,FLT-AIR-220 · Augsburg
2024-03-19,FLT-AIR-220,Air filter cartridge 220,Filters,Augsburg,BY,0,0,0,10,FLT-AIR-220 · Augsburg
2024-03-20,FLT-AIR-220,Air filter cartridge 220,Filters,Augsburg,BY,0,0,0,13,FLT-AIR-220 · Augsburg
2024-03-21,FLT-AIR-220,Air filter cartridge 220,Filters,Augsburg,BY,0,0,0,8,FLT-AIR-220 · Augsburg
2024-03-22,FLT-AIR-220,Air filter cartridge 220,Filters,Augsburg,BY,0,0,0,8,FLT-AIR-220 · Augsburg
2024-03-23,FLT-AIR-220,Air filter cartridge 220,Filters,Augsburg,BY,0,0,0,5,FLT-AIR-220 · Augsburg
2024-03-24,FLT-AIR-220,Air filter cartridge 220,Filters,Augsburg,BY,0,0,0,4,FLT-AIR-220 · Augsburg
2024-03-25,FLT-AIR-220,Air filter cartridge 220,Filters,Augsburg,BY,0,0,0,12,FLT-AIR-220 · Augsburg
2024-03-26,FLT-AIR-220,Air filter cartridge 220,Filters,Augsburg,BY,0,0,0,12,FLT-AIR-220 · Augsburg
2024-03-27,FLT-AIR-220,Air filter cartridge 220,Filters,Augsburg,BY,0,0,0,8,FLT-AIR-220 · Augsburg
2024-03-28,FLT-AIR-220,Air filter cartridge 220,Filters,Augsburg,BY,0,0,0,7,FLT-AIR-220 · Augsburg
2024-03-29,FLT-AIR-220,Air filter cartridge 220,Filters,Augsburg,BY,1,0,0,0,FLT-AIR-220 · Augsburg
2024-03-30,FLT-AIR-220,Air filter cartridge 220,Filters,Augsburg,BY,0,0,0,7,FLT-AIR-220 · Augsburg
2024-03-31,FLT-AIR-220,Air filter cartridge 220,Filters,Augsburg,BY,0,0,0,5,FLT-AIR-220 · Augsburg
2024-04-01,FLT-AIR-220,Air filter cartridge 220,Filters,Augsburg,BY,1,0,0,1,FLT-AIR-220 · Augsburg
2024-04-02,FLT-AIR-220,Air filter cartridge 220,Filters,Augsburg,BY,0,0,0,6,FLT-AIR-220 · Augsburg
2024-04-03,FLT-AIR-220,Air filter cartridge 220,Filters,Augsburg,BY,0,0,0,6,FLT-AIR-220 · Augsburg
2024-04-04,FLT-AIR-220,Air filter cartridge 220,Filters,Augsburg,BY,0,0,0,8,FLT-AIR-220 · Augsburg
2024-04-05,FLT-AIR-220,Air filter cartridge 220,Filters,Augsburg,BY,0,0,0,8,FLT-AIR-220 · Augsburg
2024-04-06,FLT-AIR-220,Air filter cartridge 220,Filters,Augsburg,BY,0,0,0,2,FLT-AIR-220 · Augsburg
2024-04-07,FLT-AIR-220,Air filter cartridge 220,Filters,Augsburg,BY,0,0,0,3,FLT-AIR-220 · Augsburg
2024-04-08,FLT-AIR-220,Air filter cartridge 220,Filters,Augsburg,BY,0,0,0,10,FLT-AIR-220 · Augsburg
2024-04-09,FLT-AIR-220,Air filter cartridge 220,Filters,Augsburg,BY,0,0,0,8,FLT-AIR-220 · Augsburg
2024-04-10,FLT-AIR-220,Air filter cartridge 220,Filters,Augsburg,BY,0,0,0,10,FLT-AIR-220 · Augsburg
2024-04-11,FLT-AIR-220,Air filter cartridge 220,Filters,Augsburg,BY,0,0,0,8,FLT-AIR-220 · Augsburg
2024-04-12,FLT-AIR-220,Air filter cartridge 220,Filters,Augsburg,BY,0,0,0,5,FLT-AIR-220 · Augsburg
2024-04-13,FLT-AIR-220,Air filter cartridge 220,Filters,Augsburg,BY,0,0,0,4,FLT-AIR-220 · Augsburg
2024-04-14,FLT-AIR-220,Air filter cartridge 220,Filters,Augsburg,BY,0,0,0,3,FLT-AIR-220 · Augsburg
2024-04-15,FLT-AIR-220,Air filter cartridge 220,Filters,Augsburg,BY,0,0,0,6,FLT-AIR-220 · Augsburg
2024-04-16,FLT-AIR-220,Air filter cartridge 220,Filters,Augsburg,BY,0,0,0,6,FLT-AIR-220 · Augsburg
2024-04-17,FLT-AIR-220,Air filter cartridge 220,Filters,Augsburg,BY,0,0,0,9,FLT-AIR-220 · Augsburg
2024-04-18,FLT-AIR-220,Air filter cartridge 220,Filters,Augsburg,BY,0,0,0,5,FLT-AIR-220 · Augsburg
2024-04-19,FLT-AIR-220,Air filter cartridge 220,Filters,Augsburg,BY,0,0,0,8,FLT-AIR-220 · Augsburg
2024-04-20,FLT-AIR-220,Air filter cartridge 220,Filters,Augsburg,BY,0,0,0,4,FLT-AIR-220 · Augsburg
2024-04-21,FLT-AIR-220,Air filter cartridge 220,Filters,Augsburg,BY,0,0,0,3,FLT-AIR-220 · Augsburg
2024-04-22,FLT-AIR-220,Air filter cartridge 220,Filters,Augsburg,BY,0,0,0,7,FLT-AIR-220 · Augsburg
2024-04-23,FLT-AIR-220,Air filter cartridge 220,Filters,Augsburg,BY,0,0,0,6,FLT-AIR-220 · Augsburg
2024-04-24,FLT-AIR-220,Air filter cartridge 220,Filters,Augsburg,BY,0,0,0,7,FLT-AIR-220 · Augsburg
2024-04-25,FLT-AIR-220,Air filter cartridge 220,Filters,Augsburg,BY,0,0,0,3,FLT-AIR-220 · Augsburg
2024-04-26,FLT-AIR-220,Air filter cartridge 220,Filters,Augsburg,BY,0,0,0,7,FLT-AIR-220 · Augsburg
2024-04-27,FLT-AIR-220,Air filter cartridge 220,Filters,Augsburg,BY,0,0,0,1,FLT-AIR-220 · Augsburg
2024-04-28,FLT-AIR-220,Air filter cartridge 220,Filters,Augsburg,BY,0,0,0,3,FLT-AIR-220 · Augsburg
2024-04-29,FLT-AIR-220,Air filter cartridge 220,Filters,Augsburg,BY,0,0,0,8,FLT-AIR-220 · Augsburg
2024-04-30,FLT-AIR-220,Air filter cartridge 220,Filters,Augsburg,BY,0,0,0,7,FLT-AIR-220 · Augsburg
2024-05-01,FLT-AIR-220,Air filter cartridge 220,Filters,Augsburg,BY,1,0,0,0,FLT-AIR-220 · Augsburg
2024-05-02,FLT-AIR-220,Air filter cartridge 220,Filters,Augsburg,BY,0,0,0,5,FLT-AIR-220 · Augsburg
2024-05-03,FLT-AIR-220,Air filter cartridge 220,Filters,Augsburg,BY,0,0,0,5,FLT-AIR-220 · Augsburg
2024-05-04,FLT-AIR-220,Air filter cartridge 220,Filters,Augsburg,BY,0,0,0,4,FLT-AIR-220 · Augsburg
2024-05-05,FLT-AIR-220,Air filter cartridge 220,Filters,Augsburg,BY,0,0,0,1,FLT-AIR-220 · Augsburg
2024-05-06,FLT-AIR-220,Air filter cartridge 220,Filters,Augsburg,BY,0,0,0,7,FLT-AIR-220 · Augsburg
2024-05-07,FLT-AIR-220,Air filter cartridge 220,Filters,Augsburg,BY,0,0,0,8,FLT-AIR-220 · Augsburg
2024-05-08,FLT-AIR-220,Air filter cartridge 220,Filters,Augsburg,BY,0,0,0,7,FLT-AIR-220 · Augsburg
2024-05-09,FLT-AIR-220,Air filter cartridge 220,Filters,Augsburg,BY,1,0,0,1,FLT-AIR-220 · Augsburg
2024-05-10,FLT-AIR-220,Air filter cartridge 220,Filters,Augsburg,BY,0,0,0,8,FLT-AIR-220 · Augsburg
2024-05-11,FLT-AIR-220,Air filter cartridge 220,Filters,Augsburg,BY,0,0,0,4,FLT-AIR-220 · Augsburg
2024-05-12,FLT-AIR-220,Air filter cartridge 220,Filters,Augsburg,BY,0,0,0,1,FLT-AIR-220 · Augsburg
2024-05-13,FLT-AIR-220,Air filter cartridge 220,Filters,Augsburg,BY,0,0,0,8,FLT-AIR-220 · Augsburg
2024-05-14,FLT-AIR-220,Air filter cartridge 220,Filters,Augsburg,BY,0,0,0,6,FLT-AIR-220 · Augsburg
2024-05-15,FLT-AIR-220,Air filter cartridge 220,Filters,Augsburg,BY,0,0,0,7,FLT-AIR-220 · Augsburg
2024-05-16,FLT-AIR-220,Air filter cartridge 220,Filters,Augsburg,BY,0,0,0,8,FLT-AIR-220 · Augsburg
2024-05-17,FLT-AIR-220,Air filter cartridge 220,Filters,Augsburg,BY,0,0,0,10,FLT-AIR-220 · Augsburg
2024-05-18,FLT-AIR-220,Air filter cartridge 220,Filters,Augsburg,BY,0,0,0,5,FLT-AIR-220 · Augsburg
2024-05-19,FLT-AIR-220,Air filter cartridge 220,Filters,Augsburg,BY,0,0,0,4,FLT-AIR-220 · Augsburg
2024-05-20,FLT-AIR-220,Air filter cartridge 220,Filters,Augsburg,BY,1,0,0,0,FLT-AIR-220 · Augsburg
2024-05-21,FLT-AIR-220,Air filter cartridge 220,Filters,Augsburg,BY,0,0,0,8,FLT-AIR-220 · Augsburg
2024-05-22,FLT-AIR-220,Air filter cartridge 220,Filters,Augsburg,BY,0,0,0,8,FLT-AIR-220 · Augsburg
2024-05-23,FLT-AIR-220,Air filter cartridge 220,Filters,Augsburg,BY,0,0,0,9,FLT-AIR-220 · Augsburg
2024-05-24,FLT-AIR-220,Air filter cartridge 220,Filters,Augsburg,BY,0,0,0,6,FLT-AIR-220 · Augsburg
2024-05-25,FLT-AIR-220,Air filter cartridge 220,Filters,Augsburg,BY,0,0,0,5,FLT-AIR-220 · Augsburg
2024-05-26,FLT-AIR-220,Air filter cartridge 220,Filters,Augsburg,BY,0,0,0,4,FLT-AIR-220 · Augsburg
2024-05-27,FLT-AIR-220,Air filter cartridge 220,Filters,Augsburg,BY,0,0,0,8,FLT-AIR-220 · Augsburg
2024-05-28,FLT-AIR-220,Air filter cartridge 220,Filters,Augsburg,BY,0,0,0,6,FLT-AIR-220 · Augsburg
2024-05-29,FLT-AIR-220,Air filter cartridge 220,Filters,Augsburg,BY,0,0,0,12,FLT-AIR-220 · Augsburg
2024-05-30,FLT-AIR-220,Air filter cartridge 220,Filters,Augsburg,BY,1,0,0,0,FLT-AIR-220 · Augsburg
2024-05-31,FLT-AIR-220,Air filter cartridge 220,Filters,Augsburg,BY,0,0,0,8,FLT-AIR-220 · Augsburg
2024-06-01,FLT-AIR-220,Air filter cartridge 220,Filters,Augsburg,BY,0,0,0,6,FLT-AIR-220 · Augsburg
2024-06-02,FLT-AIR-220,Air filter cartridge 220,Filters,Augsburg,BY,0,0,0,4,FLT-AIR-220 · Augsburg
2024-06-03,FLT-AIR-220,Air filter cartridge 220,Filters,Augsburg,BY,0,0,0,9,FLT-AIR-220 · Augsburg
2024-06-04,FLT-AIR-220,Air filter cartridge 220,Filters,Augsburg,BY,0,0,0,9,FLT-AIR-220 · Augsburg
2024-06-05,FLT-AIR-220,Air filter cartridge 220,Filters,Augsburg,BY,0,0,0,9,FLT-AIR-220 · Augsburg
2024-06-06,FLT-AIR-220,Air filter cartridge 220,Filters,Augsburg,BY,0,0,0,8,FLT-AIR-220 · Augsburg
2024-06-07,FLT-AIR-220,Air filter cartridge 220,Filters,Augsburg,BY,0,0,0,13,FLT-AIR-220 · Augsburg
2024-06-08,FLT-AIR-220,Air filter cartridge 220,Filters,Augsburg,BY,0,0,0,6,FLT-AIR-220 · Augsburg
2024-06-09,FLT-AIR-220,Air filter cartridge 220,Filters,Augsburg,BY,0,0,0,5,FLT-AIR-220 · Augsburg
2024-06-10,FLT-AIR-220,Air filter cartridge 220,Filters,Augsburg,BY,0,0,0,22,FLT-AIR-220 · Augsburg
2024-06-11,FLT-AIR-220,Air filter cartridge 220,Filters,Augsburg,BY,0,0,0,10,FLT-AIR-220 · Augsburg
2024-06-12,FLT-AIR-220,Air filter cartridge 220,Filters,Augsburg,BY,0,0,0,10,FLT-AIR-220 · Augsburg
2024-06-13,FLT-AIR-220,Air filter cartridge 220,Filters,Augsburg,BY,0,0,0,8,FLT-AIR-220 · Augsburg
2024-06-14,FLT-AIR-220,Air filter cartridge 220,Filters,Augsburg,BY,0,0,0,10,FLT-AIR-220 · Augsburg
2024-06-15,FLT-AIR-220,Air filter cartridge 220,Filters,Augsburg,BY,0,0,0,6,FLT-AIR-220 · Augsburg
2024-06-16,FLT-AIR-220,Air filter cartridge 220,Filters,Augsburg,BY,0,0,0,6,FLT-AIR-220 · Augsburg
2024-06-17,FLT-AIR-220,Air filter cartridge 220,Filters,Augsburg,BY,0,0,0,9,FLT-AIR-220 · Augsburg
2024-06-18,FLT-AIR-220,Air filter cartridge 220,Filters,Augsburg,BY,0,0,0,10,FLT-AIR-220 · Augsburg
2024-06-19,FLT-AIR-220,Air filter cartridge 220,Filters,Augsburg,BY,0,0,0,10,FLT-AIR-220 · Augsburg
2024-06-20,FLT-AIR-220,Air filter cartridge 220,Filters,Augsburg,BY,0,0,0,13,FLT-AIR-220 · Augsburg
2024-06-21,FLT-AIR-220,Air filter cartridge 220,Filters,Augsburg,BY,0,0,0,9,FLT-AIR-220 · Augsburg
2024-06-22,FLT-AIR-220,Air filter cartridge 220,Filters,Augsburg,BY,0,0,0,8,FLT-AIR-220 · Augsburg
2024-06-23,FLT-AIR-220,Air filter cartridge 220,Filters,Augsburg,BY,0,0,0,6,FLT-AIR-220 · Augsburg
2024-06-24,FLT-AIR-220,Air filter cartridge 220,Filters,Augsburg,BY,0,0,0,11,FLT-AIR-220 · Augsburg
2024-06-25,FLT-AIR-220,Air filter cartridge 220,Filters,Augsburg,BY,0,0,0,9,FLT-AIR-220 · Augsburg
2024-06-26,FLT-AIR-220,Air filter cartridge 220,Filters,Augsburg,BY,0,0,0,9,FLT-AIR-220 · Augsburg
2024-06-27,FLT-AIR-220,Air filter cartridge 220,Filters,Augsburg,BY,0,0,0,13,FLT-AIR-220 · Augsburg
2024-06-28,FLT-AIR-220,Air filter cartridge 220,Filters,Augsburg,BY,0,0,0,8,FLT-AIR-220 · Augsburg
2024-06-29,FLT-AIR-220,Air filter cartridge 220,Filters,Augsburg,BY,0,0,0,8,FLT-AIR-220 · Augsburg
2024-06-30,FLT-AIR-220,Air filter cartridge 220,Filters,Augsburg,BY,0,0,0,5,FLT-AIR-220 · Augsburg
2024-07-01,FLT-AIR-220,Air filter cartridge 220,Filters,Augsburg,BY,0,0,0,12,FLT-AIR-220 · Augsburg
2024-07-02,FLT-AIR-220,Air filter cartridge 220,Filters,Augsburg,BY,0,0,0,12,FLT-AIR-220 · Augsburg
2024-07-03,FLT-AIR-220,Air filter cartridge 220,Filters,Augsburg,BY,0,0,0,10,FLT-AIR-220 · Augsburg
2024-07-04,FLT-AIR-220,Air filter cartridge 220,Filters,Augsburg,BY,0,0,0,10,FLT-AIR-220 · Augsburg
2024-07-05,FLT-AIR-220,Air filter cartridge 220,Filters,Augsburg,BY,0,0,0,13,FLT-AIR-220 · Augsburg
2024-07-06,FLT-AIR-220,Air filter cartridge 220,Filters,Augsburg,BY,0,0,0,7,FLT-AIR-220 · Augsburg
2024-07-07,FLT-AIR-220,Air filter cartridge 220,Filters,Augsburg,BY,0,0,0,2,FLT-AIR-220 · Augsburg
2024-07-08,FLT-AIR-220,Air filter cartridge 220,Filters,Augsburg,BY,0,0,0,15,FLT-AIR-220 · Augsburg
2024-07-09,FLT-AIR-220,Air filter cartridge 220,Filters,Augsburg,BY,0,0,0,11,FLT-AIR-220 · Augsburg
2024-07-10,FLT-AIR-220,Air filter cartridge 220,Filters,Augsburg,BY,0,0,0,14,FLT-AIR-220 · Augsburg
2024-07-11,FLT-AIR-220,Air filter cartridge 220,Filters,Augsburg,BY,0,0,0,16,FLT-AIR-220 · Augsburg
2024-07-12,FLT-AIR-220,Air filter cartridge 220,Filters,Augsburg,BY,0,0,0,13,FLT-AIR-220 · Augsburg
2024-07-13,FLT-AIR-220,Air filter cartridge 220,Filters,Augsburg,BY,0,0,0,10,FLT-AIR-220 · Augsburg
2024-07-14,FLT-AIR-220,Air filter cartridge 220,Filters,Augsburg,BY,0,0,0,6,FLT-AIR-220 · Augsburg
2024-07-15,FLT-AIR-220,Air filter cartridge 220,Filters,Augsburg,BY,0,0,0,16,FLT-AIR-220 · Augsburg
2024-07-16,FLT-AIR-220,Air filter cartridge 220,Filters,Augsburg,BY,0,0,0,11,FLT-AIR-220 · Augsburg
2024-07-17,FLT-AIR-220,Air filter cartridge 220,Filters,Augsburg,BY,0,0,0,13,FLT-AIR-220 · Augsburg
2024-07-18,FLT-AIR-220,Air filter cartridge 220,Filters,Augsburg,BY,0,0,0,15,FLT-AIR-220 · Augsburg
2024-07-19,FLT-AIR-220,Air filter cartridge 220,Filters,Augsburg,BY,0,0,0,13,FLT-AIR-220 · Augsburg
2024-07-20,FLT-AIR-220,Air filter cartridge 220,Filters,Augsburg,BY,0,0,0,10,FLT-AIR-220 · Augsburg
2024-07-21,FLT-AIR-220,Air filter cartridge 220,Filters,Augsburg,BY,0,0,0,6,FLT-AIR-220 · Augsburg
2024-07-22,FLT-AIR-220,Air filter cartridge 220,Filters,Augsburg,BY,0,0,0,19,FLT-AIR-220 · Augsburg
2024-07-23,FLT-AIR-220,Air filter cartridge 220,Filters,Augsburg,BY,0,0,0,19,FLT-AIR-220 · Augsburg
2024-07-24,FLT-AIR-220,Air filter cartridge 220,Filters,Augsburg,BY,0,0,0,15,FLT-AIR-220 · Augsburg
2024-07-25,FLT-AIR-220,Air filter cartridge 220,Filters,Augsburg,BY,0,0,0,16,FLT-AIR-220 · Augsburg
2024-07-26,FLT-AIR-220,Air filter cartridge 220,Filters,Augsburg,BY,0,0,0,17,FLT-AIR-220 · Augsburg
2024-07-27,FLT-AIR-220,Air filter cartridge 220,Filters,Augsburg,BY,0,0,0,7,FLT-AIR-220 · Augsburg
2024-07-28,FLT-AIR-220,Air filter cartridge 220,Filters,Augsburg,BY,0,0,0,5,FLT-AIR-220 · Augsburg
2024-07-29,FLT-AIR-220,Air filter cartridge 220,Filters,Augsburg,BY,0,0,0,19,FLT-AIR-220 · Augsburg
2024-07-30,FLT-AIR-220,Air filter cartridge 220,Filters,Augsburg,BY,0,0,0,17,FLT-AIR-220 · Augsburg
2024-07-31,FLT-AIR-220,Air filter cartridge 220,Filters,Augsburg,BY,0,0,0,16,FLT-AIR-220 · Augsburg
2024-08-01,FLT-AIR-220,Air filter cartridge 220,Filters,Augsburg,BY,0,0,0,16,FLT-AIR-220 · Augsburg
2024-08-02,FLT-AIR-220,Air filter cartridge 220,Filters,Augsburg,BY,0,0,0,10,FLT-AIR-220 · Augsburg
2024-08-03,FLT-AIR-220,Air filter cartridge 220,Filters,Augsburg,BY,0,0,0,10,FLT-AIR-220 · Augsburg
2024-08-04,FLT-AIR-220,Air filter cartridge 220,Filters,Augsburg,BY,0,0,0,7,FLT-AIR-220 · Augsburg
2024-08-05,FLT-AIR-220,Air filter cartridge 220,Filters,Augsburg,BY,0,1,0,4,FLT-AIR-220 · Augsburg
2024-08-06,FLT-AIR-220,Air filter cartridge 220,Filters,Augsburg,BY,0,1,0,4,FLT-AIR-220 · Augsburg
2024-08-07,FLT-AIR-220,Air filter cartridge 220,Filters,Augsburg,BY,0,1,0,4,FLT-AIR-220 · Augsburg
2024-08-08,FLT-AIR-220,Air filter cartridge 220,Filters,Augsburg,BY,0,1,0,3,FLT-AIR-220 · Augsburg
2024-08-09,FLT-AIR-220,Air filter cartridge 220,Filters,Augsburg,BY,0,1,0,1,FLT-AIR-220 · Augsburg
2024-08-10,FLT-AIR-220,Air filter cartridge 220,Filters,Augsburg,BY,0,1,0,2,FLT-AIR-220 · Augsburg
2024-08-11,FLT-AIR-220,Air filter cartridge 220,Filters,Augsburg,BY,0,1,0,2,FLT-AIR-220 · Augsburg
2024-08-12,FLT-AIR-220,Air filter cartridge 220,Filters,Augsburg,BY,0,1,0,4,FLT-AIR-220 · Augsburg
2024-08-13,FLT-AIR-220,Air filter cartridge 220,Filters,Augsburg,BY,0,1,0,5,FLT-AIR-220 · Augsburg
2024-08-14,FLT-AIR-220,Air filter cartridge 220,Filters,Augsburg,BY,0,1,0,1,FLT-AIR-220 · Augsburg
2024-08-15,FLT-AIR-220,Air filter cartridge 220,Filters,Augsburg,BY,0,1,0,3,FLT-AIR-220 · Augsburg
2024-08-16,FLT-AIR-220,Air filter cartridge 220,Filters,Augsburg,BY,0,1,0,2,FLT-AIR-220 · Augsburg
2024-08-17,FLT-AIR-220,Air filter cartridge 220,Filters,Augsburg,BY,0,1,0,2,FLT-AIR-220 · Augsburg
2024-08-18,FLT-AIR-220,Air filter cartridge 220,Filters,Augsburg,BY,0,1,0,1,FLT-AIR-220 · Augsburg
2024-08-19,FLT-AIR-220,Air filter cartridge 220,Filters,Augsburg,BY,0,0,0,17,FLT-AIR-220 · Augsburg
2024-08-20,FLT-AIR-220,Air filter cartridge 220,Filters,Augsburg,BY,0,0,0,20,FLT-AIR-220 · Augsburg
2024-08-21,FLT-AIR-220,Air filter cartridge 220,Filters,Augsburg,BY,0,0,0,15,FLT-AIR-220 · Augsburg
2024-08-22,FLT-AIR-220,Air filter cartridge 220,Filters,Augsburg,BY,0,0,0,15,FLT-AIR-220 · Augsburg
2024-08-23,FLT-AIR-220,Air filter cartridge 220,Filters,Augsburg,BY,0,0,0,15,FLT-AIR-220 · Augsburg
2024-08-24,FLT-AIR-220,Air filter cartridge 220,Filters,Augsburg,BY,0,0,0,11,FLT-AIR-220 · Augsburg
2024-08-25,FLT-AIR-220,Air filter cartridge 220,Filters,Augsburg,BY,0,0,0,6,FLT-AIR-220 · Augsburg
2024-08-26,FLT-AIR-220,Air filter cartridge 220,Filters,Augsburg,BY,0,0,0,19,FLT-AIR-220 · Augsburg
2024-08-27,FLT-AIR-220,Air filter cartridge 220,Filters,Augsburg,BY,0,0,0,19,FLT-AIR-220 · Augsburg
2024-08-28,FLT-AIR-220,Air filter cartridge 220,Filters,Augsburg,BY,0,0,0,18,FLT-AIR-220 · Augsburg
2024-08-29,FLT-AIR-220,Air filter cartridge 220,Filters,Augsburg,BY,0,0,0,21,FLT-AIR-220 · Augsburg
2024-08-30,FLT-AIR-220,Air filter cartridge 220,Filters,Augsburg,BY,0,0,0,20,FLT-AIR-220 · Augsburg
2024-08-31,FLT-AIR-220,Air filter cartridge 220,Filters,Augsburg,BY,0,0,0,15,FLT-AIR-220 · Augsburg
2024-09-01,FLT-AIR-220,Air filter cartridge 220,Filters,Augsburg,BY,0,0,1,9,FLT-AIR-220 · Augsburg
2024-09-02,FLT-AIR-220,Air filter cartridge 220,Filters,Augsburg,BY,0,0,1,22,FLT-AIR-220 · Augsburg
2024-09-03,FLT-AIR-220,Air filter cartridge 220,Filters,Augsburg,BY,0,0,1,19,FLT-AIR-220 · Augsburg
2024-09-04,FLT-AIR-220,Air filter cartridge 220,Filters,Augsburg,BY,0,0,1,21,FLT-AIR-220 · Augsburg
2024-09-05,FLT-AIR-220,Air filter cartridge 220,Filters,Augsburg,BY,0,0,1,23,FLT-AIR-220 · Augsburg
2024-09-06,FLT-AIR-220,Air filter cartridge 220,Filters,Augsburg,BY,0,0,1,19,FLT-AIR-220 · Augsburg
2024-09-07,FLT-AIR-220,Air filter cartridge 220,Filters,Augsburg,BY,0,0,1,15,FLT-AIR-220 · Augsburg
2024-09-08,FLT-AIR-220,Air filter cartridge 220,Filters,Augsburg,BY,0,0,0,9,FLT-AIR-220 · Augsburg
2024-09-09,FLT-AIR-220,Air filter cartridge 220,Filters,Augsburg,BY,0,0,0,26,FLT-AIR-220 · Augsburg
2024-09-10,FLT-AIR-220,Air filter cartridge 220,Filters,Augsburg,BY,0,0,0,22,FLT-AIR-220 · Augsburg
2024-09-11,FLT-AIR-220,Air filter cartridge 220,Filters,Augsburg,BY,0,0,0,25,FLT-AIR-220 · Augsburg
2024-09-12,FLT-AIR-220,Air filter cartridge 220,Filters,Augsburg,BY,0,0,0,23,FLT-AIR-220 · Augsburg
2024-09-13,FLT-AIR-220,Air filter cartridge 220,Filters,Augsburg,BY,0,0,0,27,FLT-AIR-220 · Augsburg
2024-09-14,FLT-AIR-220,Air filter cartridge 220,Filters,Augsburg,BY,0,0,0,12,FLT-AIR-220 · Augsburg
2024-09-15,FLT-AIR-220,Air filter cartridge 220,Filters,Augsburg,BY,0,0,0,9,FLT-AIR-220 · Augsburg
2024-09-16,FLT-AIR-220,Air filter cartridge 220,Filters,Augsburg,BY,0,0,0,24,FLT-AIR-220 · Augsburg
2024-09-17,FLT-AIR-220,Air filter cartridge 220,Filters,Augsburg,BY,0,0,0,21,FLT-AIR-220 · Augsburg
2024-09-18,FLT-AIR-220,Air filter cartridge 220,Filters,Augsburg,BY,0,0,0,21,FLT-AIR-220 · Augsburg
2024-09-19,FLT-AIR-220,Air filter cartridge 220,Filters,Augsburg,BY,0,0,0,26,FLT-AIR-220 · Augsburg
2024-09-20,FLT-AIR-220,Air filter cartridge 220,Filters,Augsburg,BY,0,0,0,23,FLT-AIR-220 · Augsburg
2024-09-21,FLT-AIR-220,Air filter cartridge 220,Filters,Augsburg,BY,0,0,0,14,FLT-AIR-220 · Augsburg
2024-09-22,FLT-AIR-220,Air filter cartridge 220,Filters,Augsburg,BY,0,0,0,10,FLT-AIR-220 · Augsburg
2024-09-23,FLT-AIR-220,Air filter cartridge 220,Filters,Augsburg,BY,0,0,0,23,FLT-AIR-220 · Augsburg
2024-09-24,FLT-AIR-220,Air filter cartridge 220,Filters,Augsburg,BY,0,0,0,29,FLT-AIR-220 · Augsburg
2024-09-25,FLT-AIR-220,Air filter cartridge 220,Filters,Augsburg,BY,0,0,0,22,FLT-AIR-220 · Augsburg
2024-09-26,FLT-AIR-220,Air filter cartridge 220,Filters,Augsburg,BY,0,0,0,21,FLT-AIR-220 · Augsburg
2024-09-27,FLT-AIR-220,Air filter cartridge 220,Filters,Augsburg,BY,0,0,0,26,FLT-AIR-220 · Augsburg
2024-09-28,FLT-AIR-220,Air filter cartridge 220,Filters,Augsburg,BY,0,0,0,15,FLT-AIR-220 · Augsburg
2024-09-29,FLT-AIR-220,Air filter cartridge 220,Filters,Augsburg,BY,0,0,0,15,FLT-AIR-220 · Augsburg
2024-09-30,FLT-AIR-220,Air filter cartridge 220,Filters,Augsburg,BY,0,0,0,24,FLT-AIR-220 · Augsburg
2024-10-01,FLT-AIR-220,Air filter cartridge 220,Filters,Augsburg,BY,0,0,0,27,FLT-AIR-220 · Augsburg
2024-10-02,FLT-AIR-220,Air filter cartridge 220,Filters,Augsburg,BY,0,0,0,28,FLT-AIR-220 · Augsburg
2024-10-03,FLT-AIR-220,Air filter cartridge 220,Filters,Augsburg,BY,1,0,0,2,FLT-AIR-220 · Augsburg
2024-10-04,FLT-AIR-220,Air filter cartridge 220,Filters,Augsburg,BY,0,0,0,21,FLT-AIR-220 · Augsburg
2024-10-05,FLT-AIR-220,Air filter cartridge 220,Filters,Augsburg,BY,0,0,0,17,FLT-AIR-220 · Augsburg
2024-10-06,FLT-AIR-220,Air filter cartridge 220,Filters,Augsburg,BY,0,0,0,13,FLT-AIR-220 · Augsburg
2024-10-07,FLT-AIR-220,Air filter cartridge 220,Filters,Augsburg,BY,0,0,0,23,FLT-AIR-220 · Augsburg
2024-10-08,FLT-AIR-220,Air filter cartridge 220,Filters,Augsburg,BY,0,0,0,23,FLT-AIR-220 · Augsburg
2024-10-09,FLT-AIR-220,Air filter cartridge 220,Filters,Augsburg,BY,0,0,0,19,FLT-AIR-220 · Augsburg
2024-10-10,FLT-AIR-220,Air filter cartridge 220,Filters,Augsburg,BY,0,0,0,27,FLT-AIR-220 · Augsburg
2024-10-11,FLT-AIR-220,Air filter cartridge 220,Filters,Augsburg,BY,0,0,0,24,FLT-AIR-220 · Augsburg
2024-10-12,FLT-AIR-220,Air filter cartridge 220,Filters,Augsburg,BY,0,0,0,16,FLT-AIR-220 · Augsburg
2024-10-13,FLT-AIR-220,Air filter cartridge 220,Filters,Augsburg,BY,0,0,0,8,FLT-AIR-220 · Augsburg
2024-10-14,FLT-AIR-220,Air filter cartridge 220,Filters,Augsburg,BY,0,0,0,23,FLT-AIR-220 · Augsburg
2024-10-15,FLT-AIR-220,Air filter cartridge 220,Filters,Augsburg,BY,0,0,0,25,FLT-AIR-220 · Augsburg
2024-10-16,FLT-AIR-220,Air filter cartridge 220,Filters,Augsburg,BY,0,0,0,24,FLT-AIR-220 · Augsburg
2024-10-17,FLT-AIR-220,Air filter cartridge 220,Filters,Augsburg,BY,0,0,0,25,FLT-AIR-220 · Augsburg
2024-10-18,FLT-AIR-220,Air filter cartridge 220,Filters,Augsburg,BY,0,0,0,26,FLT-AIR-220 · Augsburg
2024-10-19,FLT-AIR-220,Air filter cartridge 220,Filters,Augsburg,BY,0,0,0,21,FLT-AIR-220 · Augsburg
2024-10-20,FLT-AIR-220,Air filter cartridge 220,Filters,Augsburg,BY,0,0,0,11,FLT-AIR-220 · Augsburg
2024-10-21,FLT-AIR-220,Air filter cartridge 220,Filters,Augsburg,BY,0,0,0,28,FLT-AIR-220 · Augsburg
2024-10-22,FLT-AIR-220,Air filter cartridge 220,Filters,Augsburg,BY,0,0,0,22,FLT-AIR-220 · Augsburg
2024-10-23,FLT-AIR-220,Air filter cartridge 220,Filters,Augsburg,BY,0,0,0,20,FLT-AIR-220 · Augsburg
2024-10-24,FLT-AIR-220,Air filter cartridge 220,Filters,Augsburg,BY,0,0,0,23,FLT-AIR-220 · Augsburg
2024-10-25,FLT-AIR-220,Air filter cartridge 220,Filters,Augsburg,BY,0,0,0,19,FLT-AIR-220 · Augsburg
2024-10-26,FLT-AIR-220,Air filter cartridge 220,Filters,Augsburg,BY,0,0,0,15,FLT-AIR-220 · Augsburg
2024-10-27,FLT-AIR-220,Air filter cartridge 220,Filters,Augsburg,BY,0,0,0,10,FLT-AIR-220 · Augsburg
2024-10-28,FLT-AIR-220,Air filter cartridge 220,Filters,Augsburg,BY,0,0,0,20,FLT-AIR-220 · Augsburg
2024-10-29,FLT-AIR-220,Air filter cartridge 220,Filters,Augsburg,BY,0,0,0,29,FLT-AIR-220 · Augsburg
2024-10-30,FLT-AIR-220,Air filter cartridge 220,Filters,Augsburg,BY,0,0,0,23,FLT-AIR-220 · Augsburg
2024-10-31,FLT-AIR-220,Air filter cartridge 220,Filters,Augsburg,BY,0,0,0,20,FLT-AIR-220 · Augsburg
2024-11-01,FLT-AIR-220,Air filter cartridge 220,Filters,Augsburg,BY,1,0,0,4,FLT-AIR-220 · Augsburg
2024-11-02,FLT-AIR-220,Air filter cartridge 220,Filters,Augsburg,BY,0,0,0,14,FLT-AIR-220 · Augsburg
2024-11-03,FLT-AIR-220,Air filter cartridge 220,Filters,Augsburg,BY,0,0,0,14,FLT-AIR-220 · Augsburg
2024-11-04,FLT-AIR-220,Air filter cartridge 220,Filters,Augsburg,BY,0,0,0,24,FLT-AIR-220 · Augsburg
2024-11-05,FLT-AIR-220,Air filter cartridge 220,Filters,Augsburg,BY,0,0,0,23,FLT-AIR-220 · Augsburg
2024-11-06,FLT-AIR-220,Air filter cartridge 220,Filters,Augsburg,BY,0,0,0,27,FLT-AIR-220 · Augsburg
2024-11-07,FLT-AIR-220,Air filter cartridge 220,Filters,Augsburg,BY,0,0,0,27,FLT-AIR-220 · Augsburg
2024-11-08,FLT-AIR-220,Air filter cartridge 220,Filters,Augsburg,BY,0,0,0,26,FLT-AIR-220 · Augsburg
2024-11-09,FLT-AIR-220,Air filter cartridge 220,Filters,Augsburg,BY,0,0,0,16,FLT-AIR-220 · Augsburg
2024-11-10,FLT-AIR-220,Air filter cartridge 220,Filters,Augsburg,BY,0,0,0,12,FLT-AIR-220 · Augsburg
2024-11-11,FLT-AIR-220,Air filter cartridge 220,Filters,Augsburg,BY,0,0,0,27,FLT-AIR-220 · Augsburg
2024-11-12,FLT-AIR-220,Air filter cartridge 220,Filters,Augsburg,BY,0,0,0,25,FLT-AIR-220 · Augsburg
2024-11-13,FLT-AIR-220,Air filter cartridge 220,Filters,Augsburg,BY,0,0,0,24,FLT-AIR-220 · Augsburg
2024-11-14,FLT-AIR-220,Air filter cartridge 220,Filters,Augsburg,BY,0,0,0,20,FLT-AIR-220 · Augsburg
2024-11-15,FLT-AIR-220,Air filter cartridge 220,Filters,Augsburg,BY,0,0,0,23,FLT-AIR-220 · Augsburg
2024-11-16,FLT-AIR-220,Air filter cartridge 220,Filters,Augsburg,BY,0,0,0,14,FLT-AIR-220 · Augsburg
2024-11-17,FLT-AIR-220,Air filter cartridge 220,Filters,Augsburg,BY,0,0,0,9,FLT-AIR-220 · Augsburg
2024-11-18,FLT-AIR-220,Air filter cartridge 220,Filters,Augsburg,BY,0,0,0,26,FLT-AIR-220 · Augsburg
2024-11-19,FLT-AIR-220,Air filter cartridge 220,Filters,Augsburg,BY,0,0,0,18,FLT-AIR-220 · Augsburg
2024-11-20,FLT-AIR-220,Air filter cartridge 220,Filters,Augsburg,BY,0,0,0,27,FLT-AIR-220 · Augsburg
2024-11-21,FLT-AIR-220,Air filter cartridge 220,Filters,Augsburg,BY,0,0,0,22,FLT-AIR-220 · Augsburg
2024-11-22,FLT-AIR-220,Air filter cartridge 220,Filters,Augsburg,BY,0,0,0,23,FLT-AIR-220 · Augsburg
2024-11-23,FLT-AIR-220,Air filter cartridge 220,Filters,Augsburg,BY,0,0,0,14,FLT-AIR-220 · Augsburg
2024-11-24,FLT-AIR-220,Air filter cartridge 220,Filters,Augsburg,BY,0,0,0,7,FLT-AIR-220 · Augsburg
2024-11-25,FLT-AIR-220,Air filter cartridge 220,Filters,Augsburg,BY,0,0,0,23,FLT-AIR-220 · Augsburg
2024-11-26,FLT-AIR-220,Air filter cartridge 220,Filters,Augsburg,BY,0,0,0,23,FLT-AIR-220 · Augsburg
2024-11-27,FLT-AIR-220,Air filter cartridge 220,Filters,Augsburg,BY,0,0,0,25,FLT-AIR-220 · Augsburg
2024-11-28,FLT-AIR-220,Air filter cartridge 220,Filters,Augsburg,BY,0,0,0,21,FLT-AIR-220 · Augsburg
2024-11-29,FLT-AIR-220,Air filter cartridge 220,Filters,Augsburg,BY,0,0,0,16,FLT-AIR-220 · Augsburg
2024-11-30,FLT-AIR-220,Air filter cartridge 220,Filters,Augsburg,BY,0,0,0,11,FLT-AIR-220 · Augsburg
2024-12-01,FLT-AIR-220,Air filter cartridge 220,Filters,Augsburg,BY,0,0,0,14,FLT-AIR-220 · Augsburg
2024-12-02,FLT-AIR-220,Air filter cartridge 220,Filters,Augsburg,BY,0,0,0,20,FLT-AIR-220 · Augsburg
2024-12-03,FLT-AIR-220,Air filter cartridge 220,Filters,Augsburg,BY,0,0,0,26,FLT-AIR-220 · Augsburg
2024-12-04,FLT-AIR-220,Air filter cartridge 220,Filters,Augsburg,BY,0,0,0,20,FLT-AIR-220 · Augsburg
2024-12-05,FLT-AIR-220,Air filter cartridge 220,Filters,Augsburg,BY,0,0,0,23,FLT-AIR-220 · Augsburg
2024-12-06,FLT-AIR-220,Air filter cartridge 220,Filters,Augsburg,BY,0,0,0,25,FLT-AIR-220 · Augsburg
2024-12-07,FLT-AIR-220,Air filter cartridge 220,Filters,Augsburg,BY,0,0,0,13,FLT-AIR-220 · Augsburg
2024-12-08,FLT-AIR-220,Air filter cartridge 220,Filters,Augsburg,BY,0,0,0,14,FLT-AIR-220 · Augsburg
2024-12-09,FLT-AIR-220,Air filter cartridge 220,Filters,Augsburg,BY,0,0,0,26,FLT-AIR-220 · Augsburg
2024-12-10,FLT-AIR-220,Air filter cartridge 220,Filters,Augsburg,BY,0,0,0,27,FLT-AIR-220 · Augsburg
2024-12-11,FLT-AIR-220,Air filter cartridge 220,Filters,Augsburg,BY,0,0,0,24,FLT-AIR-220 · Augsburg
2024-12-12,FLT-AIR-220,Air filter cartridge 220,Filters,Augsburg,BY,0,0,0,26,FLT-AIR-220 · Augsburg
2024-12-13,FLT-AIR-220,Air filter cartridge 220,Filters,Augsburg,BY,0,0,0,26,FLT-AIR-220 · Augsburg
2024-12-14,FLT-AIR-220,Air filter cartridge 220,Filters,Augsburg,BY,0,0,0,13,FLT-AIR-220 · Augsburg
2024-12-15,FLT-AIR-220,Air filter cartridge 220,Filters,Augsburg,BY,0,0,0,13,FLT-AIR-220 · Augsburg
2024-12-16,FLT-AIR-220,Air filter cartridge 220,Filters,Augsburg,BY,0,0,0,20,FLT-AIR-220 · Augsburg
2024-12-17,FLT-AIR-220,Air filter cartridge 220,Filters,Augsburg,BY,0,0,0,24,FLT-AIR-220 · Augsburg
2024-12-18,FLT-AIR-220,Air filter cartridge 220,Filters,Augsburg,BY,0,0,0,24,FLT-AIR-220 · Augsburg
2024-12-19,FLT-AIR-220,Air filter cartridge 220,Filters,Augsburg,BY,0,0,0,19,FLT-AIR-220 · Augsburg
2024-12-20,FLT-AIR-220,Air filter cartridge 220,Filters,Augsburg,BY,0,0,0,21,FLT-AIR-220 · Augsburg
2024-12-21,FLT-AIR-220,Air filter cartridge 220,Filters,Augsburg,BY,0,0,0,13,FLT-AIR-220 · Augsburg
2024-12-22,FLT-AIR-220,Air filter cartridge 220,Filters,Augsburg,BY,0,0,0,8,FLT-AIR-220 · Augsburg
2024-12-23,FLT-AIR-220,Air filter cartridge 220,Filters,Augsburg,BY,0,0,0,22,FLT-AIR-220 · Augsburg
2024-12-24,FLT-AIR-220,Air filter cartridge 220,Filters,Augsburg,BY,0,1,0,4,FLT-AIR-220 · Augsburg
2024-12-25,FLT-AIR-220,Air filter cartridge 220,Filters,Augsburg,BY,1,1,0,0,FLT-AIR-220 · Augsburg
2024-12-26,FLT-AIR-220,Air filter cartridge 220,Filters,Augsburg,BY,1,1,0,0,FLT-AIR-220 · Augsburg
2024-12-27,FLT-AIR-220,Air filter cartridge 220,Filters,Augsburg,BY,0,1,0,3,FLT-AIR-220 · Augsburg
2024-12-28,FLT-AIR-220,Air filter cartridge 220,Filters,Augsburg,BY,0,1,0,2,FLT-AIR-220 · Augsburg
2024-12-29,FLT-AIR-220,Air filter cartridge 220,Filters,Augsburg,BY,0,1,0,2,FLT-AIR-220 · Augsburg
2024-12-30,FLT-AIR-220,Air filter cartridge 220,Filters,Augsburg,BY,0,1,0,3,FLT-AIR-220 · Augsburg
2024-12-31,FLT-AIR-220,Air filter cartridge 220,Filters,Augsburg,BY,0,1,0,7,FLT-AIR-220 · Augsburg
2023-01-01,FLT-AIR-220,Air filter cartridge 220,Filters,Bremen,HB,1,1,0,0,FLT-AIR-220 · Bremen
2023-01-02,FLT-AIR-220,Air filter cartridge 220,Filters,Bremen,HB,0,1,0,3,FLT-AIR-220 · Bremen
2023-01-03,FLT-AIR-220,Air filter cartridge 220,Filters,Bremen,HB,0,0,0,15,FLT-AIR-220 · Bremen
2023-01-04,FLT-AIR-220,Air filter cartridge 220,Filters,Bremen,HB,0,0,0,18,FLT-AIR-220 · Bremen
2023-01-05,FLT-AIR-220,Air filter cartridge 220,Filters,Bremen,HB,0,0,0,15,FLT-AIR-220 · Bremen
2023-01-06,FLT-AIR-220,Air filter cartridge 220,Filters,Bremen,HB,0,0,0,28,FLT-AIR-220 · Bremen
2023-01-07,FLT-AIR-220,Air filter cartridge 220,Filters,Bremen,HB,0,0,0,8,FLT-AIR-220 · Bremen
2023-01-08,FLT-AIR-220,Air filter cartridge 220,Filters,Bremen,HB,0,0,0,8,FLT-AIR-220 · Bremen
2023-01-09,FLT-AIR-220,Air filter cartridge 220,Filters,Bremen,HB,0,0,0,18,FLT-AIR-220 · Bremen
2023-01-10,FLT-AIR-220,Air filter cartridge 220,Filters,Bremen,HB,0,0,0,18,FLT-AIR-220 · Bremen
2023-01-11,FLT-AIR-220,Air filter cartridge 220,Filters,Bremen,HB,0,0,0,18,FLT-AIR-220 · Bremen
2023-01-12,FLT-AIR-220,Air filter cartridge 220,Filters,Bremen,HB,0,0,0,15,FLT-AIR-220 · Bremen
2023-01-13,FLT-AIR-220,Air filter cartridge 220,Filters,Bremen,HB,0,0,0,16,FLT-AIR-220 · Bremen
2023-01-14,FLT-AIR-220,Air filter cartridge 220,Filters,Bremen,HB,0,0,0,12,FLT-AIR-220 · Bremen
2023-01-15,FLT-AIR-220,Air filter cartridge 220,Filters,Bremen,HB,0,0,0,5,FLT-AIR-220 · Bremen
2023-01-16,FLT-AIR-220,Air filter cartridge 220,Filters,Bremen,HB,0,0,0,13,FLT-AIR-220 · Bremen
2023-01-17,FLT-AIR-220,Air filter cartridge 220,Filters,Bremen,HB,0,0,0,10,FLT-AIR-220 · Bremen
2023-01-18,FLT-AIR-220,Air filter cartridge 220,Filters,Bremen,HB,0,0,0,15,FLT-AIR-220 · Bremen
2023-01-19,FLT-AIR-220,Air filter cartridge 220,Filters,Bremen,HB,0,0,0,9,FLT-AIR-220 · Bremen
2023-01-20,FLT-AIR-220,Air filter cartridge 220,Filters,Bremen,HB,0,0,0,8,FLT-AIR-220 · Bremen
2023-01-21,FLT-AIR-220,Air filter cartridge 220,Filters,Bremen,HB,0,0,0,6,FLT-AIR-220 · Bremen
2023-01-22,FLT-AIR-220,Air filter cartridge 220,Filters,Bremen,HB,0,0,0,3,FLT-AIR-220 · Bremen
2023-01-23,FLT-AIR-220,Air filter cartridge 220,Filters,Bremen,HB,0,0,0,14,FLT-AIR-220 · Bremen
2023-01-24,FLT-AIR-220,Air filter cartridge 220,Filters,Bremen,HB,0,0,0,10,FLT-AIR-220 · Bremen
2023-01-25,FLT-AIR-220,Air filter cartridge 220,Filters,Bremen,HB,0,0,0,9,FLT-AIR-220 · Bremen
2023-01-26,FLT-AIR-220,Air filter cartridge 220,Filters,Bremen,HB,0,0,0,11,FLT-AIR-220 · Bremen
2023-01-27,FLT-AIR-220,Air filter cartridge 220,Filters,Bremen,HB,0,0,0,11,FLT-AIR-220 · Bremen
2023-01-28,FLT-AIR-220,Air filter cartridge 220,Filters,Bremen,HB,0,0,0,4,FLT-AIR-220 · Bremen
2023-01-29,FLT-AIR-220,Air filter cartridge 220,Filters,Bremen,HB,0,0,0,4,FLT-AIR-220 · Bremen
2023-01-30,FLT-AIR-220,Air filter cartridge 220,Filters,Bremen,HB,0,0,0,12,FLT-AIR-220 · Bremen
2023-01-31,FLT-AIR-220,Air filter cartridge 220,Filters,Bremen,HB,0,0,0,12,FLT-AIR-220 · Bremen
2023-02-01,FLT-AIR-220,Air filter cartridge 220,Filters,Bremen,HB,0,0,0,11,FLT-AIR-220 · Bremen
2023-02-02,FLT-AIR-220,Air filter cartridge 220,Filters,Bremen,HB,0,0,0,14,FLT-AIR-220 · Bremen
2023-02-03,FLT-AIR-220,Air filter cartridge 220,Filters,Bremen,HB,0,0,0,15,FLT-AIR-220 · Bremen
2023-02-04,FLT-AIR-220,Air filter cartridge 220,Filters,Bremen,HB,0,0,0,7,FLT-AIR-220 · Bremen
2023-02-05,FLT-AIR-220,Air filter cartridge 220,Filters,Bremen,HB,0,0,0,4,FLT-AIR-220 · Bremen
2023-02-06,FLT-AIR-220,Air filter cartridge 220,Filters,Bremen,HB,0,0,0,11,FLT-AIR-220 · Bremen
2023-02-07,FLT-AIR-220,Air filter cartridge 220,Filters,Bremen,HB,0,0,0,12,FLT-AIR-220 · Bremen
2023-02-08,FLT-AIR-220,Air filter cartridge 220,Filters,Bremen,HB,0,0,0,11,FLT-AIR-220 · Bremen
2023-02-09,FLT-AIR-220,Air filter cartridge 220,Filters,Bremen,HB,0,0,0,12,FLT-AIR-220 · Bremen
2023-02-10,FLT-AIR-220,Air filter cartridge 220,Filters,Bremen,HB,0,0,0,14,FLT-AIR-220 · Bremen
2023-02-11,FLT-AIR-220,Air filter cartridge 220,Filters,Bremen,HB,0,0,0,4,FLT-AIR-220 · Bremen
2023-02-12,FLT-AIR-220,Air filter cartridge 220,Filters,Bremen,HB,0,0,0,4,FLT-AIR-220 · Bremen
2023-02-13,FLT-AIR-220,Air filter cartridge 220,Filters,Bremen,HB,0,0,0,19,FLT-AIR-220 · Bremen
2023-02-14,FLT-AIR-220,Air filter cartridge 220,Filters,Bremen,HB,0,0,0,9,FLT-AIR-220 · Bremen
2023-02-15,FLT-AIR-220,Air filter cartridge 220,Filters,Bremen,HB,0,0,0,11,FLT-AIR-220 · Bremen
2023-02-16,FLT-AIR-220,Air filter cartridge 220,Filters,Bremen,HB,0,0,0,10,FLT-AIR-220 · Bremen
2023-02-17,FLT-AIR-220,Air filter cartridge 220,Filters,Bremen,HB,0,0,0,11,FLT-AIR-220 · Bremen
2023-02-18,FLT-AIR-220,Air filter cartridge 220,Filters,Bremen,HB,0,0,0,8,FLT-AIR-220 · Bremen
2023-02-19,FLT-AIR-220,Air filter cartridge 220,Filters,Bremen,HB,0,0,0,4,FLT-AIR-220 · Bremen
2023-02-20,FLT-AIR-220,Air filter cartridge 220,Filters,Bremen,HB,0,0,0,7,FLT-AIR-220 · Bremen
2023-02-21,FLT-AIR-220,Air filter cartridge 220,Filters,Bremen,HB,0,0,0,8,FLT-AIR-220 · Bremen
2023-02-22,FLT-AIR-220,Air filter cartridge 220,Filters,Bremen,HB,0,0,0,13,FLT-AIR-220 · Bremen
2023-02-23,FLT-AIR-220,Air filter cartridge 220,Filters,Bremen,HB,0,0,0,7,FLT-AIR-220 · Bremen
2023-02-24,FLT-AIR-220,Air filter cartridge 220,Filters,Bremen,HB,0,0,0,10,FLT-AIR-220 · Bremen
2023-02-25,FLT-AIR-220,Air filter cartridge 220,Filters,Bremen,HB,0,0,0,2,FLT-AIR-220 · Bremen
2023-02-26,FLT-AIR-220,Air filter cartridge 220,Filters,Bremen,HB,0,0,0,2,FLT-AIR-220 · Bremen
2023-02-27,FLT-AIR-220,Air filter cartridge 220,Filters,Bremen,HB,0,0,0,10,FLT-AIR-220 · Bremen
2023-02-28,FLT-AIR-220,Air filter cartridge 220,Filters,Bremen,HB,0,0,0,9,FLT-AIR-220 · Bremen
2023-03-01,FLT-AIR-220,Air filter cartridge 220,Filters,Bremen,HB,0,0,1,8,FLT-AIR-220 · Bremen
2023-03-02,FLT-AIR-220,Air filter cartridge 220,Filters,Bremen,HB,0,0,1,7,FLT-AIR-220 · Bremen
2023-03-03,FLT-AIR-220,Air filter cartridge 220,Filters,Bremen,HB,0,0,1,5,FLT-AIR-220 · Bremen
2023-03-04,FLT-AIR-220,Air filter cartridge 220,Filters,Bremen,HB,0,0,1,6,FLT-AIR-220 · Bremen
2023-03-05,FLT-AIR-220,Air filter cartridge 220,Filters,Bremen,HB,0,0,1,3,FLT-AIR-220 · Bremen
2023-03-06,FLT-AIR-220,Air filter cartridge 220,Filters,Bremen,HB,0,0,1,6,FLT-AIR-220 · Bremen
2023-03-07,FLT-AIR-220,Air filter cartridge 220,Filters,Bremen,HB,0,0,1,8,FLT-AIR-220 · Bremen
2023-03-08,FLT-AIR-220,Air filter cartridge 220,Filters,Bremen,HB,0,0,0,9,FLT-AIR-220 · Bremen
2023-03-09,FLT-AIR-220,Air filter cartridge 220,Filters,Bremen,HB,0,0,0,7,FLT-AIR-220 · Bremen
2023-03-10,FLT-AIR-220,Air filter cartridge 220,Filters,Bremen,HB,0,0,0,7,FLT-AIR-220 · Bremen
2023-03-11,FLT-AIR-220,Air filter cartridge 220,Filters,Bremen,HB,0,0,0,5,FLT-AIR-220 · Bremen
2023-03-12,FLT-AIR-220,Air filter cartridge 220,Filters,Bremen,HB,0,0,0,3,FLT-AIR-220 · Bremen
2023-03-13,FLT-AIR-220,Air filter cartridge 220,Filters,Bremen,HB,0,0,0,8,FLT-AIR-220 · Bremen
2023-03-14,FLT-AIR-220,Air filter cartridge 220,Filters,Bremen,HB,0,0,0,9,FLT-AIR-220 · Bremen
2023-03-15,FLT-AIR-220,Air filter cartridge 220,Filters,Bremen,HB,0,0,0,9,FLT-AIR-220 · Bremen
2023-03-16,FLT-AIR-220,Air filter cartridge 220,Filters,Bremen,HB,0,0,0,9,FLT-AIR-220 · Bremen
2023-03-17,FLT-AIR-220,Air filter cartridge 220,Filters,Bremen,HB,0,0,0,6,FLT-AIR-220 · Bremen
2023-03-18,FLT-AIR-220,Air filter cartridge 220,Filters,Bremen,HB,0,0,0,6,FLT-AIR-220 · Bremen
2023-03-19,FLT-AIR-220,Air filter cartridge 220,Filters,Bremen,HB,0,0,0,4,FLT-AIR-220 · Bremen
2023-03-20,FLT-AIR-220,Air filter cartridge 220,Filters,Bremen,HB,0,0,0,7,FLT-AIR-220 · Bremen
2023-03-21,FLT-AIR-220,Air filter cartridge 220,Filters,Bremen,HB,0,0,0,7,FLT-AIR-220 · Bremen
2023-03-22,FLT-AIR-220,Air filter cartridge 220,Filters,Bremen,HB,0,0,0,8,FLT-AIR-220 · Bremen
2023-03-23,FLT-AIR-220,Air filter cartridge 220,Filters,Bremen,HB,0,0,0,9,FLT-AIR-220 · Bremen
2023-03-24,FLT-AIR-220,Air filter cartridge 220,Filters,Bremen,HB,0,0,0,4,FLT-AIR-220 · Bremen
2023-03-25,FLT-AIR-220,Air filter cartridge 220,Filters,Bremen,HB,0,0,0,6,FLT-AIR-220 · Bremen
2023-03-26,FLT-AIR-220,Air filter cartridge 220,Filters,Bremen,HB,0,0,0,4,FLT-AIR-220 · Bremen
2023-03-27,FLT-AIR-220,Air filter cartridge 220,Filters,Bremen,HB,0,0,0,7,FLT-AIR-220 · Bremen
2023-03-28,FLT-AIR-220,Air filter cartridge 220,Filters,Bremen,HB,0,0,0,6,FLT-AIR-220 · Bremen
2023-03-29,FLT-AIR-220,Air filter cartridge 220,Filters,Bremen,HB,0,0,0,7,FLT-AIR-220 · Bremen
2023-03-30,FLT-AIR-220,Air filter cartridge 220,Filters,Bremen,HB,0,0,0,6,FLT-AIR-220 · Bremen
2023-03-31,FLT-AIR-220,Air filter cartridge 220,Filters,Bremen,HB,0,0,0,6,FLT-AIR-220 · Bremen
2023-04-01,FLT-AIR-220,Air filter cartridge 220,Filters,Bremen,HB,0,0,0,2,FLT-AIR-220 · Bremen
2023-04-02,FLT-AIR-220,Air filter cartridge 220,Filters,Bremen,HB,0,0,0,1,FLT-AIR-220 · Bremen
2023-04-03,FLT-AIR-220,Air filter cartridge 220,Filters,Bremen,HB,0,0,0,9,FLT-AIR-220 · Bremen
2023-04-04,FLT-AIR-220,Air filter cartridge 220,Filters,Bremen,HB,0,0,0,6,FLT-AIR-220 · Bremen
2023-04-05,FLT-AIR-220,Air filter cartridge 220,Filters,Bremen,HB,0,0,0,6,FLT-AIR-220 · Bremen
2023-04-06,FLT-AIR-220,Air filter cartridge 220,Filters,Bremen,HB,0,0,0,6,FLT-AIR-220 · Bremen
2023-04-07,FLT-AIR-220,Air filter cartridge 220,Filters,Bremen,HB,1,0,0,0,FLT-AIR-220 · Bremen
2023-04-08,FLT-AIR-220,Air filter cartridge 220,Filters,Bremen,HB,0,0,0,3,FLT-AIR-220 · Bremen
2023-04-09,FLT-AIR-220,Air filter cartridge 220,Filters,Bremen,HB,0,0,0,3,FLT-AIR-220 · Bremen
2023-04-10,FLT-AIR-220,Air filter cartridge 220,Filters,Bremen,HB,1,0,0,1,FLT-AIR-220 · Bremen
2023-04-11,FLT-AIR-220,Air filter cartridge 220,Filters,Bremen,HB,0,0,0,5,FLT-AIR-220 · Bremen
2023-04-12,FLT-AIR-220,Air filter cartridge 220,Filters,Bremen,HB,0,0,0,7,FLT-AIR-220 · Bremen
2023-04-13,FLT-AIR-220,Air filter cartridge 220,Filters,Bremen,HB,0,0,0,6,FLT-AIR-220 · Bremen
2023-04-14,FLT-AIR-220,Air filter cartridge 220,Filters,Bremen,HB,0,0,0,6,FLT-AIR-220 · Bremen
2023-04-15,FLT-AIR-220,Air filter cartridge 220,Filters,Bremen,HB,0,0,0,4,FLT-AIR-220 · Bremen
2023-04-16,FLT-AIR-220,Air filter cartridge 220,Filters,Bremen,HB,0,0,0,2,FLT-AIR-220 · Bremen
2023-04-17,FLT-AIR-220,Air filter cartridge 220,Filters,Bremen,HB,0,0,0,6,FLT-AIR-220 · Bremen
2023-04-18,FLT-AIR-220,Air filter cartridge 220,Filters,Bremen,HB,0,0,0,8,FLT-AIR-220 · Bremen
2023-04-19,FLT-AIR-220,Air filter cartridge 220,Filters,Bremen,HB,0,0,0,4,FLT-AIR-220 · Bremen
2023-04-20,FLT-AIR-220,Air filter cartridge 220,Filters,Bremen,HB,0,0,0,3,FLT-AIR-220 · Bremen
2023-04-21,FLT-AIR-220,Air filter cartridge 220,Filters,Bremen,HB,0,0,0,6,FLT-AIR-220 · Bremen
2023-04-22,FLT-AIR-220,Air filter cartridge 220,Filters,Bremen,HB,0,0,0,3,FLT-AIR-220 · Bremen
2023-04-23,FLT-AIR-220,Air filter cartridge 220,Filters,Bremen,HB,0,0,0,1,FLT-AIR-220 · Bremen
2023-04-24,FLT-AIR-220,Air filter cartridge 220,Filters,Bremen,HB,0,0,0,7,FLT-AIR-220 · Bremen
2023-04-25,FLT-AIR-220,Air filter cartridge 220,Filters,Bremen,HB,0,0,0,5,FLT-AIR-220 · Bremen
2023-04-26,FLT-AIR-220,Air filter cartridge 220,Filters,Bremen,HB,0,0,0,4,FLT-AIR-220 · Bremen
2023-04-27,FLT-AIR-220,Air filter cartridge 220,Filters,Bremen,HB,0,0,0,7,FLT-AIR-220 · Bremen
2023-04-28,FLT-AIR-220,Air filter cartridge 220,Filters,Bremen,HB,0,0,0,3,FLT-AIR-220 · Bremen
2023-04-29,FLT-AIR-220,Air filter cartridge 220,Filters,Bremen,HB,0,0,0,3,FLT-AIR-220 · Bremen
2023-04-30,FLT-AIR-220,Air filter cartridge 220,Filters,Bremen,HB,0,0,0,1,FLT-AIR-220 · Bremen
2023-05-01,FLT-AIR-220,Air filter cartridge 220,Filters,Bremen,HB,1,0,0,1,FLT-AIR-220 · Bremen
2023-05-02,FLT-AIR-220,Air filter cartridge 220,Filters,Bremen,HB,0,0,0,4,FLT-AIR-220 · Bremen
2023-05-03,FLT-AIR-220,Air filter cartridge 220,Filters,Bremen,HB,0,0,0,6,FLT-AIR-220 · Bremen
2023-05-04,FLT-AIR-220,Air filter cartridge 220,Filters,Bremen,HB,0,0,0,5,FLT-AIR-220 · Bremen
2023-05-05,FLT-AIR-220,Air filter cartridge 220,Filters,Bremen,HB,0,0,0,6,FLT-AIR-220 · Bremen
2023-05-06,FLT-AIR-220,Air filter cartridge 220,Filters,Bremen,HB,0,0,0,3,FLT-AIR-220 · Bremen
2023-05-07,FLT-AIR-220,Air filter cartridge 220,Filters,Bremen,HB,0,0,0,1,FLT-AIR-220 · Bremen
2023-05-08,FLT-AIR-220,Air filter cartridge 220,Filters,Bremen,HB,0,0,0,5,FLT-AIR-220 · Bremen
2023-05-09,FLT-AIR-220,Air filter cartridge 220,Filters,Bremen,HB,0,0,0,5,FLT-AIR-220 · Bremen
2023-05-10,FLT-AIR-220,Air filter cartridge 220,Filters,Bremen,HB,0,0,0,3,FLT-AIR-220 · Bremen
2023-05-11,FLT-AIR-220,Air filter cartridge 220,Filters,Bremen,HB,0,0,0,4,FLT-AIR-220 · Bremen
2023-05-12,FLT-AIR-220,Air filter cartridge 220,Filters,Bremen,HB,0,0,0,4,FLT-AIR-220 · Bremen
2023-05-13,FLT-AIR-220,Air filter cartridge 220,Filters,Bremen,HB,0,0,0,5,FLT-AIR-220 · Bremen
2023-05-14,FLT-AIR-220,Air filter cartridge 220,Filters,Bremen,HB,0,0,0,3,FLT-AIR-220 · Bremen
2023-05-15,FLT-AIR-220,Air filter cartridge 220,Filters,Bremen,HB,0,0,0,5,FLT-AIR-220 · Bremen
2023-05-16,FLT-AIR-220,Air filter cartridge 220,Filters,Bremen,HB,0,0,0,5,FLT-AIR-220 · Bremen
2023-05-17,FLT-AIR-220,Air filter cartridge 220,Filters,Bremen,HB,0,0,0,2,FLT-AIR-220 · Bremen
2023-05-18,FLT-AIR-220,Air filter cartridge 220,Filters,Bremen,HB,1,0,0,0,FLT-AIR-220 · Bremen
2023-05-19,FLT-AIR-220,Air filter cartridge 220,Filters,Bremen,HB,0,0,0,5,FLT-AIR-220 · Bremen
2023-05-20,FLT-AIR-220,Air filter cartridge 220,Filters,Bremen,HB,0,0,0,4,FLT-AIR-220 · Bremen
2023-05-21,FLT-AIR-220,Air filter cartridge 220,Filters,Bremen,HB,0,0,0,2,FLT-AIR-220 · Bremen
2023-05-22,FLT-AIR-220,Air filter cartridge 220,Filters,Bremen,HB,0,0,0,5,FLT-AIR-220 · Bremen
2023-05-23,FLT-AIR-220,Air filter cartridge 220,Filters,Bremen,HB,0,0,0,6,FLT-AIR-220 · Bremen
2023-05-24,FLT-AIR-220,Air filter cartridge 220,Filters,Bremen,HB,0,0,0,5,FLT-AIR-220 · Bremen
2023-05-25,FLT-AIR-220,Air filter cartridge 220,Filters,Bremen,HB,0,0,0,6,FLT-AIR-220 · Bremen
2023-05-26,FLT-AIR-220,Air filter cartridge 220,Filters,Bremen,HB,0,0,0,6,FLT-AIR-220 · Bremen
2023-05-27,FLT-AIR-220,Air filter cartridge 220,Filters,Bremen,HB,0,0,0,4,FLT-AIR-220 · Bremen
2023-05-28,FLT-AIR-220,Air filter cartridge 220,Filters,Bremen,HB,0,0,0,4,FLT-AIR-220 · Bremen
2023-05-29,FLT-AIR-220,Air filter cartridge 220,Filters,Bremen,HB,1,0,0,1,FLT-AIR-220 · Bremen
2023-05-30,FLT-AIR-220,Air filter cartridge 220,Filters,Bremen,HB,0,0,0,8,FLT-AIR-220 · Bremen
2023-05-31,FLT-AIR-220,Air filter cartridge 220,Filters,Bremen,HB,0,0,0,5,FLT-AIR-220 · Bremen
2023-06-01,FLT-AIR-220,Air filter cartridge 220,Filters,Bremen,HB,0,0,0,3,FLT-AIR-220 · Bremen
2023-06-02,FLT-AIR-220,Air filter cartridge 220,Filters,Bremen,HB,0,0,0,5,FLT-AIR-220 · Bremen
2023-06-03,FLT-AIR-220,Air filter cartridge 220,Filters,Bremen,HB,0,0,0,3,FLT-AIR-220 · Bremen
2023-06-04,FLT-AIR-220,Air filter cartridge 220,Filters,Bremen,HB,0,0,0,4,FLT-AIR-220 · Bremen
2023-06-05,FLT-AIR-220,Air filter cartridge 220,Filters,Bremen,HB,0,0,0,4,FLT-AIR-220 · Bremen
2023-06-06,FLT-AIR-220,Air filter cartridge 220,Filters,Bremen,HB,0,0,0,6,FLT-AIR-220 · Bremen
2023-06-07,FLT-AIR-220,Air filter cartridge 220,Filters,Bremen,HB,0,0,0,7,FLT-AIR-220 · Bremen
2023-06-08,FLT-AIR-220,Air filter cartridge 220,Filters,Bremen,HB,0,0,0,6,FLT-AIR-220 · Bremen
2023-06-09,FLT-AIR-220,Air filter cartridge 220,Filters,Bremen,HB,0,0,0,5,FLT-AIR-220 · Bremen
2023-06-10,FLT-AIR-220,Air filter cartridge 220,Filters,Bremen,HB,0,0,0,4,FLT-AIR-220 · Bremen
2023-06-11,FLT-AIR-220,Air filter cartridge 220,Filters,Bremen,HB,0,0,0,4,FLT-AIR-220 · Bremen
2023-06-12,FLT-AIR-220,Air filter cartridge 220,Filters,Bremen,HB,0,0,0,9,FLT-AIR-220 · Bremen
2023-06-13,FLT-AIR-220,Air filter cartridge 220,Filters,Bremen,HB,0,0,0,7,FLT-AIR-220 · Bremen
2023-06-14,FLT-AIR-220,Air filter cartridge 220,Filters,Bremen,HB,0,0,0,6,FLT-AIR-220 · Bremen
2023-06-15,FLT-AIR-220,Air filter cartridge 220,Filters,Bremen,HB,0,0,0,10,FLT-AIR-220 · Bremen
2023-06-16,FLT-AIR-220,Air filter cartridge 220,Filters,Bremen,HB,0,0,0,6,FLT-AIR-220 · Bremen
2023-06-17,FLT-AIR-220,Air filter cartridge 220,Filters,Bremen,HB,0,0,0,7,FLT-AIR-220 · Bremen
2023-06-18,FLT-AIR-220,Air filter cartridge 220,Filters,Bremen,HB,0,0,0,5,FLT-AIR-220 · Bremen
2023-06-19,FLT-AIR-220,Air filter cartridge 220,Filters,Bremen,HB,0,0,0,10,FLT-AIR-220 · Bremen
2023-06-20,FLT-AIR-220,Air filter cartridge 220,Filters,Bremen,HB,0,0,0,9,FLT-AIR-220 · Bremen
2023-06-21,FLT-AIR-220,Air filter cartridge 220,Filters,Bremen,HB,0,0,0,4,FLT-AIR-220 · Bremen
2023-06-22,FLT-AIR-220,Air filter cartridge 220,Filters,Bremen,HB,0,0,0,6,FLT-AIR-220 · Bremen
2023-06-23,FLT-AIR-220,Air filter cartridge 220,Filters,Bremen,HB,0,0,0,8,FLT-AIR-220 · Bremen
2023-06-24,FLT-AIR-220,Air filter cartridge 220,Filters,Bremen,HB,0,0,0,4,FLT-AIR-220 · Bremen
2023-06-25,FLT-AIR-220,Air filter cartridge 220,Filters,Bremen,HB,0,0,0,3,FLT-AIR-220 · Bremen
2023-06-26,FLT-AIR-220,Air filter cartridge 220,Filters,Bremen,HB,0,0,0,8,FLT-AIR-220 · Bremen
2023-06-27,FLT-AIR-220,Air filter cartridge 220,Filters,Bremen,HB,0,0,0,7,FLT-AIR-220 · Bremen
2023-06-28,FLT-AIR-220,Air filter cartridge 220,Filters,Bremen,HB,0,0,0,6,FLT-AIR-220 · Bremen
2023-06-29,FLT-AIR-220,Air filter cartridge 220,Filters,Bremen,HB,0,0,0,9,FLT-AIR-220 · Bremen
2023-06-30,FLT-AIR-220,Air filter cartridge 220,Filters,Bremen,HB,0,0,0,9,FLT-AIR-220 · Bremen
2023-07-01,FLT-AIR-220,Air filter cartridge 220,Filters,Bremen,HB,0,0,0,5,FLT-AIR-220 · Bremen
2023-07-02,FLT-AIR-220,Air filter cartridge 220,Filters,Bremen,HB,0,0,0,5,FLT-AIR-220 · Bremen
2023-07-03,FLT-AIR-220,Air filter cartridge 220,Filters,Bremen,HB,0,0,0,9,FLT-AIR-220 · Bremen
2023-07-04,FLT-AIR-220,Air filter cartridge 220,Filters,Bremen,HB,0,0,0,11,FLT-AIR-220 · Bremen
2023-07-05,FLT-AIR-220,Air filter cartridge 220,Filters,Bremen,HB,0,0,0,9,FLT-AIR-220 · Bremen
2023-07-06,FLT-AIR-220,Air filter cartridge 220,Filters,Bremen,HB,0,0,0,11,FLT-AIR-220 · Bremen
2023-07-07,FLT-AIR-220,Air filter cartridge 220,Filters,Bremen,HB,0,0,0,5,FLT-AIR-220 · Bremen
2023-07-08,FLT-AIR-220,Air filter cartridge 220,Filters,Bremen,HB,0,0,0,6,FLT-AIR-220 · Bremen
2023-07-09,FLT-AIR-220,Air filter cartridge 220,Filters,Bremen,HB,0,0,0,4,FLT-AIR-220 · Bremen
2023-07-10,FLT-AIR-220,Air filter cartridge 220,Filters,Bremen,HB,0,0,0,8,FLT-AIR-220 · Bremen
2023-07-11,FLT-AIR-220,Air filter cartridge 220,Filters,Bremen,HB,0,0,0,11,FLT-AIR-220 · Bremen
2023-07-12,FLT-AIR-220,Air filter cartridge 220,Filters,Bremen,HB,0,0,0,11,FLT-AIR-220 · Bremen
2023-07-13,FLT-AIR-220,Air filter cartridge 220,Filters,Bremen,HB,0,0,0,6,FLT-AIR-220 · Bremen
2023-07-14,FLT-AIR-220,Air filter cartridge 220,Filters,Bremen,HB,0,0,0,11,FLT-AIR-220 · Bremen
2023-07-15,FLT-AIR-220,Air filter cartridge 220,Filters,Bremen,HB,0,0,0,7,FLT-AIR-220 · Bremen
2023-07-16,FLT-AIR-220,Air filter cartridge 220,Filters,Bremen,HB,0,0,0,4,FLT-AIR-220 · Bremen
2023-07-17,FLT-AIR-220,Air filter cartridge 220,Filters,Bremen,HB,0,0,0,9,FLT-AIR-220 · Bremen
2023-07-18,FLT-AIR-220,Air filter cartridge 220,Filters,Bremen,HB,0,0,0,8,FLT-AIR-220 · Bremen
2023-07-19,FLT-AIR-220,Air filter cartridge 220,Filters,Bremen,HB,0,0,0,10,FLT-AIR-220 · Bremen
2023-07-20,FLT-AIR-220,Air filter cartridge 220,Filters,Bremen,HB,0,0,0,10,FLT-AIR-220 · Bremen
2023-07-21,FLT-AIR-220,Air filter cartridge 220,Filters,Bremen,HB,0,0,0,11,FLT-AIR-220 · Bremen
2023-07-22,FLT-AIR-220,Air filter cartridge 220,Filters,Bremen,HB,0,0,0,7,FLT-AIR-220 · Bremen
2023-07-23,FLT-AIR-220,Air filter cartridge 220,Filters,Bremen,HB,0,0,0,3,FLT-AIR-220 · Bremen
2023-07-24,FLT-AIR-220,Air filter cartridge 220,Filters,Bremen,HB,0,0,0,11,FLT-AIR-220 · Bremen
2023-07-25,FLT-AIR-220,Air filter cartridge 220,Filters,Bremen,HB,0,0,0,10,FLT-AIR-220 · Bremen
2023-07-26,FLT-AIR-220,Air filter cartridge 220,Filters,Bremen,HB,0,0,0,9,FLT-AIR-220 · Bremen
2023-07-27,FLT-AIR-220,Air filter cartridge 220,Filters,Bremen,HB,0,0,0,8,FLT-AIR-220 · Bremen
2023-07-28,FLT-AIR-220,Air filter cartridge 220,Filters,Bremen,HB,0,0,0,11,FLT-AIR-220 · Bremen
2023-07-29,FLT-AIR-220,Air filter cartridge 220,Filters,Bremen,HB,0,0,0,8,FLT-AIR-220 · Bremen
2023-07-30,FLT-AIR-220,Air filter cartridge 220,Filters,Bremen,HB,0,0,0,6,FLT-AIR-220 · Bremen
2023-07-31,FLT-AIR-220,Air filter cartridge 220,Filters,Bremen,HB,0,0,0,10,FLT-AIR-220 · Bremen
2023-08-01,FLT-AIR-220,Air filter cartridge 220,Filters,Bremen,HB,0,0,0,12,FLT-AIR-220 · Bremen
2023-08-02,FLT-AIR-220,Air filter cartridge 220,Filters,Bremen,HB,0,0,0,9,FLT-AIR-220 · Bremen
2023-08-03,FLT-AIR-220,Air filter cartridge 220,Filters,Bremen,HB,0,0,0,10,FLT-AIR-220 · Bremen
2023-08-04,FLT-AIR-220,Air filter cartridge 220,Filters,Bremen,HB,0,0,0,12,FLT-AIR-220 · Bremen
2023-08-05,FLT-AIR-220,Air filter cartridge 220,Filters,Bremen,HB,0,0,0,8,FLT-AIR-220 · Bremen
2023-08-06,FLT-AIR-220,Air filter cartridge 220,Filters,Bremen,HB,0,0,0,3,FLT-AIR-220 · Bremen
2023-08-07,FLT-AIR-220,Air filter cartridge 220,Filters,Bremen,HB,0,1,0,1,FLT-AIR-220 · Bremen
2023-08-08,FLT-AIR-220,Air filter cartridge 220,Filters,Bremen,HB,0,1,0,2,FLT-AIR-220 · Bremen
2023-08-09,FLT-AIR-220,Air filter cartridge 220,Filters,Bremen,HB,0,1,0,3,FLT-AIR-220 · Bremen
2023-08-10,FLT-AIR-220,Air filter cartridge 220,Filters,Bremen,HB,0,1,0,2,FLT-AIR-220 · Bremen
2023-08-11,FLT-AIR-220,Air filter cartridge 220,Filters,Bremen,HB,0,1,0,3,FLT-AIR-220 · Bremen
2023-08-12,FLT-AIR-220,Air filter cartridge 220,Filters,Bremen,HB,0,1,0,2,FLT-AIR-220 · Bremen
2023-08-13,FLT-AIR-220,Air filter cartridge 220,Filters,Bremen,HB,0,1,0,1,FLT-AIR-220 · Bremen
2023-08-14,FLT-AIR-220,Air filter cartridge 220,Filters,Bremen,HB,0,1,0,3,FLT-AIR-220 · Bremen
2023-08-15,FLT-AIR-220,Air filter cartridge 220,Filters,Bremen,HB,0,1,0,1,FLT-AIR-220 · Bremen
2023-08-16,FLT-AIR-220,Air filter cartridge 220,Filters,Bremen,HB,0,1,0,2,FLT-AIR-220 · Bremen
2023-08-17,FLT-AIR-220,Air filter cartridge 220,Filters,Bremen,HB,0,1,0,4,FLT-AIR-220 · Bremen
2023-08-18,FLT-AIR-220,Air filter cartridge 220,Filters,Bremen,HB,0,1,0,4,FLT-AIR-220 · Bremen
2023-08-19,FLT-AIR-220,Air filter cartridge 220,Filters,Bremen,HB,0,1,0,2,FLT-AIR-220 · Bremen
2023-08-20,FLT-AIR-220,Air filter cartridge 220,Filters,Bremen,HB,0,1,0,2,FLT-AIR-220 · Bremen
2023-08-21,FLT-AIR-220,Air filter cartridge 220,Filters,Bremen,HB,0,0,0,11,FLT-AIR-220 · Bremen
2023-08-22,FLT-AIR-220,Air filter cartridge 220,Filters,Bremen,HB,0,0,0,13,FLT-AIR-220 · Bremen
2023-08-23,FLT-AIR-220,Air filter cartridge 220,Filters,Bremen,HB,0,0,0,15,FLT-AIR-220 · Bremen
2023-08-24,FLT-AIR-220,Air filter cartridge 220,Filters,Bremen,HB,0,0,0,20,FLT-AIR-220 · Bremen
2023-08-25,FLT-AIR-220,Air filter cartridge 220,Filters,Bremen,HB,0,0,0,13,FLT-AIR-220 · Bremen
2023-08-26,FLT-AIR-220,Air filter cartridge 220,Filters,Bremen,HB,0,0,0,10,FLT-AIR-220 · Bremen
2023-08-27,FLT-AIR-220,Air filter cartridge 220,Filters,Bremen,HB,0,0,0,7,FLT-AIR-220 · Bremen
2023-08-28,FLT-AIR-220,Air filter cartridge 220,Filters,Bremen,HB,0,0,0,16,FLT-AIR-220 · Bremen
2023-08-29,FLT-AIR-220,Air filter cartridge 220,Filters,Bremen,HB,0,0,0,14,FLT-AIR-220 · Bremen
2023-08-30,FLT-AIR-220,Air filter cartridge 220,Filters,Bremen,HB,0,0,0,11,FLT-AIR-220 · Bremen
2023-08-31,FLT-AIR-220,Air filter cartridge 220,Filters,Bremen,HB,0,0,0,8,FLT-AIR-220 · Bremen
2023-09-01,FLT-AIR-220,Air filter cartridge 220,Filters,Bremen,HB,0,0,1,16,FLT-AIR-220 · Bremen
2023-09-02,FLT-AIR-220,Air filter cartridge 220,Filters,Bremen,HB,0,0,1,8,FLT-AIR-220 · Bremen
2023-09-03,FLT-AIR-220,Air filter cartridge 220,Filters,Bremen,HB,0,0,1,4,FLT-AIR-220 · Bremen
2023-09-04,FLT-AIR-220,Air filter cartridge 220,Filters,Bremen,HB,0,0,1,15,FLT-AIR-220 · Bremen
2023-09-05,FLT-AIR-220,Air filter cartridge 220,Filters,Bremen,HB,0,0,1,15,FLT-AIR-220 · Bremen
2023-09-06,FLT-AIR-220,Air filter cartridge 220,Filters,Bremen,HB,0,0,1,16,FLT-AIR-220 · Bremen
2023-09-07,FLT-AIR-220,Air filter cartridge 220,Filters,Bremen,HB,0,0,1,16,FLT-AIR-220 · Bremen
2023-09-08,FLT-AIR-220,Air filter cartridge 220,Filters,Bremen,HB,0,0,0,12,FLT-AIR-220 · Bremen
2023-09-09,FLT-AIR-220,Air filter cartridge 220,Filters,Bremen,HB,0,0,0,8,FLT-AIR-220 · Bremen
2023-09-10,FLT-AIR-220,Air filter cartridge 220,Filters,Bremen,HB,0,0,0,6,FLT-AIR-220 · Bremen
2023-09-11,FLT-AIR-220,Air filter cartridge 220,Filters,Bremen,HB,0,0,0,18,FLT-AIR-220 · Bremen
2023-09-12,FLT-AIR-220,Air filter cartridge 220,Filters,Bremen,HB,0,0,0,11,FLT-AIR-220 · Bremen
2023-09-13,FLT-AIR-220,Air filter cartridge 220,Filters,Bremen,HB,0,0,0,16,FLT-AIR-220 · Bremen
2023-09-14,FLT-AIR-220,Air filter cartridge 220,Filters,Bremen,HB,0,0,0,17,FLT-AIR-220 · Bremen
2023-09-15,FLT-AIR-220,Air filter cartridge 220,Filters,Bremen,HB,0,0,0,16,FLT-AIR-220 · Bremen
2023-09-16,FLT-AIR-220,Air filter cartridge 220,Filters,Bremen,HB,0,0,0,11,FLT-AIR-220 · Bremen
2023-09-17,FLT-AIR-220,Air filter cartridge 220,Filters,Bremen,HB,0,0,0,9,FLT-AIR-220 · Bremen
2023-09-18,FLT-AIR-220,Air filter cartridge 220,Filters,Bremen,HB,0,0,0,10,FLT-AIR-220 · Bremen
2023-09-19,FLT-AIR-220,Air filter cartridge 220,Filters,Bremen,HB,0,0,0,20,FLT-AIR-220 · Bremen
2023-09-20,FLT-AIR-220,Air filter cartridge 220,Filters,Bremen,HB,0,0,0,17,FLT-AIR-220 · Bremen
2023-09-21,FLT-AIR-220,Air filter cartridge 220,Filters,Bremen,HB,0,0,0,19,FLT-AIR-220 · Bremen
2023-09-22,FLT-AIR-220,Air filter cartridge 220,Filters,Bremen,HB,0,0,0,13,FLT-AIR-220 · Bremen
2023-09-23,FLT-AIR-220,Air filter cartridge 220,Filters,Bremen,HB,0,0,0,7,FLT-AIR-220 · Bremen
2023-09-24,FLT-AIR-220,Air filter cartridge 220,Filters,Bremen,HB,0,0,0,11,FLT-AIR-220 · Bremen
2023-09-25,FLT-AIR-220,Air filter cartridge 220,Filters,Bremen,HB,0,0,0,16,FLT-AIR-220 · Bremen
2023-09-26,FLT-AIR-220,Air filter cartridge 220,Filters,Bremen,HB,0,0,0,17,FLT-AIR-220 · Bremen
2023-09-27,FLT-AIR-220,Air filter cartridge 220,Filters,Bremen,HB,0,0,0,20,FLT-AIR-220 · Bremen
2023-09-28,FLT-AIR-220,Air filter cartridge 220,Filters,Bremen,HB,0,0,0,21,FLT-AIR-220 · Bremen
2023-09-29,FLT-AIR-220,Air filter cartridge 220,Filters,Bremen,HB,0,0,0,20,FLT-AIR-220 · Bremen
2023-09-30,FLT-AIR-220,Air filter cartridge 220,Filters,Bremen,HB,0,0,0,12,FLT-AIR-220 · Bremen
2023-10-01,FLT-AIR-220,Air filter cartridge 220,Filters,Bremen,HB,0,0,0,7,FLT-AIR-220 · Bremen
2023-10-02,FLT-AIR-220,Air filter cartridge 220,Filters,Bremen,HB,0,0,0,21,FLT-AIR-220 · Bremen
2023-10-03,FLT-AIR-220,Air filter cartridge 220,Filters,Bremen,HB,1,0,0,3,FLT-AIR-220 · Bremen
2023-10-04,FLT-AIR-220,Air filter cartridge 220,Filters,Bremen,HB,0,0,0,14,FLT-AIR-220 · Bremen
2023-10-05,FLT-AIR-220,Air filter cartridge 220,Filters,Bremen,HB,0,0,0,21,FLT-AIR-220 · Bremen
2023-10-06,FLT-AIR-220,Air filter cartridge 220,Filters,Bremen,HB,0,0,0,12,FLT-AIR-220 · Bremen
2023-10-07,FLT-AIR-220,Air filter cartridge 220,Filters,Bremen,HB,0,0,0,13,FLT-AIR-220 · Bremen
2023-10-08,FLT-AIR-220,Air filter cartridge 220,Filters,Bremen,HB,0,0,0,7,FLT-AIR-220 · Bremen
2023-10-09,FLT-AIR-220,Air filter cartridge 220,Filters,Bremen,HB,0,0,0,19,FLT-AIR-220 · Bremen
2023-10-10,FLT-AIR-220,Air filter cartridge 220,Filters,Bremen,HB,0,0,0,18,FLT-AIR-220 · Bremen
2023-10-11,FLT-AIR-220,Air filter cartridge 220,Filters,Bremen,HB,0,0,0,17,FLT-AIR-220 · Bremen
2023-10-12,FLT-AIR-220,Air filter cartridge 220,Filters,Bremen,HB,0,0,0,18,FLT-AIR-220 · Bremen
2023-10-13,FLT-AIR-220,Air filter cartridge 220,Filters,Bremen,HB,0,0,0,16,FLT-AIR-220 · Bremen
2023-10-14,FLT-AIR-220,Air filter cartridge 220,Filters,Bremen,HB,0,0,0,12,FLT-AIR-220 · Bremen
2023-10-15,FLT-AIR-220,Air filter cartridge 220,Filters,Bremen,HB,0,0,0,12,FLT-AIR-220 · Bremen
2023-10-16,FLT-AIR-220,Air filter cartridge 220,Filters,Bremen,HB,0,0,0,16,FLT-AIR-220 · Bremen
2023-10-17,FLT-AIR-220,Air filter cartridge 220,Filters,Bremen,HB,0,0,0,11,FLT-AIR-220 · Bremen
2023-10-18,FLT-AIR-220,Air filter cartridge 220,Filters,Bremen,HB,0,0,0,17,FLT-AIR-220 · Bremen
2023-10-19,FLT-AIR-220,Air filter cartridge 220,Filters,Bremen,HB,0,0,0,17,FLT-AIR-220 · Bremen
2023-10-20,FLT-AIR-220,Air filter cartridge 220,Filters,Bremen,HB,0,0,0,16,FLT-AIR-220 · Bremen
2023-10-21,FLT-AIR-220,Air filter cartridge 220,Filters,Bremen,HB,0,0,0,10,FLT-AIR-220 · Bremen
2023-10-22,FLT-AIR-220,Air filter cartridge 220,Filters,Bremen,HB,0,0,0,10,FLT-AIR-220 · Bremen
2023-10-23,FLT-AIR-220,Air filter cartridge 220,Filters,Bremen,HB,0,0,0,16,FLT-AIR-220 · Bremen
2023-10-24,FLT-AIR-220,Air filter cartridge 220,Filters,Bremen,HB,0,0,0,20,FLT-AIR-220 · Bremen
2023-10-25,FLT-AIR-220,Air filter cartridge 220,Filters,Bremen,HB,0,0,0,20,FLT-AIR-220 · Bremen
2023-10-26,FLT-AIR-220,Air filter cartridge 220,Filters,Bremen,HB,0,0,0,19,FLT-AIR-220 · Bremen
2023-10-27,FLT-AIR-220,Air filter cartridge 220,Filters,Bremen,HB,0,0,0,19,FLT-AIR-220 · Bremen
2023-10-28,FLT-AIR-220,Air filter cartridge 220,Filters,Bremen,HB,0,0,0,13,FLT-AIR-220 · Bremen
2023-10-29,FLT-AIR-220,Air filter cartridge 220,Filters,Bremen,HB,0,0,0,14,FLT-AIR-220 · Bremen
2023-10-30,FLT-AIR-220,Air filter cartridge 220,Filters,Bremen,HB,0,0,0,19,FLT-AIR-220 · Bremen
2023-10-31,FLT-AIR-220,Air filter cartridge 220,Filters,Bremen,HB,1,0,0,3,FLT-AIR-220 · Bremen
2023-11-01,FLT-AIR-220,Air filter cartridge 220,Filters,Bremen,HB,0,0,0,22,FLT-AIR-220 · Bremen
2023-11-02,FLT-AIR-220,Air filter cartridge 220,Filters,Bremen,HB,0,0,0,21,FLT-AIR-220 · Bremen
2023-11-03,FLT-AIR-220,Air filter cartridge 220,Filters,Bremen,HB,0,0,0,15,FLT-AIR-220 · Bremen
2023-11-04,FLT-AIR-220,Air filter cartridge 220,Filters,Bremen,HB,0,0,0,13,FLT-AIR-220 · Bremen
2023-11-05,FLT-AIR-220,Air filter cartridge 220,Filters,Bremen,HB,0,0,0,8,FLT-AIR-220 · Bremen
2023-11-06,FLT-AIR-220,Air filter cartridge 220,Filters,Bremen,HB,0,0,0,23,FLT-AIR-220 · Bremen
2023-11-07,FLT-AIR-220,Air filter cartridge 220,Filters,Bremen,HB,0,0,0,22,FLT-AIR-220 · Bremen
2023-11-08,FLT-AIR-220,Air filter cartridge 220,Filters,Bremen,HB,0,0,0,18,FLT-AIR-220 · Bremen
2023-11-09,FLT-AIR-220,Air filter cartridge 220,Filters,Bremen,HB,0,0,0,17,FLT-AIR-220 · Bremen
2023-11-10,FLT-AIR-220,Air filter cartridge 220,Filters,Bremen,HB,0,0,0,20,FLT-AIR-220 · Bremen
2023-11-11,FLT-AIR-220,Air filter cartridge 220,Filters,Bremen,HB,0,0,0,12,FLT-AIR-220 · Bremen
2023-11-12,FLT-AIR-220,Air filter cartridge 220,Filters,Bremen,HB,0,0,0,12,FLT-AIR-220 · Bremen
2023-11-13,FLT-AIR-220,Air filter cartridge 220,Filters,Bremen,HB,0,0,0,26,FLT-AIR-220 · Bremen
2023-11-14,FLT-AIR-220,Air filter cartridge 220,Filters,Bremen,HB,0,0,0,23,FLT-AIR-220 · Bremen
2023-11-15,FLT-AIR-220,Air filter cartridge 220,Filters,Bremen,HB,0,0,0,22,FLT-AIR-220 · Bremen
2023-11-16,FLT-AIR-220,Air filter cartridge 220,Filters,Bremen,HB,0,0,0,26,FLT-AIR-220 · Bremen
2023-11-17,FLT-AIR-220,Air filter cartridge 220,Filters,Bremen,HB,0,0,0,21,FLT-AIR-220 · Bremen
2023-11-18,FLT-AIR-220,Air filter cartridge 220,Filters,Bremen,HB,0,0,0,12,FLT-AIR-220 · Bremen
2023-11-19,FLT-AIR-220,Air filter cartridge 220,Filters,Bremen,HB,0,0,0,8,FLT-AIR-220 · Bremen
2023-11-20,FLT-AIR-220,Air filter cartridge 220,Filters,Bremen,HB,0,0,0,18,FLT-AIR-220 · Bremen
2023-11-21,FLT-AIR-220,Air filter cartridge 220,Filters,Bremen,HB,0,0,0,19,FLT-AIR-220 · Bremen
2023-11-22,FLT-AIR-220,Air filter cartridge 220,Filters,Bremen,HB,0,0,0,20,FLT-AIR-220 · Bremen
2023-11-23,FLT-AIR-220,Air filter cartridge 220,Filters,Bremen,HB,0,0,0,15,FLT-AIR-220 · Bremen
2023-11-24,FLT-AIR-220,Air filter cartridge 220,Filters,Bremen,HB,0,0,0,17,FLT-AIR-220 · Bremen
2023-11-25,FLT-AIR-220,Air filter cartridge 220,Filters,Bremen,HB,0,0,0,12,FLT-AIR-220 · Bremen
2023-11-26,FLT-AIR-220,Air filter cartridge 220,Filters,Bremen,HB,0,0,0,9,FLT-AIR-220 · Bremen
2023-11-27,FLT-AIR-220,Air filter cartridge 220,Filters,Bremen,HB,0,0,0,19,FLT-AIR-220 · Bremen
2023-11-28,FLT-AIR-220,Air filter cartridge 220,Filters,Bremen,HB,0,0,0,19,FLT-AIR-220 · Bremen
2023-11-29,FLT-AIR-220,Air filter cartridge 220,Filters,Bremen,HB,0,0,0,15,FLT-AIR-220 · Bremen
2023-11-30,FLT-AIR-220,Air filter cartridge 220,Filters,Bremen,HB,0,0,0,16,FLT-AIR-220 · Bremen
2023-12-01,FLT-AIR-220,Air filter cartridge 220,Filters,Bremen,HB,0,0,0,18,FLT-AIR-220 · Bremen
2023-12-02,FLT-AIR-220,Air filter cartridge 220,Filters,Bremen,HB,0,0,0,13,FLT-AIR-220 · Bremen
2023-12-03,FLT-AIR-220,Air filter cartridge 220,Filters,Bremen,HB,0,0,0,9,FLT-AIR-220 · Bremen
2023-12-04,FLT-AIR-220,Air filter cartridge 220,Filters,Bremen,HB,0,0,0,17,FLT-AIR-220 · Bremen
2023-12-05,FLT-AIR-220,Air filter cartridge 220,Filters,Bremen,HB,0,0,0,18,FLT-AIR-220 · Bremen
2023-12-06,FLT-AIR-220,Air filter cartridge 220,Filters,Bremen,HB,0,0,0,22,FLT-AIR-220 · Bremen
2023-12-07,FLT-AIR-220,Air filter cartridge 220,Filters,Bremen,HB,0,0,0,36,FLT-AIR-220 · Bremen
2023-12-08,FLT-AIR-220,Air filter cartridge 220,Filters,Bremen,HB,0,0,0,16,FLT-AIR-220 · Bremen
2023-12-09,FLT-AIR-220,Air filter cartridge 220,Filters,Bremen,HB,0,0,0,9,FLT-AIR-220 · Bremen
2023-12-10,FLT-AIR-220,Air filter cartridge 220,Filters,Bremen,HB,0,0,0,7,FLT-AIR-220 · Bremen
2023-12-11,FLT-AIR-220,Air filter cartridge 220,Filters,Bremen,HB,0,0,0,18,FLT-AIR-220 · Bremen
2023-12-12,FLT-AIR-220,Air filter cartridge 220,Filters,Bremen,HB,0,0,0,18,FLT-AIR-220 · Bremen
2023-12-13,FLT-AIR-220,Air filter cartridge 220,Filters,Bremen,HB,0,0,0,17,FLT-AIR-220 · Bremen
2023-12-14,FLT-AIR-220,Air filter cartridge 220,Filters,Bremen,HB,0,0,0,17,FLT-AIR-220 · Bremen
2023-12-15,FLT-AIR-220,Air filter cartridge 220,Filters,Bremen,HB,0,0,0,14,FLT-AIR-220 · Bremen
2023-12-16,FLT-AIR-220,Air filter cartridge 220,Filters,Bremen,HB,0,0,0,9,FLT-AIR-220 · Bremen
2023-12-17,FLT-AIR-220,Air filter cartridge 220,Filters,Bremen,HB,0,0,0,10,FLT-AIR-220 · Bremen
2023-12-18,FLT-AIR-220,Air filter cartridge 220,Filters,Bremen,HB,0,0,0,15,FLT-AIR-220 · Bremen
2023-12-19,FLT-AIR-220,Air filter cartridge 220,Filters,Bremen,HB,0,0,0,13,FLT-AIR-220 · Bremen
2023-12-20,FLT-AIR-220,Air filter cartridge 220,Filters,Bremen,HB,0,0,0,12,FLT-AIR-220 · Bremen
2023-12-21,FLT-AIR-220,Air filter cartridge 220,Filters,Bremen,HB,0,0,0,15,FLT-AIR-220 · Bremen
2023-12-22,FLT-AIR-220,Air filter cartridge 220,Filters,Bremen,HB,0,0,0,16,FLT-AIR-220 · Bremen
2023-12-23,FLT-AIR-220,Air filter cartridge 220,Filters,Bremen,HB,0,0,0,8,FLT-AIR-220 · Bremen
2023-12-24,FLT-AIR-220,Air filter cartridge 220,Filters,Bremen,HB,0,1,0,2,FLT-AIR-220 · Bremen
2023-12-25,FLT-AIR-220,Air filter cartridge 220,Filters,Bremen,HB,1,1,0,0,FLT-AIR-220 · Bremen
2023-12-26,FLT-AIR-220,Air filter cartridge 220,Filters,Bremen,HB,1,1,0,1,FLT-AIR-220 · Bremen
2023-12-27,FLT-AIR-220,Air filter cartridge 220,Filters,Bremen,HB,0,1,0,2,FLT-AIR-220 · Bremen
2023-12-28,FLT-AIR-220,Air filter cartridge 220,Filters,Bremen,HB,0,1,0,2,FLT-AIR-220 · Bremen
2023-12-29,FLT-AIR-220,Air filter cartridge 220,Filters,Bremen,HB,0,1,0,3,FLT-AIR-220 · Bremen
2023-12-30,FLT-AIR-220,Air filter cartridge 220,Filters,Bremen,HB,0,1,0,2,FLT-AIR-220 · Bremen
2023-12-31,FLT-AIR-220,Air filter cartridge 220,Filters,Bremen,HB,0,1,0,1,FLT-AIR-220 · Bremen
2024-01-01,FLT-AIR-220,Air filter cartridge 220,Filters,Bremen,HB,1,1,0,0,FLT-AIR-220 · Bremen
2024-01-02,FLT-AIR-220,Air filter cartridge 220,Filters,Bremen,HB,0,1,0,3,FLT-AIR-220 · Bremen
2024-01-03,FLT-AIR-220,Air filter cartridge 220,Filters,Bremen,HB,0,0,0,12,FLT-AIR-220 · Bremen
2024-01-04,FLT-AIR-220,Air filter cartridge 220,Filters,Bremen,HB,0,0,0,14,FLT-AIR-220 · Bremen
2024-01-05,FLT-AIR-220,Air filter cartridge 220,Filters,Bremen,HB,0,0,0,13,FLT-AIR-220 · Bremen
2024-01-06,FLT-AIR-220,Air filter cartridge 220,Filters,Bremen,HB,0,0,0,8,FLT-AIR-220 · Bremen
2024-01-07,FLT-AIR-220,Air filter cartridge 220,Filters,Bremen,HB,0,0,0,7,FLT-AIR-220 · Bremen
2024-01-08,FLT-AIR-220,Air filter cartridge 220,Filters,Bremen,HB,0,0,0,13,FLT-AIR-220 · Bremen
2024-01-09,FLT-AIR-220,Air filter cartridge 220,Filters,Bremen,HB,0,0,0,10,FLT-AIR-220 · Bremen
2024-01-10,FLT-AIR-220,Air filter cartridge 220,Filters,Bremen,HB,0,0,0,14,FLT-AIR-220 · Bremen
2024-01-11,FLT-AIR-220,Air filter cartridge 220,Filters,Bremen,HB,0,0,0,11,FLT-AIR-220 · Bremen
2024-01-12,FLT-AIR-220,Air filter cartridge 220,Filters,Bremen,HB,0,0,0,14,FLT-AIR-220 · Bremen
2024-01-13,FLT-AIR-220,Air filter cartridge 220,Filters,Bremen,HB,0,0,0,10,FLT-AIR-220 · Bremen
2024-01-14,FLT-AIR-220,Air filter cartridge 220,Filters,Bremen,HB,0,0,0,3,FLT-AIR-220 · Bremen
2024-01-15,FLT-AIR-220,Air filter cartridge 220,Filters,Bremen,HB,0,0,0,12,FLT-AIR-220 · Bremen
2024-01-16,FLT-AIR-220,Air filter cartridge 220,Filters,Bremen,HB,0,0,0,14,FLT-AIR-220 · Bremen
2024-01-17,FLT-AIR-220,Air filter cartridge 220,Filters,Bremen,HB,0,0,0,10,FLT-AIR-220 · Bremen
2024-01-18,FLT-AIR-220,Air filter cartridge 220,Filters,Bremen,HB,0,0,0,15,FLT-AIR-220 · Bremen
2024-01-19,FLT-AIR-220,Air filter cartridge 220,Filters,Bremen,HB,0,0,0,15,FLT-AIR-220 · Bremen
2024-01-20,FLT-AIR-220,Air filter cartridge 220,Filters,Bremen,HB,0,0,0,8,FLT-AIR-220 · Bremen
2024-01-21,FLT-AIR-220,Air filter cartridge 220,Filters,Bremen,HB,0,0,0,5,FLT-AIR-220 · Bremen
2024-01-22,FLT-AIR-220,Air filter cartridge 220,Filters,Bremen,HB,0,0,0,8,FLT-AIR-220 · Bremen
2024-01-23,FLT-AIR-220,Air filter cartridge 220,Filters,Bremen,HB,0,0,0,14,FLT-AIR-220 · Bremen
2024-01-24,FLT-AIR-220,Air filter cartridge 220,Filters,Bremen,HB,0,0,0,17,FLT-AIR-220 · Bremen
2024-01-25,FLT-AIR-220,Air filter cartridge 220,Filters,Bremen,HB,0,0,0,15,FLT-AIR-220 · Bremen
2024-01-26,FLT-AIR-220,Air filter cartridge 220,Filters,Bremen,HB,0,0,0,11,FLT-AIR-220 · Bremen
2024-01-27,FLT-AIR-220,Air filter cartridge 220,Filters,Bremen,HB,0,0,0,6,FLT-AIR-220 · Bremen
2024-01-28,FLT-AIR-220,Air filter cartridge 220,Filters,Bremen,HB,0,0,0,6,FLT-AIR-220 · Bremen
2024-01-29,FLT-AIR-220,Air filter cartridge 220,Filters,Bremen,HB,0,0,0,12,FLT-AIR-220 · Bremen
2024-01-30,FLT-AIR-220,Air filter cartridge 220,Filters,Bremen,HB,0,0,0,13,FLT-AIR-220 · Bremen
2024-01-31,FLT-AIR-220,Air filter cartridge 220,Filters,Bremen,HB,0,0,0,12,FLT-AIR-220 · Bremen
2024-02-01,FLT-AIR-220,Air filter cartridge 220,Filters,Bremen,HB,0,0,0,12,FLT-AIR-220 · Bremen
2024-02-02,FLT-AIR-220,Air filter cartridge 220,Filters,Bremen,HB,0,0,0,13,FLT-AIR-220 · Bremen
2024-02-03,FLT-AIR-220,Air filter cartridge 220,Filters,Bremen,HB,0,0,0,8,FLT-AIR-220 · Bremen
2024-02-04,FLT-AIR-220,Air filter cartridge 220,Filters,Bremen,HB,0,0,0,4,FLT-AIR-220 · Bremen
2024-02-05,FLT-AIR-220,Air filter cartridge 220,Filters,Bremen,HB,0,0,0,9,FLT-AIR-220 · Bremen
2024-02-06,FLT-AIR-220,Air filter cartridge 220,Filters,Bremen,HB,0,0,0,6,FLT-AIR-220 · Bremen
2024-02-07,FLT-AIR-220,Air filter cartridge 220,Filters,Bremen,HB,0,0,0,9,FLT-AIR-220 · Bremen
2024-02-08,FLT-AIR-220,Air filter cartridge 220,Filters,Bremen,HB,0,0,0,8,FLT-AIR-220 · Bremen
2024-02-09,FLT-AIR-220,Air filter cartridge 220,Filters,Bremen,HB,0,0,0,10,FLT-AIR-220 · Bremen
2024-02-10,FLT-AIR-220,Air filter cartridge 220,Filters,Bremen,HB,0,0,0,6,FLT-AIR-220 · Bremen
2024-02-11,FLT-AIR-220,Air filter cartridge 220,Filters,Bremen,HB,0,0,0,4,FLT-AIR-220 · Bremen
2024-02-12,FLT-AIR-220,Air filter cartridge 220,Filters,Bremen,HB,0,0,0,12,FLT-AIR-220 · Bremen
2024-02-13,FLT-AIR-220,Air filter cartridge 220,Filters,Bremen,HB,0,0,0,11,FLT-AIR-220 · Bremen
2024-02-14,FLT-AIR-220,Air filter cartridge 220,Filters,Bremen,HB,0,0,0,10,FLT-AIR-220 · Bremen
2024-02-15,FLT-AIR-220,Air filter cartridge 220,Filters,Bremen,HB,0,0,0,13,FLT-AIR-220 · Bremen
2024-02-16,FLT-AIR-220,Air filter cartridge 220,Filters,Bremen,HB,0,0,0,11,FLT-AIR-220 · Bremen
2024-02-17,FLT-AIR-220,Air filter cartridge 220,Filters,Bremen,HB,0,0,0,6,FLT-AIR-220 · Bremen
2024-02-18,FLT-AIR-220,Air filter cartridge 220,Filters,Bremen,HB,0,0,0,4,FLT-AIR-220 · Bremen
2024-02-19,FLT-AIR-220,Air filter cartridge 220,Filters,Bremen,HB,0,0,0,12,FLT-AIR-220 · Bremen
2024-02-20,FLT-AIR-220,Air filter cartridge 220,Filters,Bremen,HB,0,0,0,10,FLT-AIR-220 · Bremen
2024-02-21,FLT-AIR-220,Air filter cartridge 220,Filters,Bremen,HB,0,0,0,8,FLT-AIR-220 · Bremen
2024-02-22,FLT-AIR-220,Air filter cartridge 220,Filters,Bremen,HB,0,0,0,11,FLT-AIR-220 · Bremen
2024-02-23,FLT-AIR-220,Air filter cartridge 220,Filters,Bremen,HB,0,0,0,12,FLT-AIR-220 · Bremen
2024-02-24,FLT-AIR-220,Air filter cartridge 220,Filters,Bremen,HB,0,0,0,8,FLT-AIR-220 · Bremen
2024-02-25,FLT-AIR-220,Air filter cartridge 220,Filters,Bremen,HB,0,0,0,6,FLT-AIR-220 · Bremen
2024-02-26,FLT-AIR-220,Air filter cartridge 220,Filters,Bremen,HB,0,0,0,14,FLT-AIR-220 · Bremen
2024-02-27,FLT-AIR-220,Air filter cartridge 220,Filters,Bremen,HB,0,0,0,12,FLT-AIR-220 · Bremen
2024-02-28,FLT-AIR-220,Air filter cartridge 220,Filters,Bremen,HB,0,0,0,10,FLT-AIR-220 · Bremen
2024-02-29,FLT-AIR-220,Air filter cartridge 220,Filters,Bremen,HB,0,0,0,9,FLT-AIR-220 · Bremen
2024-03-01,FLT-AIR-220,Air filter cartridge 220,Filters,Bremen,HB,0,0,1,6,FLT-AIR-220 · Bremen
2024-03-02,FLT-AIR-220,Air filter cartridge 220,Filters,Bremen,HB,0,0,1,6,FLT-AIR-220 · Bremen
2024-03-03,FLT-AIR-220,Air filter cartridge 220,Filters,Bremen,HB,0,0,1,8,FLT-AIR-220 · Bremen
2024-03-04,FLT-AIR-220,Air filter cartridge 220,Filters,Bremen,HB,0,0,1,9,FLT-AIR-220 · Bremen
2024-03-05,FLT-AIR-220,Air filter cartridge 220,Filters,Bremen,HB,0,0,1,6,FLT-AIR-220 · Bremen
2024-03-06,FLT-AIR-220,Air filter cartridge 220,Filters,Bremen,HB,0,0,1,9,FLT-AIR-220 · Bremen
2024-03-07,FLT-AIR-220,Air filter cartridge 220,Filters,Bremen,HB,0,0,1,10,FLT-AIR-220 · Bremen
2024-03-08,FLT-AIR-220,Air filter cartridge 220,Filters,Bremen,HB,0,0,0,7,FLT-AIR-220 · Bremen
2024-03-09,FLT-AIR-220,Air filter cartridge 220,Filters,Bremen,HB,0,0,0,6,FLT-AIR-220 · Bremen
2024-03-10,FLT-AIR-220,Air filter cartridge 220,Filters,Bremen,HB,0,0,0,4,FLT-AIR-220 · Bremen
2024-03-11,FLT-AIR-220,Air filter cartridge 220,Filters,Bremen,HB,0,0,0,10,FLT-AIR-220 · Bremen
2024-03-12,FLT-AIR-220,Air filter cartridge 220,Filters,Bremen,HB,0,0,0,11,FLT-AIR-220 · Bremen
2024-03-13,FLT-AIR-220,Air filter cartridge 220,Filters,Bremen,HB,0,0,0,7,FLT-AIR-220 · Bremen
2024-03-14,FLT-AIR-220,Air filter cartridge 220,Filters,Bremen,HB,0,0,0,8,FLT-AIR-220 · Bremen
2024-03-15,FLT-AIR-220,Air filter cartridge 220,Filters,Bremen,HB,0,0,0,8,FLT-AIR-220 · Bremen
2024-03-16,FLT-AIR-220,Air filter cartridge 220,Filters,Bremen,HB,0,0,0,5,FLT-AIR-220 · Bremen
2024-03-17,FLT-AIR-220,Air filter cartridge 220,Filters,Bremen,HB,0,0,0,4,FLT-AIR-220 · Bremen
2024-03-18,FLT-AIR-220,Air filter cartridge 220,Filters,Bremen,HB,0,0,0,10,FLT-AIR-220 · Bremen
2024-03-19,FLT-AIR-220,Air filter cartridge 220,Filters,Bremen,HB,0,0,0,4,FLT-AIR-220 · Bremen
2024-03-20,FLT-AIR-220,Air filter cartridge 220,Filters,Bremen,HB,0,0,0,8,FLT-AIR-220 · Bremen
2024-03-21,FLT-AIR-220,Air filter cartridge 220,Filters,Bremen,HB,0,0,0,8,FLT-AIR-220 · Bremen
2024-03-22,FLT-AIR-220,Air filter cartridge 220,Filters,Bremen,HB,0,0,0,6,FLT-AIR-220 · Bremen
2024-03-23,FLT-AIR-220,Air filter cartridge 220,Filters,Bremen,HB,0,0,0,2,FLT-AIR-220 · Bremen
2024-03-24,FLT-AIR-220,Air filter cartridge 220,Filters,Bremen,HB,0,0,0,3,FLT-AIR-220 · Bremen
2024-03-25,FLT-AIR-220,Air filter cartridge 220,Filters,Bremen,HB,0,0,0,6,FLT-AIR-220 · Bremen
2024-03-26,FLT-AIR-220,Air filter cartridge 220,Filters,Bremen,HB,0,0,0,9,FLT-AIR-220 · Bremen
2024-03-27,FLT-AIR-220,Air filter cartridge 220,Filters,Bremen,HB,0,0,0,7,FLT-AIR-220 · Bremen
2024-03-28,FLT-AIR-220,Air filter cartridge 220,Filters,Bremen,HB,0,0,0,5,FLT-AIR-220 · Bremen
2024-03-29,FLT-AIR-220,Air filter cartridge 220,Filters,Bremen,HB,1,0,0,0,FLT-AIR-220 · Bremen
2024-03-30,FLT-AIR-220,Air filter cartridge 220,Filters,Bremen,HB,0,0,0,5,FLT-AIR-220 · Bremen
2024-03-31,FLT-AIR-220,Air filter cartridge 220,Filters,Bremen,HB,0,0,0,3,FLT-AIR-220 · Bremen
2024-04-01,FLT-AIR-220,Air filter cartridge 220,Filters,Bremen,HB,1,0,0,1,FLT-AIR-220 · Bremen
2024-04-02,FLT-AIR-220,Air filter cartridge 220,Filters,Bremen,HB,0,0,0,7,FLT-AIR-220 · Bremen
2024-04-03,FLT-AIR-220,Air filter cartridge 220,Filters,Bremen,HB,0,0,0,5,FLT-AIR-220 · Bremen
2024-04-04,FLT-AIR-220,Air filter cartridge 220,Filters,Bremen,HB,0,0,0,7,FLT-AIR-220 · Bremen
2024-04-05,FLT-AIR-220,Air filter cartridge 220,Filters,Bremen,HB,0,0,0,7,FLT-AIR-220 · Bremen
2024-04-06,FLT-AIR-220,Air filter cartridge 220,Filters,Bremen,HB,0,0,0,2,FLT-AIR-220 · Bremen
2024-04-07,FLT-AIR-220,Air filter cartridge 220,Filters,Bremen,HB,0,0,0,1,FLT-AIR-220 · Bremen
2024-04-08,FLT-AIR-220,Air filter cartridge 220,Filters,Bremen,HB,0,0,0,9,FLT-AIR-220 · Bremen
2024-04-09,FLT-AIR-220,Air filter cartridge 220,Filters,Bremen,HB,0,0,0,7,FLT-AIR-220 · Bremen
2024-04-10,FLT-AIR-220,Air filter cartridge 220,Filters,Bremen,HB,0,0,0,4,FLT-AIR-220 · Bremen
2024-04-11,FLT-AIR-220,Air filter cartridge 220,Filters,Bremen,HB,0,0,0,4,FLT-AIR-220 · Bremen
2024-04-12,FLT-AIR-220,Air filter cartridge 220,Filters,Bremen,HB,0,0,0,6,FLT-AIR-220 · Bremen
2024-04-13,FLT-AIR-220,Air filter cartridge 220,Filters,Bremen,HB,0,0,0,2,FLT-AIR-220 · Bremen
2024-04-14,FLT-AIR-220,Air filter cartridge 220,Filters,Bremen,HB,0,0,0,2,FLT-AIR-220 · Bremen
2024-04-15,FLT-AIR-220,Air filter cartridge 220,Filters,Bremen,HB,0,0,0,6,FLT-AIR-220 · Bremen
2024-04-16,FLT-AIR-220,Air filter cartridge 220,Filters,Bremen,HB,0,0,0,6,FLT-AIR-220 · Bremen
2024-04-17,FLT-AIR-220,Air filter cartridge 220,Filters,Bremen,HB,0,0,0,7,FLT-AIR-220 · Bremen
2024-04-18,FLT-AIR-220,Air filter cartridge 220,Filters,Bremen,HB,0,0,0,8,FLT-AIR-220 · Bremen
2024-04-19,FLT-AIR-220,Air filter cartridge 220,Filters,Bremen,HB,0,0,0,8,FLT-AIR-220 · Bremen
2024-04-20,FLT-AIR-220,Air filter cartridge 220,Filters,Bremen,HB,0,0,0,2,FLT-AIR-220 · Bremen
2024-04-21,FLT-AIR-220,Air filter cartridge 220,Filters,Bremen,HB,0,0,0,3,FLT-AIR-220 · Bremen
2024-04-22,FLT-AIR-220,Air filter cartridge 220,Filters,Bremen,HB,0,0,0,8,FLT-AIR-220 · Bremen
2024-04-23,FLT-AIR-220,Air filter cartridge 220,Filters,Bremen,HB,0,0,0,5,FLT-AIR-220 · Bremen
2024-04-24,FLT-AIR-220,Air filter cartridge 220,Filters,Bremen,HB,0,0,0,7,FLT-AIR-220 · Bremen
2024-04-25,FLT-AIR-220,Air filter cartridge 220,Filters,Bremen,HB,0,0,0,4,FLT-AIR-220 · Bremen
2024-04-26,FLT-AIR-220,Air filter cartridge 220,Filters,Bremen,HB,0,0,0,5,FLT-AIR-220 · Bremen
2024-04-27,FLT-AIR-220,Air filter cartridge 220,Filters,Bremen,HB,0,0,0,2,FLT-AIR-220 · Bremen
2024-04-28,FLT-AIR-220,Air filter cartridge 220,Filters,Bremen,HB,0,0,0,2,FLT-AIR-220 · Bremen
2024-04-29,FLT-AIR-220,Air filter cartridge 220,Filters,Bremen,HB,0,0,0,5,FLT-AIR-220 · Bremen
2024-04-30,FLT-AIR-220,Air filter cartridge 220,Filters,Bremen,HB,0,0,0,6,FLT-AIR-220 · Bremen
2024-05-01,FLT-AIR-220,Air filter cartridge 220,Filters,Bremen,HB,1,0,0,2,FLT-AIR-220 · Bremen
2024-05-02,FLT-AIR-220,Air filter cartridge 220,Filters,Bremen,HB,0,0,0,5,FLT-AIR-220 · Bremen
2024-05-03,FLT-AIR-220,Air filter cartridge 220,Filters,Bremen,HB,0,0,0,3,FLT-AIR-220 · Bremen
2024-05-04,FLT-AIR-220,Air filter cartridge 220,Filters,Bremen,HB,0,0,0,3,FLT-AIR-220 · Bremen
2024-05-05,FLT-AIR-220,Air filter cartridge 220,Filters,Bremen,HB,0,0,0,3,FLT-AIR-220 · Bremen
2024-05-06,FLT-AIR-220,Air filter cartridge 220,Filters,Bremen,HB,0,0,0,6,FLT-AIR-220 · Bremen
2024-05-07,FLT-AIR-220,Air filter cartridge 220,Filters,Bremen,HB,0,0,0,5,FLT-AIR-220 · Bremen
2024-05-08,FLT-AIR-220,Air filter cartridge 220,Filters,Bremen,HB,0,0,0,7,FLT-AIR-220 · Bremen
2024-05-09,FLT-AIR-220,Air filter cartridge 220,Filters,Bremen,HB,1,0,0,1,FLT-AIR-220 · Bremen
2024-05-10,FLT-AIR-220,Air filter cartridge 220,Filters,Bremen,HB,0,0,0,5,FLT-AIR-220 · Bremen
2024-05-11,FLT-AIR-220,Air filter cartridge 220,Filters,Bremen,HB,0,0,0,3,FLT-AIR-220 · Bremen
2024-05-12,FLT-AIR-220,Air filter cartridge 220,Filters,Bremen,HB,0,0,0,1,FLT-AIR-220 · Bremen
2024-05-13,FLT-AIR-220,Air filter cartridge 220,Filters,Bremen,HB,0,0,0,6,FLT-AIR-220 · Bremen
2024-05-14,FLT-AIR-220,Air filter cartridge 220,Filters,Bremen,HB,0,0,0,6,FLT-AIR-220 · Bremen
2024-05-15,FLT-AIR-220,Air filter cartridge 220,Filters,Bremen,HB,0,0,0,4,FLT-AIR-220 · Bremen
2024-05-16,FLT-AIR-220,Air filter cartridge 220,Filters,Bremen,HB,0,0,0,5,FLT-AIR-220 · Bremen
2024-05-17,FLT-AIR-220,Air filter cartridge 220,Filters,Bremen,HB,0,0,0,5,FLT-AIR-220 · Bremen
2024-05-18,FLT-AIR-220,Air filter cartridge 220,Filters,Bremen,HB,0,0,0,3,FLT-AIR-220 · Bremen
2024-05-19,FLT-AIR-220,Air filter cartridge 220,Filters,Bremen,HB,0,0,0,2,FLT-AIR-220 · Bremen
2024-05-20,FLT-AIR-220,Air filter cartridge 220,Filters,Bremen,HB,1,0,0,1,FLT-AIR-220 · Bremen
2024-05-21,FLT-AIR-220,Air filter cartridge 220,Filters,Bremen,HB,0,0,0,5,FLT-AIR-220 · Bremen
2024-05-22,FLT-AIR-220,Air filter cartridge 220,Filters,Bremen,HB,0,0,0,5,FLT-AIR-220 · Bremen
2024-05-23,FLT-AIR-220,Air filter cartridge 220,Filters,Bremen,HB,0,0,0,4,FLT-AIR-220 · Bremen
2024-05-24,FLT-AIR-220,Air filter cartridge 220,Filters,Bremen,HB,0,0,0,5,FLT-AIR-220 · Bremen
2024-05-25,FLT-AIR-220,Air filter cartridge 220,Filters,Bremen,HB,0,0,0,4,FLT-AIR-220 · Bremen
2024-05-26,FLT-AIR-220,Air filter cartridge 220,Filters,Bremen,HB,0,0,0,3,FLT-AIR-220 · Bremen
2024-05-27,FLT-AIR-220,Air filter cartridge 220,Filters,Bremen,HB,0,0,0,6,FLT-AIR-220 · Bremen
2024-05-28,FLT-AIR-220,Air filter cartridge 220,Filters,Bremen,HB,0,0,0,6,FLT-AIR-220 · Bremen
2024-05-29,FLT-AIR-220,Air filter cartridge 220,Filters,Bremen,HB,0,0,0,8,FLT-AIR-220 · Bremen
2024-05-30,FLT-AIR-220,Air filter cartridge 220,Filters,Bremen,HB,0,0,0,6,FLT-AIR-220 · Bremen
2024-05-31,FLT-AIR-220,Air filter cartridge 220,Filters,Bremen,HB,0,0,0,6,FLT-AIR-220 · Bremen
2024-06-01,FLT-AIR-220,Air filter cartridge 220,Filters,Bremen,HB,0,0,0,4,FLT-AIR-220 · Bremen
2024-06-02,FLT-AIR-220,Air filter cartridge 220,Filters,Bremen,HB,0,0,0,3,FLT-AIR-220 · Bremen
2024-06-03,FLT-AIR-220,Air filter cartridge 220,Filters,Bremen,HB,0,0,0,7,FLT-AIR-220 · Bremen
2024-06-04,FLT-AIR-220,Air filter cartridge 220,Filters,Bremen,HB,0,0,0,6,FLT-AIR-220 · Bremen
2024-06-05,FLT-AIR-220,Air filter cartridge 220,Filters,Bremen,HB,0,0,0,4,FLT-AIR-220 · Bremen
2024-06-06,FLT-AIR-220,Air filter cartridge 220,Filters,Bremen,HB,0,0,0,7,FLT-AIR-220 · Bremen
2024-06-07,FLT-AIR-220,Air filter cartridge 220,Filters,Bremen,HB,0,0,0,7,FLT-AIR-220 · Bremen
2024-06-08,FLT-AIR-220,Air filter cartridge 220,Filters,Bremen,HB,0,0,0,4,FLT-AIR-220 · Bremen
2024-06-09,FLT-AIR-220,Air filter cartridge 220,Filters,Bremen,HB,0,0,0,4,FLT-AIR-220 · Bremen
2024-06-10,FLT-AIR-220,Air filter cartridge 220,Filters,Bremen,HB,0,0,0,6,FLT-AIR-220 · Bremen
2024-06-11,FLT-AIR-220,Air filter cartridge 220,Filters,Bremen,HB,0,0,0,4,FLT-AIR-220 · Bremen
2024-06-12,FLT-AIR-220,Air filter cartridge 220,Filters,Bremen,HB,0,0,0,6,FLT-AIR-220 · Bremen
2024-06-13,FLT-AIR-220,Air filter cartridge 220,Filters,Bremen,HB,0,0,0,4,FLT-AIR-220 · Bremen
2024-06-14,FLT-AIR-220,Air filter cartridge 220,Filters,Bremen,HB,0,0,0,7,FLT-AIR-220 · Bremen
2024-06-15,FLT-AIR-220,Air filter cartridge 220,Filters,Bremen,HB,0,0,0,3,FLT-AIR-220 · Bremen
2024-06-16,FLT-AIR-220,Air filter cartridge 220,Filters,Bremen,HB,0,0,0,4,FLT-AIR-220 · Bremen
2024-06-17,FLT-AIR-220,Air filter cartridge 220,Filters,Bremen,HB,0,0,0,9,FLT-AIR-220 · Bremen
2024-06-18,FLT-AIR-220,Air filter cartridge 220,Filters,Bremen,HB,0,0,0,6,FLT-AIR-220 · Bremen
2024-06-19,FLT-AIR-220,Air filter cartridge 220,Filters,Bremen,HB,0,0,0,6,FLT-AIR-220 · Bremen
2024-06-20,FLT-AIR-220,Air filter cartridge 220,Filters,Bremen,HB,0,0,0,8,FLT-AIR-220 · Bremen
2024-06-21,FLT-AIR-220,Air filter cartridge 220,Filters,Bremen,HB,0,0,0,8,FLT-AIR-220 · Bremen
2024-06-22,FLT-AIR-220,Air filter cartridge 220,Filters,Bremen,HB,0,0,0,2,FLT-AIR-220 · Bremen
2024-06-23,FLT-AIR-220,Air filter cartridge 220,Filters,Bremen,HB,0,0,0,3,FLT-AIR-220 · Bremen
2024-06-24,FLT-AIR-220,Air filter cartridge 220,Filters,Bremen,HB,0,0,0,4,FLT-AIR-220 · Bremen
2024-06-25,FLT-AIR-220,Air filter cartridge 220,Filters,Bremen,HB,0,0,0,7,FLT-AIR-220 · Bremen
2024-06-26,FLT-AIR-220,Air filter cartridge 220,Filters,Bremen,HB,0,0,0,9,FLT-AIR-220 · Bremen
2024-06-27,FLT-AIR-220,Air filter cartridge 220,Filters,Bremen,HB,0,0,0,12,FLT-AIR-220 · Bremen
2024-06-28,FLT-AIR-220,Air filter cartridge 220,Filters,Bremen,HB,0,0,0,7,FLT-AIR-220 · Bremen
2024-06-29,FLT-AIR-220,Air filter cartridge 220,Filters,Bremen,HB,0,0,0,3,FLT-AIR-220 · Bremen
2024-06-30,FLT-AIR-220,Air filter cartridge 220,Filters,Bremen,HB,0,0,0,3,FLT-AIR-220 · Bremen
2024-07-01,FLT-AIR-220,Air filter cartridge 220,Filters,Bremen,HB,0,0,0,9,FLT-AIR-220 · Bremen
2024-07-02,FLT-AIR-220,Air filter cartridge 220,Filters,Bremen,HB,0,0,0,7,FLT-AIR-220 · Bremen
2024-07-03,FLT-AIR-220,Air filter cartridge 220,Filters,Bremen,HB,0,0,0,7,FLT-AIR-220 · Bremen
2024-07-04,FLT-AIR-220,Air filter cartridge 220,Filters,Bremen,HB,0,0,0,8,FLT-AIR-220 · Bremen
2024-07-05,FLT-AIR-220,Air filter cartridge 220,Filters,Bremen,HB,0,0,0,10,FLT-AIR-220 · Bremen
2024-07-06,FLT-AIR-220,Air filter cartridge 220,Filters,Bremen,HB,0,0,0,6,FLT-AIR-220 · Bremen
2024-07-07,FLT-AIR-220,Air filter cartridge 220,Filters,Bremen,HB,0,0,0,3,FLT-AIR-220 · Bremen
2024-07-08,FLT-AIR-220,Air filter cartridge 220,Filters,Bremen,HB,0,0,0,9,FLT-AIR-220 · Bremen
2024-07-09,FLT-AIR-220,Air filter cartridge 220,Filters,Bremen,HB,0,0,0,9,FLT-AIR-220 · Bremen
2024-07-10,FLT-AIR-220,Air filter cartridge 220,Filters,Bremen,HB,0,0,0,8,FLT-AIR-220 · Bremen
2024-07-11,FLT-AIR-220,Air filter cartridge 220,Filters,Bremen,HB,0,0,0,8,FLT-AIR-220 · Bremen
2024-07-12,FLT-AIR-220,Air filter cartridge 220,Filters,Bremen,HB,0,0,0,10,FLT-AIR-220 · Bremen
2024-07-13,FLT-AIR-220,Air filter cartridge 220,Filters,Bremen,HB,0,0,0,5,FLT-AIR-220 · Bremen
2024-07-14,FLT-AIR-220,Air filter cartridge 220,Filters,Bremen,HB,0,0,0,2,FLT-AIR-220 · Bremen
2024-07-15,FLT-AIR-220,Air filter cartridge 220,Filters,Bremen,HB,0,0,0,12,FLT-AIR-220 · Bremen
2024-07-16,FLT-AIR-220,Air filter cartridge 220,Filters,Bremen,HB,0,0,0,11,FLT-AIR-220 · Bremen
2024-07-17,FLT-AIR-220,Air filter cartridge 220,Filters,Bremen,HB,0,0,0,8,FLT-AIR-220 · Bremen
2024-07-18,FLT-AIR-220,Air filter cartridge 220,Filters,Bremen,HB,0,0,0,9,FLT-AIR-220 · Bremen
2024-07-19,FLT-AIR-220,Air filter cartridge 220,Filters,Bremen,HB,0,0,0,9,FLT-AIR-220 · Bremen
2024-07-20,FLT-AIR-220,Air filter cartridge 220,Filters,Bremen,HB,0,0,0,8,FLT-AIR-220 · Bremen
2024-07-21,FLT-AIR-220,Air filter cartridge 220,Filters,Bremen,HB,0,0,0,4,FLT-AIR-220 · Bremen
2024-07-22,FLT-AIR-220,Air filter cartridge 220,Filters,Bremen,HB,0,0,0,11,FLT-AIR-220 · Bremen
2024-07-23,FLT-AIR-220,Air filter cartridge 220,Filters,Bremen,HB,0,0,0,11,FLT-AIR-220 · Bremen
2024-07-24,FLT-AIR-220,Air filter cartridge 220,Filters,Bremen,HB,0,0,0,9,FLT-AIR-220 · Bremen
2024-07-25,FLT-AIR-220,Air filter cartridge 220,Filters,Bremen,HB,0,0,0,14,FLT-AIR-220 · Bremen
2024-07-26,FLT-AIR-220,Air filter cartridge 220,Filters,Bremen,HB,0,0,0,13,FLT-AIR-220 · Bremen
2024-07-27,FLT-AIR-220,Air filter cartridge 220,Filters,Bremen,HB,0,0,0,6,FLT-AIR-220 · Bremen
2024-07-28,FLT-AIR-220,Air filter cartridge 220,Filters,Bremen,HB,0,0,0,6,FLT-AIR-220 · Bremen
2024-07-29,FLT-AIR-220,Air filter cartridge 220,Filters,Bremen,HB,0,0,0,14,FLT-AIR-220 · Bremen
2024-07-30,FLT-AIR-220,Air filter cartridge 220,Filters,Bremen,HB,0,0,0,13,FLT-AIR-220 · Bremen
2024-07-31,FLT-AIR-220,Air filter cartridge 220,Filters,Bremen,HB,0,0,0,16,FLT-AIR-220 · Bremen
2024-08-01,FLT-AIR-220,Air filter cartridge 220,Filters,Bremen,HB,0,0,0,19,FLT-AIR-220 · Bremen
2024-08-02,FLT-AIR-220,Air filter cartridge 220,Filters,Bremen,HB,0,0,0,12,FLT-AIR-220 · Bremen
2024-08-03,FLT-AIR-220,Air filter cartridge 220,Filters,Bremen,HB,0,0,0,7,FLT-AIR-220 · Bremen
2024-08-04,FLT-AIR-220,Air filter cartridge 220,Filters,Bremen,HB,0,0,0,4,FLT-AIR-220 · Bremen
2024-08-05,FLT-AIR-220,Air filter cartridge 220,Filters,Bremen,HB,0,1,0,0,FLT-AIR-220 · Bremen
2024-08-06,FLT-AIR-220,Air filter cartridge 220,Filters,Bremen,HB,0,1,0,3,FLT-AIR-220 · Bremen
2024-08-07,FLT-AIR-220,Air filter cartridge 220,Filters,Bremen,HB,0,1,0,2,FLT-AIR-220 · Bremen
2024-08-08,FLT-AIR-220,Air filter cartridge 220,Filters,Bremen,HB,0,1,0,3,FLT-AIR-220 · Bremen
2024-08-09,FLT-AIR-220,Air filter cartridge 220,Filters,Bremen,HB,0,1,0,6,FLT-AIR-220 · Bremen
2024-08-10,FLT-AIR-220,Air filter cartridge 220,Filters,Bremen,HB,0,1,0,1,FLT-AIR-220 · Bremen
2024-08-11,FLT-AIR-220,Air filter cartridge 220,Filters,Bremen,HB,0,1,0,1,FLT-AIR-220 · Bremen
2024-08-12,FLT-AIR-220,Air filter cartridge 220,Filters,Bremen,HB,0,1,0,4,FLT-AIR-220 · Bremen
2024-08-13,FLT-AIR-220,Air filter cartridge 220,Filters,Bremen,HB,0,1,0,3,FLT-AIR-220 · Bremen
2024-08-14,FLT-AIR-220,Air filter cartridge 220,Filters,Bremen,HB,0,1,0,2,FLT-AIR-220 · Bremen
2024-08-15,FLT-AIR-220,Air filter cartridge 220,Filters,Bremen,HB,0,1,0,2,FLT-AIR-220 · Bremen
2024-08-16,FLT-AIR-220,Air filter cartridge 220,Filters,Bremen,HB,0,1,0,2,FLT-AIR-220 · Bremen
2024-08-17,FLT-AIR-220,Air filter cartridge 220,Filters,Bremen,HB,0,1,0,3,FLT-AIR-220 · Bremen
2024-08-18,FLT-AIR-220,Air filter cartridge 220,Filters,Bremen,HB,0,1,0,2,FLT-AIR-220 · Bremen
2024-08-19,FLT-AIR-220,Air filter cartridge 220,Filters,Bremen,HB,0,0,0,15,FLT-AIR-220 · Bremen
2024-08-20,FLT-AIR-220,Air filter cartridge 220,Filters,Bremen,HB,0,0,0,18,FLT-AIR-220 · Bremen
2024-08-21,FLT-AIR-220,Air filter cartridge 220,Filters,Bremen,HB,0,0,0,18,FLT-AIR-220 · Bremen
2024-08-22,FLT-AIR-220,Air filter cartridge 220,Filters,Bremen,HB,0,0,0,15,FLT-AIR-220 · Bremen
2024-08-23,FLT-AIR-220,Air filter cartridge 220,Filters,Bremen,HB,0,0,0,19,FLT-AIR-220 · Bremen
2024-08-24,FLT-AIR-220,Air filter cartridge 220,Filters,Bremen,HB,0,0,0,9,FLT-AIR-220 · Bremen
2024-08-25,FLT-AIR-220,Air filter cartridge 220,Filters,Bremen,HB,0,0,0,8,FLT-AIR-220 · Bremen
2024-08-26,FLT-AIR-220,Air filter cartridge 220,Filters,Bremen,HB,0,0,0,15,FLT-AIR-220 · Bremen
2024-08-27,FLT-AIR-220,Air filter cartridge 220,Filters,Bremen,HB,0,0,0,18,FLT-AIR-220 · Bremen
2024-08-28,FLT-AIR-220,Air filter cartridge 220,Filters,Bremen,HB,0,0,0,15,FLT-AIR-220 · Bremen
2024-08-29,FLT-AIR-220,Air filter cartridge 220,Filters,Bremen,HB,0,0,0,17,FLT-AIR-220 · Bremen
2024-08-30,FLT-AIR-220,Air filter cartridge 220,Filters,Bremen,HB,0,0,0,20,FLT-AIR-220 · Bremen
2024-08-31,FLT-AIR-220,Air filter cartridge 220,Filters,Bremen,HB,0,0,0,12,FLT-AIR-220 · Bremen
2024-09-01,FLT-AIR-220,Air filter cartridge 220,Filters,Bremen,HB,0,0,1,8,FLT-AIR-220 · Bremen
2024-09-02,FLT-AIR-220,Air filter cartridge 220,Filters,Bremen,HB,0,0,1,15,FLT-AIR-220 · Bremen
2024-09-03,FLT-AIR-220,Air filter cartridge 220,Filters,Bremen,HB,0,0,1,17,FLT-AIR-220 · Bremen
2024-09-04,FLT-AIR-220,Air filter cartridge 220,Filters,Bremen,HB,0,0,1,13,FLT-AIR-220 · Bremen
2024-09-05,FLT-AIR-220,Air filter cartridge 220,Filters,Bremen,HB,0,0,1,17,FLT-AIR-220 · Bremen
2024-09-06,FLT-AIR-220,Air filter cartridge 220,Filters,Bremen,HB,0,0,1,17,FLT-AIR-220 · Bremen
2024-09-07,FLT-AIR-220,Air filter cartridge 220,Filters,Bremen,HB,0,0,1,10,FLT-AIR-220 · Bremen
2024-09-08,FLT-AIR-220,Air filter cartridge 220,Filters,Bremen,HB,0,0,0,10,FLT-AIR-220 · Bremen
2024-09-09,FLT-AIR-220,Air filter cartridge 220,Filters,Bremen,HB,0,0,0,21,FLT-AIR-220 · Bremen
2024-09-10,FLT-AIR-220,Air filter cartridge 220,Filters,Bremen,HB,0,0,0,17,FLT-AIR-220 · Bremen
2024-09-11,FLT-AIR-220,Air filter cartridge 220,Filters,Bremen,HB,0,0,0,18,FLT-AIR-220 · Bremen
2024-09-12,FLT-AIR-220,Air filter cartridge 220,Filters,Bremen,HB,0,0,0,15,FLT-AIR-220 · Bremen
2024-09-13,FLT-AIR-220,Air filter cartridge 220,Filters,Bremen,HB,0,0,0,16,FLT-AIR-220 · Bremen
2024-09-14,FLT-AIR-220,Air filter cartridge 220,Filters,Bremen,HB,0,0,0,9,FLT-AIR-220 · Bremen
2024-09-15,FLT-AIR-220,Air filter cartridge 220,Filters,Bremen,HB,0,0,0,7,FLT-AIR-220 · Bremen
2024-09-16,FLT-AIR-220,Air filter cartridge 220,Filters,Bremen,HB,0,0,0,17,FLT-AIR-220 · Bremen
2024-09-17,FLT-AIR-220,Air filter cartridge 220,Filters,Bremen,HB,0,0,0,13,FLT-AIR-220 · Bremen
2024-09-18,FLT-AIR-220,Air filter cartridge 220,Filters,Bremen,HB,0,0,0,18,FLT-AIR-220 · Bremen
2024-09-19,FLT-AIR-220,Air filter cartridge 220,Filters,Bremen,HB,0,0,0,19,FLT-AIR-220 · Bremen
2024-09-20,FLT-AIR-220,Air filter cartridge 220,Filters,Bremen,HB,0,0,0,16,FLT-AIR-220 · Bremen
2024-09-21,FLT-AIR-220,Air filter cartridge 220,Filters,Bremen,HB,0,0,0,6,FLT-AIR-220 · Bremen
2024-09-22,FLT-AIR-220,Air filter cartridge 220,Filters,Bremen,HB,0,0,0,7,FLT-AIR-220 · Bremen
2024-09-23,FLT-AIR-220,Air filter cartridge 220,Filters,Bremen,HB,0,0,0,14,FLT-AIR-220 · Bremen
2024-09-24,FLT-AIR-220,Air filter cartridge 220,Filters,Bremen,HB,0,0,0,16,FLT-AIR-220 · Bremen
2024-09-25,FLT-AIR-220,Air filter cartridge 220,Filters,Bremen,HB,0,0,0,20,FLT-AIR-220 · Bremen
2024-09-26,FLT-AIR-220,Air filter cartridge 220,Filters,Bremen,HB,0,0,0,11,FLT-AIR-220 · Bremen
2024-09-27,FLT-AIR-220,Air filter cartridge 220,Filters,Bremen,HB,0,0,0,15,FLT-AIR-220 · Bremen
2024-09-28,FLT-AIR-220,Air filter cartridge 220,Filters,Bremen,HB,0,0,0,13,FLT-AIR-220 · Bremen
2024-09-29,FLT-AIR-220,Air filter cartridge 220,Filters,Bremen,HB,0,0,0,8,FLT-AIR-220 · Bremen
2024-09-30,FLT-AIR-220,Air filter cartridge 220,Filters,Bremen,HB,0,0,0,17,FLT-AIR-220 · Bremen
2024-10-01,FLT-AIR-220,Air filter cartridge 220,Filters,Bremen,HB,0,0,0,23,FLT-AIR-220 · Bremen
2024-10-02,FLT-AIR-220,Air filter cartridge 220,Filters,Bremen,HB,0,0,0,19,FLT-AIR-220 · Bremen
2024-10-03,FLT-AIR-220,Air filter cartridge 220,Filters,Bremen,HB,1,0,0,3,FLT-AIR-220 · Bremen
2024-10-04,FLT-AIR-220,Air filter cartridge 220,Filters,Bremen,HB,0,0,0,20,FLT-AIR-220 · Bremen
2024-10-05,FLT-AIR-220,Air filter cartridge 220,Filters,Bremen,HB,0,0,0,12,FLT-AIR-220 · Bremen
2024-10-06,FLT-AIR-220,Air filter cartridge 220,Filters,Bremen,HB,0,0,0,11,FLT-AIR-220 · Bremen
2024-10-07,FLT-AIR-220,Air filter cartridge 220,Filters,Bremen,HB,0,0,0,24,FLT-AIR-220 · Bremen
2024-10-08,FLT-AIR-220,Air filter cartridge 220,Filters,Bremen,HB,0,0,0,15,FLT-AIR-220 · Bremen
2024-10-09,FLT-AIR-220,Air filter cartridge 220,Filters,Bremen,HB,0,0,0,19,FLT-AIR-220 · Bremen
2024-10-10,FLT-AIR-220,Air filter cartridge 220,Filters,Bremen,HB,0,0,0,19,FLT-AIR-220 · Bremen
2024-10-11,FLT-AIR-220,Air filter cartridge 220,Filters,Bremen,HB,0,0,0,18,FLT-AIR-220 · Bremen
2024-10-12,FLT-AIR-220,Air filter cartridge 220,Filters,Bremen,HB,0,0,0,14,FLT-AIR-220 · Bremen
2024-10-13,FLT-AIR-220,Air filter cartridge 220,Filters,Bremen,HB,0,0,0,9,FLT-AIR-220 · Bremen
2024-10-14,FLT-AIR-220,Air filter cartridge 220,Filters,Bremen,HB,0,0,0,25,FLT-AIR-220 · Bremen
2024-10-15,FLT-AIR-220,Air filter cartridge 220,Filters,Bremen,HB,0,0,0,23,FLT-AIR-220 · Bremen
2024-10-16,FLT-AIR-220,Air filter cartridge 220,Filters,Bremen,HB,0,0,0,24,FLT-AIR-220 · Bremen
2024-10-17,FLT-AIR-220,Air filter cartridge 220,Filters,Bremen,HB,0,0,0,17,FLT-AIR-220 · Bremen
2024-10-18,FLT-AIR-220,Air filter cartridge 220,Filters,Bremen,HB,0,0,0,17,FLT-AIR-220 · Bremen
2024-10-19,FLT-AIR-220,Air filter cartridge 220,Filters,Bremen,HB,0,0,0,11,FLT-AIR-220 · Bremen
2024-10-20,FLT-AIR-220,Air filter cartridge 220,Filters,Bremen,HB,0,0,0,11,FLT-AIR-220 · Bremen
2024-10-21,FLT-AIR-220,Air filter cartridge 220,Filters,Bremen,HB,0,0,0,18,FLT-AIR-220 · Bremen
2024-10-22,FLT-AIR-220,Air filter cartridge 220,Filters,Bremen,HB,0,0,0,17,FLT-AIR-220 · Bremen
2024-10-23,FLT-AIR-220,Air filter cartridge 220,Filters,Bremen,HB,0,0,0,17,FLT-AIR-220 · Bremen
2024-10-24,FLT-AIR-220,Air filter cartridge 220,Filters,Bremen,HB,0,0,0,26,FLT-AIR-220 · Bremen
2024-10-25,FLT-AIR-220,Air filter cartridge 220,Filters,Bremen,HB,0,0,0,19,FLT-AIR-220 · Bremen
2024-10-26,FLT-AIR-220,Air filter cartridge 220,Filters,Bremen,HB,0,0,0,14,FLT-AIR-220 · Bremen
2024-10-27,FLT-AIR-220,Air filter cartridge 220,Filters,Bremen,HB,0,0,0,7,FLT-AIR-220 · Bremen
2024-10-28,FLT-AIR-220,Air filter cartridge 220,Filters,Bremen,HB,0,0,0,23,FLT-AIR-220 · Bremen
2024-10-29,FLT-AIR-220,Air filter cartridge 220,Filters,Bremen,HB,0,0,0,16,FLT-AIR-220 · Bremen
2024-10-30,FLT-AIR-220,Air filter cartridge 220,Filters,Bremen,HB,0,0,0,18,FLT-AIR-220 · Bremen
2024-10-31,FLT-AIR-220,Air filter cartridge 220,Filters,Bremen,HB,1,0,0,2,FLT-AIR-220 · Bremen
2024-11-01,FLT-AIR-220,Air filter cartridge 220,Filters,Bremen,HB,0,0,0,20,FLT-AIR-220 · Bremen
2024-11-02,FLT-AIR-220,Air filter cartridge 220,Filters,Bremen,HB,0,0,0,12,FLT-AIR-220 · Bremen
2024-11-03,FLT-AIR-220,Air filter cartridge 220,Filters,Bremen,HB,0,0,0,13,FLT-AIR-220 · Bremen
2024-11-04,FLT-AIR-220,Air filter cartridge 220,Filters,Bremen,HB,0,0,0,24,FLT-AIR-220 · Bremen
2024-11-05,FLT-AIR-220,Air filter cartridge 220,Filters,Bremen,HB,0,0,0,21,FLT-AIR-220 · Bremen
2024-11-06,FLT-AIR-220,Air filter cartridge 220,Filters,Bremen,HB,0,0,0,25,FLT-AIR-220 · Bremen
2024-11-07,FLT-AIR-220,Air filter cartridge 220,Filters,Bremen,HB,0,0,0,20,FLT-AIR-220 · Bremen
2024-11-08,FLT-AIR-220,Air filter cartridge 220,Filters,Bremen,HB,0,0,0,19,FLT-AIR-220 · Bremen
2024-11-09,FLT-AIR-220,Air filter cartridge 220,Filters,Bremen,HB,0,0,0,15,FLT-AIR-220 · Bremen
2024-11-10,FLT-AIR-220,Air filter cartridge 220,Filters,Bremen,HB,0,0,0,5,FLT-AIR-220 · Bremen
2024-11-11,FLT-AIR-220,Air filter cartridge 220,Filters,Bremen,HB,0,0,0,22,FLT-AIR-220 · Bremen
2024-11-12,FLT-AIR-220,Air filter cartridge 220,Filters,Bremen,HB,0,0,0,19,FLT-AIR-220 · Bremen
2024-11-13,FLT-AIR-220,Air filter cartridge 220,Filters,Bremen,HB,0,0,0,18,FLT-AIR-220 · Bremen
2024-11-14,FLT-AIR-220,Air filter cartridge 220,Filters,Bremen,HB,0,0,0,24,FLT-AIR-220 · Bremen
2024-11-15,FLT-AIR-220,Air filter cartridge 220,Filters,Bremen,HB,0,0,0,17,FLT-AIR-220 · Bremen
2024-11-16,FLT-AIR-220,Air filter cartridge 220,Filters,Bremen,HB,0,0,0,14,FLT-AIR-220 · Bremen
2024-11-17,FLT-AIR-220,Air filter cartridge 220,Filters,Bremen,HB,0,0,0,9,FLT-AIR-220 · Bremen
2024-11-18,FLT-AIR-220,Air filter cartridge 220,Filters,Bremen,HB,0,0,0,19,FLT-AIR-220 · Bremen
2024-11-19,FLT-AIR-220,Air filter cartridge 220,Filters,Bremen,HB,0,0,0,17,FLT-AIR-220 · Bremen
2024-11-20,FLT-AIR-220,Air filter cartridge 220,Filters,Bremen,HB,0,0,0,18,FLT-AIR-220 · Bremen
2024-11-21,FLT-AIR-220,Air filter cartridge 220,Filters,Bremen,HB,0,0,0,22,FLT-AIR-220 · Bremen
2024-11-22,FLT-AIR-220,Air filter cartridge 220,Filters,Bremen,HB,0,0,0,20,FLT-AIR-220 · Bremen
2024-11-23,FLT-AIR-220,Air filter cartridge 220,Filters,Bremen,HB,0,0,0,11,FLT-AIR-220 · Bremen
2024-11-24,FLT-AIR-220,Air filter cartridge 220,Filters,Bremen,HB,0,0,0,7,FLT-AIR-220 · Bremen
2024-11-25,FLT-AIR-220,Air filter cartridge 220,Filters,Bremen,HB,0,0,0,17,FLT-AIR-220 · Bremen
2024-11-26,FLT-AIR-220,Air filter cartridge 220,Filters,Bremen,HB,0,0,0,21,FLT-AIR-220 · Bremen
2024-11-27,FLT-AIR-220,Air filter cartridge 220,Filters,Bremen,HB,0,0,0,22,FLT-AIR-220 · Bremen
2024-11-28,FLT-AIR-220,Air filter cartridge 220,Filters,Bremen,HB,0,0,0,20,FLT-AIR-220 · Bremen
2024-11-29,FLT-AIR-220,Air filter cartridge 220,Filters,Bremen,HB,0,0,0,15,FLT-AIR-220 · Bremen
2024-11-30,FLT-AIR-220,Air filter cartridge 220,Filters,Bremen,HB,0,0,0,13,FLT-AIR-220 · Bremen
2024-12-01,FLT-AIR-220,Air filter cartridge 220,Filters,Bremen,HB,0,0,0,11,FLT-AIR-220 · Bremen
2024-12-02,FLT-AIR-220,Air filter cartridge 220,Filters,Bremen,HB,0,0,0,21,FLT-AIR-220 · Bremen
2024-12-03,FLT-AIR-220,Air filter cartridge 220,Filters,Bremen,HB,0,0,0,25,FLT-AIR-220 · Bremen
2024-12-04,FLT-AIR-220,Air filter cartridge 220,Filters,Bremen,HB,0,0,0,17,FLT-AIR-220 · Bremen
2024-12-05,FLT-AIR-220,Air filter cartridge 220,Filters,Bremen,HB,0,0,0,21,FLT-AIR-220 · Bremen
2024-12-06,FLT-AIR-220,Air filter cartridge 220,Filters,Bremen,HB,0,0,0,16,FLT-AIR-220 · Bremen
2024-12-07,FLT-AIR-220,Air filter cartridge 220,Filters,Bremen,HB,0,0,0,15,FLT-AIR-220 · Bremen
2024-12-08,FLT-AIR-220,Air filter cartridge 220,Filters,Bremen,HB,0,0,0,10,FLT-AIR-220 · Bremen
2024-12-09,FLT-AIR-220,Air filter cartridge 220,Filters,Bremen,HB,0,0,0,25,FLT-AIR-220 · Bremen
2024-12-10,FLT-AIR-220,Air filter cartridge 220,Filters,Bremen,HB,0,0,0,21,FLT-AIR-220 · Bremen
2024-12-11,FLT-AIR-220,Air filter cartridge 220,Filters,Bremen,HB,0,0,0,19,FLT-AIR-220 · Bremen
2024-12-12,FLT-AIR-220,Air filter cartridge 220,Filters,Bremen,HB,0,0,0,18,FLT-AIR-220 · Bremen
2024-12-13,FLT-AIR-220,Air filter cartridge 220,Filters,Bremen,HB,0,0,0,18,FLT-AIR-220 · Bremen
2024-12-14,FLT-AIR-220,Air filter cartridge 220,Filters,Bremen,HB,0,0,0,11,FLT-AIR-220 · Bremen
2024-12-15,FLT-AIR-220,Air filter cartridge 220,Filters,Bremen,HB,0,0,0,11,FLT-AIR-220 · Bremen
2024-12-16,FLT-AIR-220,Air filter cartridge 220,Filters,Bremen,HB,0,0,0,24,FLT-AIR-220 · Bremen
2024-12-17,FLT-AIR-220,Air filter cartridge 220,Filters,Bremen,HB,0,0,0,16,FLT-AIR-220 · Bremen
2024-12-18,FLT-AIR-220,Air filter cartridge 220,Filters,Bremen,HB,0,0,0,19,FLT-AIR-220 · Bremen
2024-12-19,FLT-AIR-220,Air filter cartridge 220,Filters,Bremen,HB,0,0,0,18,FLT-AIR-220 · Bremen
2024-12-20,FLT-AIR-220,Air filter cartridge 220,Filters,Bremen,HB,0,0,0,16,FLT-AIR-220 · Bremen
2024-12-21,FLT-AIR-220,Air filter cartridge 220,Filters,Bremen,HB,0,0,0,12,FLT-AIR-220 · Bremen
2024-12-22,FLT-AIR-220,Air filter cartridge 220,Filters,Bremen,HB,0,0,0,11,FLT-AIR-220 · Bremen
2024-12-23,FLT-AIR-220,Air filter cartridge 220,Filters,Bremen,HB,0,0,0,21,FLT-AIR-220 · Bremen
2024-12-24,FLT-AIR-220,Air filter cartridge 220,Filters,Bremen,HB,0,1,0,5,FLT-AIR-220 · Bremen
2024-12-25,FLT-AIR-220,Air filter cartridge 220,Filters,Bremen,HB,1,1,0,0,FLT-AIR-220 · Bremen
2024-12-26,FLT-AIR-220,Air filter cartridge 220,Filters,Bremen,HB,1,1,0,0,FLT-AIR-220 · Bremen
2024-12-27,FLT-AIR-220,Air filter cartridge 220,Filters,Bremen,HB,0,1,0,2,FLT-AIR-220 · Bremen
2024-12-28,FLT-AIR-220,Air filter cartridge 220,Filters,Bremen,HB,0,1,0,2,FLT-AIR-220 · Bremen
2024-12-29,FLT-AIR-220,Air filter cartridge 220,Filters,Bremen,HB,0,1,0,2,FLT-AIR-220 · Bremen
2024-12-30,FLT-AIR-220,Air filter cartridge 220,Filters,Bremen,HB,0,1,0,4,FLT-AIR-220 · Bremen
2024-12-31,FLT-AIR-220,Air filter cartridge 220,Filters,Bremen,HB,0,1,0,4,FLT-AIR-220 · Bremen
2023-01-01,FLT-HYD-010,Hydraulic filter 10 μm,Filters,Augsburg,BY,1,1,0,0,FLT-HYD-010 · Augsburg
2023-01-02,FLT-HYD-010,Hydraulic filter 10 μm,Filters,Augsburg,BY,0,1,0,0,FLT-HYD-010 · Augsburg
2023-01-03,FLT-HYD-010,Hydraulic filter 10 μm,Filters,Augsburg,BY,0,0,0,2,FLT-HYD-010 · Augsburg
2023-01-04,FLT-HYD-010,Hydraulic filter 10 μm,Filters,Augsburg,BY,0,0,0,3,FLT-HYD-010 · Augsburg
2023-01-05,FLT-HYD-010,Hydraulic filter 10 μm,Filters,Augsburg,BY,0,0,0,1,FLT-HYD-010 · Augsburg
2023-01-06,FLT-HYD-010,Hydraulic filter 10 μm,Filters,Augsburg,BY,1,0,0,0,FLT-HYD-010 · Augsburg
2023-01-07,FLT-HYD-010,Hydraulic filter 10 μm,Filters,Augsburg,BY,0,0,0,0,FLT-HYD-010 · Augsburg
2023-01-08,FLT-HYD-010,Hydraulic filter 10 μm,Filters,Augsburg,BY,0,0,0,2,FLT-HYD-010 · Augsburg
2023-01-09,FLT-HYD-010,Hydraulic filter 10 μm,Filters,Augsburg,BY,0,0,0,2,FLT-HYD-010 · Augsburg
2023-01-10,FLT-HYD-010,Hydraulic filter 10 μm,Filters,Augsburg,BY,0,0,0,1,FLT-HYD-010 · Augsburg
2023-01-11,FLT-HYD-010,Hydraulic filter 10 μm,Filters,Augsburg,BY,0,0,0,1,FLT-HYD-010 · Augsburg
2023-01-12,FLT-HYD-010,Hydraulic filter 10 μm,Filters,Augsburg,BY,0,0,0,1,FLT-HYD-010 · Augsburg
2023-01-13,FLT-HYD-010,Hydraulic filter 10 μm,Filters,Augsburg,BY,0,0,0,2,FLT-HYD-010 · Augsburg
2023-01-14,FLT-HYD-010,Hydraulic filter 10 μm,Filters,Augsburg,BY,0,0,0,1,FLT-HYD-010 · Augsburg
2023-01-15,FLT-HYD-010,Hydraulic filter 10 μm,Filters,Augsburg,BY,0,0,0,0,FLT-HYD-010 · Augsburg
2023-01-16,FLT-HYD-010,Hydraulic filter 10 μm,Filters,Augsburg,BY,0,0,0,2,FLT-HYD-010 · Augsburg
2023-01-17,FLT-HYD-010,Hydraulic filter 10 μm,Filters,Augsburg,BY,0,0,0,1,FLT-HYD-010 · Augsburg
2023-01-18,FLT-HYD-010,Hydraulic filter 10 μm,Filters,Augsburg,BY,0,0,0,1,FLT-HYD-010 · Augsburg
2023-01-19,FLT-HYD-010,Hydraulic filter 10 μm,Filters,Augsburg,BY,0,0,0,1,FLT-HYD-010 · Augsburg
2023-01-20,FLT-HYD-010,Hydraulic filter 10 μm,Filters,Augsburg,BY,0,0,0,2,FLT-HYD-010 · Augsburg
2023-01-21,FLT-HYD-010,Hydraulic filter 10 μm,Filters,Augsburg,BY,0,0,0,2,FLT-HYD-010 · Augsburg
2023-01-22,FLT-HYD-010,Hydraulic filter 10 μm,Filters,Augsburg,BY,0,0,0,1,FLT-HYD-010 · Augsburg
2023-01-23,FLT-HYD-010,Hydraulic filter 10 μm,Filters,Augsburg,BY,0,0,0,2,FLT-HYD-010 · Augsburg
2023-01-24,FLT-HYD-010,Hydraulic filter 10 μm,Filters,Augsburg,BY,0,0,0,1,FLT-HYD-010 · Augsburg
2023-01-25,FLT-HYD-010,Hydraulic filter 10 μm,Filters,Augsburg,BY,0,0,0,1,FLT-HYD-010 · Augsburg
2023-01-26,FLT-HYD-010,Hydraulic filter 10 μm,Filters,Augsburg,BY,0,0,0,2,FLT-HYD-010 · Augsburg
2023-01-27,FLT-HYD-010,Hydraulic filter 10 μm,Filters,Augsburg,BY,0,0,0,1,FLT-HYD-010 · Augsburg
2023-01-28,FLT-HYD-010,Hydraulic filter 10 μm,Filters,Augsburg,BY,0,0,0,0,FLT-HYD-010 · Augsburg
2023-01-29,FLT-HYD-010,Hydraulic filter 10 μm,Filters,Augsburg,BY,0,0,0,0,FLT-HYD-010 · Augsburg
2023-01-30,FLT-HYD-010,Hydraulic filter 10 μm,Filters,Augsburg,BY,0,0,0,1,FLT-HYD-010 · Augsburg
2023-01-31,FLT-HYD-010,Hydraulic filter 10 μm,Filters,Augsburg,BY,0,0,0,1,FLT-HYD-010 · Augsburg
2023-02-01,FLT-HYD-010,Hydraulic filter 10 μm,Filters,Augsburg,BY,0,0,0,2,FLT-HYD-010 · Augsburg
2023-02-02,FLT-HYD-010,Hydraulic filter 10 μm,Filters,Augsburg,BY,0,0,0,2,FLT-HYD-010 · Augsburg
2023-02-03,FLT-HYD-010,Hydraulic filter 10 μm,Filters,Augsburg,BY,0,0,0,2,FLT-HYD-010 · Augsburg
2023-02-04,FLT-HYD-010,Hydraulic filter 10 μm,Filters,Augsburg,BY,0,0,0,1,FLT-HYD-010 · Augsburg
2023-02-05,FLT-HYD-010,Hydraulic filter 10 μm,Filters,Augsburg,BY,0,0,0,1,FLT-HYD-010 · Augsburg
2023-02-06,FLT-HYD-010,Hydraulic filter 10 μm,Filters,Augsburg,BY,0,0,0,1,FLT-HYD-010 · Augsburg
2023-02-07,FLT-HYD-010,Hydraulic filter 10 μm,Filters,Augsburg,BY,0,0,0,1,FLT-HYD-010 · Augsburg
2023-02-08,FLT-HYD-010,Hydraulic filter 10 μm,Filters,Augsburg,BY,0,0,0,1,FLT-HYD-010 · Augsburg
2023-02-09,FLT-HYD-010,Hydraulic filter 10 μm,Filters,Augsburg,BY,0,0,0,1,FLT-HYD-010 · Augsburg
2023-02-10,FLT-HYD-010,Hydraulic filter 10 μm,Filters,Augsburg,BY,0,0,0,1,FLT-HYD-010 · Augsburg
2023-02-11,FLT-HYD-010,Hydraulic filter 10 μm,Filters,Augsburg,BY,0,0,0,2,FLT-HYD-010 · Augsburg
2023-02-12,FLT-HYD-010,Hydraulic filter 10 μm,Filters,Augsburg,BY,0,0,0,3,FLT-HYD-010 · Augsburg
2023-02-13,FLT-HYD-010,Hydraulic filter 10 μm,Filters,Augsburg,BY,0,0,0,12,FLT-HYD-010 · Augsburg
2023-02-14,FLT-HYD-010,Hydraulic filter 10 μm,Filters,Augsburg,BY,0,0,0,17,FLT-HYD-010 · Augsburg
2023-02-15,FLT-HYD-010,Hydraulic filter 10 μm,Filters,Augsburg,BY,0,0,0,29,FLT-HYD-010 · Augsburg
2023-02-16,FLT-HYD-010,Hydraulic filter 10 μm,Filters,Augsburg,BY,0,0,0,33,FLT-HYD-010 · Augsburg
2023-02-17,FLT-HYD-010,Hydraulic filter 10 μm,Filters,Augsburg,BY,0,0,0,27,FLT-HYD-010 · Augsburg
2023-02-18,FLT-HYD-010,Hydraulic filter 10 μm,Filters,Augsburg,BY,0,0,0,21,FLT-HYD-010 · Augsburg
2023-02-19,FLT-HYD-010,Hydraulic filter 10 μm,Filters,Augsburg,BY,0,0,0,15,FLT-HYD-010 · Augsburg
2023-02-20,FLT-HYD-010,Hydraulic filter 10 μm,Filters,Augsburg,BY,0,0,0,15,FLT-HYD-010 · Augsburg
2023-02-21,FLT-HYD-010,Hydraulic filter 10 μm,Filters,Augsburg,BY,0,0,0,11,FLT-HYD-010 · Augsburg
2023-02-22,FLT-HYD-010,Hydraulic filter 10 μm,Filters,Augsburg,BY,0,0,0,8,FLT-HYD-010 · Augsburg
2023-02-23,FLT-HYD-010,Hydraulic filter 10 μm,Filters,Augsburg,BY,0,0,0,2,FLT-HYD-010 · Augsburg
2023-02-24,FLT-HYD-010,Hydraulic filter 10 μm,Filters,Augsburg,BY,0,0,0,2,FLT-HYD-010 · Augsburg
2023-02-25,FLT-HYD-010,Hydraulic filter 10 μm,Filters,Augsburg,BY,0,0,0,0,FLT-HYD-010 · Augsburg
2023-02-26,FLT-HYD-010,Hydraulic filter 10 μm,Filters,Augsburg,BY,0,0,0,2,FLT-HYD-010 · Augsburg
2023-02-27,FLT-HYD-010,Hydraulic filter 10 μm,Filters,Augsburg,BY,0,0,0,1,FLT-HYD-010 · Augsburg
2023-02-28,FLT-HYD-010,Hydraulic filter 10 μm,Filters,Augsburg,BY,0,0,0,2,FLT-HYD-010 · Augsburg
2023-03-01,FLT-HYD-010,Hydraulic filter 10 μm,Filters,Augsburg,BY,0,0,1,2,FLT-HYD-010 · Augsburg
2023-03-02,FLT-HYD-010,Hydraulic filter 10 μm,Filters,Augsburg,BY,0,0,1,2,FLT-HYD-010 · Augsburg
2023-03-03,FLT-HYD-010,Hydraulic filter 10 μm,Filters,Augsburg,BY,0,0,1,1,FLT-HYD-010 · Augsburg
2023-03-04,FLT-HYD-010,Hydraulic filter 10 μm,Filters,Augsburg,BY,0,0,1,1,FLT-HYD-010 · Augsburg
2023-03-05,FLT-HYD-010,Hydraulic filter 10 μm,Filters,Augsburg,BY,0,0,1,1,FLT-HYD-010 · Augsburg
2023-03-06,FLT-HYD-010,Hydraulic filter 10 μm,Filters,Augsburg,BY,0,0,1,1,FLT-HYD-010 · Augsburg
2023-03-07,FLT-HYD-010,Hydraulic filter 10 μm,Filters,Augsburg,BY,0,0,1,0,FLT-HYD-010 · Augsburg
2023-03-08,FLT-HYD-010,Hydraulic filter 10 μm,Filters,Augsburg,BY,0,0,0,1,FLT-HYD-010 · Augsburg
2023-03-09,FLT-HYD-010,Hydraulic filter 10 μm,Filters,Augsburg,BY,0,0,0,0,FLT-HYD-010 · Augsburg
2023-03-10,FLT-HYD-010,Hydraulic filter 10 μm,Filters,Augsburg,BY,0,0,0,2,FLT-HYD-010 · Augsburg
2023-03-11,FLT-HYD-010,Hydraulic filter 10 μm,Filters,Augsburg,BY,0,0,0,1,FLT-HYD-010 · Augsburg
2023-03-12,FLT-HYD-010,Hydraulic filter 10 μm,Filters,Augsburg,BY,0,0,0,0,FLT-HYD-010 · Augsburg
2023-03-13,FLT-HYD-010,Hydraulic filter 10 μm,Filters,Augsburg,BY,0,0,0,1,FLT-HYD-010 · Augsburg
2023-03-14,FLT-HYD-010,Hydraulic filter 10 μm,Filters,Augsburg,BY,0,0,0,0,FLT-HYD-010 · Augsburg
2023-03-15,FLT-HYD-010,Hydraulic filter 10 μm,Filters,Augsburg,BY,0,0,0,1,FLT-HYD-010 · Augsburg
2023-03-16,FLT-HYD-010,Hydraulic filter 10 μm,Filters,Augsburg,BY,0,0,0,2,FLT-HYD-010 · Augsburg
2023-03-17,FLT-HYD-010,Hydraulic filter 10 μm,Filters,Augsburg,BY,0,0,0,3,FLT-HYD-010 · Augsburg
2023-03-18,FLT-HYD-010,Hydraulic filter 10 μm,Filters,Augsburg,BY,0,0,0,1,FLT-HYD-010 · Augsburg
2023-03-19,FLT-HYD-010,Hydraulic filter 10 μm,Filters,Augsburg,BY,0,0,0,1,FLT-HYD-010 · Augsburg
2023-03-20,FLT-HYD-010,Hydraulic filter 10 μm,Filters,Augsburg,BY,0,0,0,1,FLT-HYD-010 · Augsburg
2023-03-21,FLT-HYD-010,Hydraulic filter 10 μm,Filters,Augsburg,BY,0,0,0,1,FLT-HYD-010 · Augsburg
2023-03-22,FLT-HYD-010,Hydraulic filter 10 μm,Filters,Augsburg,BY,0,0,0,3,FLT-HYD-010 · Augsburg
2023-03-23,FLT-HYD-010,Hydraulic filter 10 μm,Filters,Augsburg,BY,0,0,0,1,FLT-HYD-010 · Augsburg
2023-03-24,FLT-HYD-010,Hydraulic filter 10 μm,Filters,Augsburg,BY,0,0,0,2,FLT-HYD-010 · Augsburg
2023-03-25,FLT-HYD-010,Hydraulic filter 10 μm,Filters,Augsburg,BY,0,0,0,2,FLT-HYD-010 · Augsburg
2023-03-26,FLT-HYD-010,Hydraulic filter 10 μm,Filters,Augsburg,BY,0,0,0,0,FLT-HYD-010 · Augsburg
2023-03-27,FLT-HYD-010,Hydraulic filter 10 μm,Filters,Augsburg,BY,0,0,0,1,FLT-HYD-010 · Augsburg
2023-03-28,FLT-HYD-010,Hydraulic filter 10 μm,Filters,Augsburg,BY,0,0,0,1,FLT-HYD-010 · Augsburg
2023-03-29,FLT-HYD-010,Hydraulic filter 10 μm,Filters,Augsburg,BY,0,0,0,1,FLT-HYD-010 · Augsburg
2023-03-30,FLT-HYD-010,Hydraulic filter 10 μm,Filters,Augsburg,BY,0,0,0,1,FLT-HYD-010 · Augsburg
2023-03-31,FLT-HYD-010,Hydraulic filter 10 μm,Filters,Augsburg,BY,0,0,0,3,FLT-HYD-010 · Augsburg
2023-04-01,FLT-HYD-010,Hydraulic filter 10 μm,Filters,Augsburg,BY,0,0,0,0,FLT-HYD-010 · Augsburg
2023-04-02,FLT-HYD-010,Hydraulic filter 10 μm,Filters,Augsburg,BY,0,0,0,1,FLT-HYD-010 · Augsburg
2023-04-03,FLT-HYD-010,Hydraulic filter 10 μm,Filters,Augsburg,BY,0,0,0,2,FLT-HYD-010 · Augsburg
2023-04-04,FLT-HYD-010,Hydraulic filter 10 μm,Filters,Augsburg,BY,0,0,0,1,FLT-HYD-010 · Augsburg
2023-04-05,FLT-HYD-010,Hydraulic filter 10 μm,Filters,Augsburg,BY,0,0,0,1,FLT-HYD-010 · Augsburg
2023-04-06,FLT-HYD-010,Hydraulic filter 10 μm,Filters,Augsburg,BY,0,0,0,1,FLT-HYD-010 · Augsburg
2023-04-07,FLT-HYD-010,Hydraulic filter 10 μm,Filters,Augsburg,BY,1,0,0,0,FLT-HYD-010 · Augsburg
2023-04-08,FLT-HYD-010,Hydraulic filter 10 μm,Filters,Augsburg,BY,0,0,0,2,FLT-HYD-010 · Augsburg
2023-04-09,FLT-HYD-010,Hydraulic filter 10 μm,Filters,Augsburg,BY,0,0,0,3,FLT-HYD-010 · Augsburg
2023-04-10,FLT-HYD-010,Hydraulic filter 10 μm,Filters,Augsburg,BY,1,0,0,2,FLT-HYD-010 · Augsburg
2023-04-11,FLT-HYD-010,Hydraulic filter 10 μm,Filters,Augsburg,BY,0,0,0,21,FLT-HYD-010 · Augsburg
2023-04-12,FLT-HYD-010,Hydraulic filter 10 μm,Filters,Augsburg,BY,0,0,0,30,FLT-HYD-010 · Augsburg
2023-04-13,FLT-HYD-010,Hydraulic filter 10 μm,Filters,Augsburg,BY,0,0,0,35,FLT-HYD-010 · Augsburg
2023-04-14,FLT-HYD-010,Hydraulic filter 10 μm,Filters,Augsburg,BY,0,0,0,33,FLT-HYD-010 · Augsburg
2023-04-15,FLT-HYD-010,Hydraulic filter 10 μm,Filters,Augsburg,BY,0,0,0,20,FLT-HYD-010 · Augsburg
2023-04-16,FLT-HYD-010,Hydraulic filter 10 μm,Filters,Augsburg,BY,0,0,0,13,FLT-HYD-010 · Augsburg
2023-04-17,FLT-HYD-010,Hydraulic filter 10 μm,Filters,Augsburg,BY,0,0,0,20,FLT-HYD-010 · Augsburg
2023-04-18,FLT-HYD-010,Hydraulic filter 10 μm,Filters,Augsburg,BY,0,0,0,10,FLT-HYD-010 · Augsburg
2023-04-19,FLT-HYD-010,Hydraulic filter 10 μm,Filters,Augsburg,BY,0,0,0,4,FLT-HYD-010 · Augsburg
2023-04-20,FLT-HYD-010,Hydraulic filter 10 μm,Filters,Augsburg,BY,0,0,0,2,FLT-HYD-010 · Augsburg
2023-04-21,FLT-HYD-010,Hydraulic filter 10 μm,Filters,Augsburg,BY,0,0,0,1,FLT-HYD-010 · Augsburg
2023-04-22,FLT-HYD-010,Hydraulic filter 10 μm,Filters,Augsburg,BY,0,0,0,1,FLT-HYD-010 · Augsburg
2023-04-23,FLT-HYD-010,Hydraulic filter 10 μm,Filters,Augsburg,BY,0,0,0,0,FLT-HYD-010 · Augsburg
2023-04-24,FLT-HYD-010,Hydraulic filter 10 μm,Filters,Augsburg,BY,0,0,0,1,FLT-HYD-010 · Augsburg
2023-04-25,FLT-HYD-010,Hydraulic filter 10 μm,Filters,Augsburg,BY,0,0,0,1,FLT-HYD-010 · Augsburg
2023-04-26,FLT-HYD-010,Hydraulic filter 10 μm,Filters,Augsburg,BY,0,0,0,1,FLT-HYD-010 · Augsburg
2023-04-27,FLT-HYD-010,Hydraulic filter 10 μm,Filters,Augsburg,BY,0,0,0,2,FLT-HYD-010 · Augsburg
2023-04-28,FLT-HYD-010,Hydraulic filter 10 μm,Filters,Augsburg,BY,0,0,0,2,FLT-HYD-010 · Augsburg
2023-04-29,FLT-HYD-010,Hydraulic filter 10 μm,Filters,Augsburg,BY,0,0,0,1,FLT-HYD-010 · Augsburg
2023-04-30,FLT-HYD-010,Hydraulic filter 10 μm,Filters,Augsburg,BY,0,0,0,0,FLT-HYD-010 · Augsburg
2023-05-01,FLT-HYD-010,Hydraulic filter 10 μm,Filters,Augsburg,BY,1,0,0,0,FLT-HYD-010 · Augsburg
2023-05-02,FLT-HYD-010,Hydraulic filter 10 μm,Filters,Augsburg,BY,0,0,0,1,FLT-HYD-010 · Augsburg
2023-05-03,FLT-HYD-010,Hydraulic filter 10 μm,Filters,Augsburg,BY,0,0,0,1,FLT-HYD-010 · Augsburg
2023-05-04,FLT-HYD-010,Hydraulic filter 10 μm,Filters,Augsburg,BY,0,0,0,2,FLT-HYD-010 · Augsburg
2023-05-05,FLT-HYD-010,Hydraulic filter 10 μm,Filters,Augsburg,BY,0,0,0,2,FLT-HYD-010 · Augsburg
2023-05-06,FLT-HYD-010,Hydraulic filter 10 μm,Filters,Augsburg,BY,0,0,0,1,FLT-HYD-010 · Augsburg
2023-05-07,FLT-HYD-010,Hydraulic filter 10 μm,Filters,Augsburg,BY,0,0,0,1,FLT-HYD-010 · Augsburg
2023-05-08,FLT-HYD-010,Hydraulic filter 10 μm,Filters,Augsburg,BY,0,0,0,0,FLT-HYD-010 · Augsburg
2023-05-09,FLT-HYD-010,Hydraulic filter 10 μm,Filters,Augsburg,BY,0,0,0,2,FLT-HYD-010 · Augsburg
2023-05-10,FLT-HYD-010,Hydraulic filter 10 μm,Filters,Augsburg,BY,0,0,0,2,FLT-HYD-010 · Augsburg
2023-05-11,FLT-HYD-010,Hydraulic filter 10 μm,Filters,Augsburg,BY,0,0,0,2,FLT-HYD-010 · Augsburg
2023-05-12,FLT-HYD-010,Hydraulic filter 10 μm,Filters,Augsburg,BY,0,0,0,1,FLT-HYD-010 · Augsburg
2023-05-13,FLT-HYD-010,Hydraulic filter 10 μm,Filters,Augsburg,BY,0,0,0,1,FLT-HYD-010 · Augsburg
2023-05-14,FLT-HYD-010,Hydraulic filter 10 μm,Filters,Augsburg,BY,0,0,0,0,FLT-HYD-010 · Augsburg
2023-05-15,FLT-HYD-010,Hydraulic filter 10 μm,Filters,Augsburg,BY,0,0,0,1,FLT-HYD-010 · Augsburg
2023-05-16,FLT-HYD-010,Hydraulic filter 10 μm,Filters,Augsburg,BY,0,0,0,1,FLT-HYD-010 · Augsburg
2023-05-17,FLT-HYD-010,Hydraulic filter 10 μm,Filters,Augsburg,BY,0,0,0,2,FLT-HYD-010 · Augsburg
2023-05-18,FLT-HYD-010,Hydraulic filter 10 μm,Filters,Augsburg,BY,1,0,0,0,FLT-HYD-010 · Augsburg
2023-05-19,FLT-HYD-010,Hydraulic filter 10 μm,Filters,Augsburg,BY,0,0,0,1,FLT-HYD-010 · Augsburg
2023-05-20,FLT-HYD-010,Hydraulic filter 10 μm,Filters,Augsburg,BY,0,0,0,2,FLT-HYD-010 · Augsburg
2023-05-21,FLT-HYD-010,Hydraulic filter 10 μm,Filters,Augsburg,BY,0,0,0,0,FLT-HYD-010 · Augsburg
2023-05-22,FLT-HYD-010,Hydraulic filter 10 μm,Filters,Augsburg,BY,0,0,0,1,FLT-HYD-010 · Augsburg
2023-05-23,FLT-HYD-010,Hydraulic filter 10 μm,Filters,Augsburg,BY,0,0,0,1,FLT-HYD-010 · Augsburg
2023-05-24,FLT-HYD-010,Hydraulic filter 10 μm,Filters,Augsburg,BY,0,0,0,2,FLT-HYD-010 · Augsburg
2023-05-25,FLT-HYD-010,Hydraulic filter 10 μm,Filters,Augsburg,BY,0,0,0,1,FLT-HYD-010 · Augsburg
2023-05-26,FLT-HYD-010,Hydraulic filter 10 μm,Filters,Augsburg,BY,0,0,0,1,FLT-HYD-010 · Augsburg
2023-05-27,FLT-HYD-010,Hydraulic filter 10 μm,Filters,Augsburg,BY,0,0,0,1,FLT-HYD-010 · Augsburg
2023-05-28,FLT-HYD-010,Hydraulic filter 10 μm,Filters,Augsburg,BY,0,0,0,0,FLT-HYD-010 · Augsburg
2023-05-29,FLT-HYD-010,Hydraulic filter 10 μm,Filters,Augsburg,BY,1,0,0,1,FLT-HYD-010 · Augsburg
2023-05-30,FLT-HYD-010,Hydraulic filter 10 μm,Filters,Augsburg,BY,0,0,0,2,FLT-HYD-010 · Augsburg
2023-05-31,FLT-HYD-010,Hydraulic filter 10 μm,Filters,Augsburg,BY,0,0,0,2,FLT-HYD-010 · Augsburg
2023-06-01,FLT-HYD-010,Hydraulic filter 10 μm,Filters,Augsburg,BY,0,0,0,1,FLT-HYD-010 · Augsburg
2023-06-02,FLT-HYD-010,Hydraulic filter 10 μm,Filters,Augsburg,BY,0,0,0,4,FLT-HYD-010 · Augsburg
2023-06-03,FLT-HYD-010,Hydraulic filter 10 μm,Filters,Augsburg,BY,0,0,0,3,FLT-HYD-010 · Augsburg
2023-06-04,FLT-HYD-010,Hydraulic filter 10 μm,Filters,Augsburg,BY,0,0,0,3,FLT-HYD-010 · Augsburg
2023-06-05,FLT-HYD-010,Hydraulic filter 10 μm,Filters,Augsburg,BY,0,0,0,9,FLT-HYD-010 · Augsburg
2023-06-06,FLT-HYD-010,Hydraulic filter 10 μm,Filters,Augsburg,BY,0,0,0,31,FLT-HYD-010 · Augsburg
2023-06-07,FLT-HYD-010,Hydraulic filter 10 μm,Filters,Augsburg,BY,0,0,0,28,FLT-HYD-010 · Augsburg
2023-06-08,FLT-HYD-010,Hydraulic filter 10 μm,Filters,Augsburg,BY,1,0,0,6,FLT-HYD-010 · Augsburg
2023-06-09,FLT-HYD-010,Hydraulic filter 10 μm,Filters,Augsburg,BY,0,0,0,38,FLT-HYD-010 · Augsburg
2023-06-10,FLT-HYD-010,Hydraulic filter 10 μm,Filters,Augsburg,BY,0,0,0,22,FLT-HYD-010 · Augsburg
2023-06-11,FLT-HYD-010,Hydraulic filter 10 μm,Filters,Augsburg,BY,0,0,0,9,FLT-HYD-010 · Augsburg
2023-06-12,FLT-HYD-010,Hydraulic filter 10 μm,Filters,Augsburg,BY,0,0,0,18,FLT-HYD-010 · Augsburg
2023-06-13,FLT-HYD-010,Hydraulic filter 10 μm,Filters,Augsburg,BY,0,0,0,8,FLT-HYD-010 · Augsburg
2023-06-14,FLT-HYD-010,Hydraulic filter 10 μm,Filters,Augsburg,BY,0,0,0,3,FLT-HYD-010 · Augsburg
2023-06-15,FLT-HYD-010,Hydraulic filter 10 μm,Filters,Augsburg,BY,0,0,0,3,FLT-HYD-010 · Augsburg
2023-06-16,FLT-HYD-010,Hydraulic filter 10 μm,Filters,Augsburg,BY,0,0,0,2,FLT-HYD-010 · Augsburg
2023-06-17,FLT-HYD-010,Hydraulic filter 10 μm,Filters,Augsburg,BY,0,0,0,1,FLT-HYD-010 · Augsburg
2023-06-18,FLT-HYD-010,Hydraulic filter 10 μm,Filters,Augsburg,BY,0,0,0,1,FLT-HYD-010 · Augsburg
2023-06-19,FLT-HYD-010,Hydraulic filter 10 μm,Filters,Augsburg,BY,0,0,0,2,FLT-HYD-010 · Augsburg
2023-06-20,FLT-HYD-010,Hydraulic filter 10 μm,Filters,Augsburg,BY,0,0,0,1,FLT-HYD-010 · Augsburg
2023-06-21,FLT-HYD-010,Hydraulic filter 10 μm,Filters,Augsburg,BY,0,0,0,1,FLT-HYD-010 · Augsburg
2023-06-22,FLT-HYD-010,Hydraulic filter 10 μm,Filters,Augsburg,BY,0,0,0,0,FLT-HYD-010 · Augsburg
2023-06-23,FLT-HYD-010,Hydraulic filter 10 μm,Filters,Augsburg,BY,0,0,0,0,FLT-HYD-010 · Augsburg
2023-06-24,FLT-HYD-010,Hydraulic filter 10 μm,Filters,Augsburg,BY,0,0,0,1,FLT-HYD-010 · Augsburg
2023-06-25,FLT-HYD-010,Hydraulic filter 10 μm,Filters,Augsburg,BY,0,0,0,0,FLT-HYD-010 · Augsburg
2023-06-26,FLT-HYD-010,Hydraulic filter 10 μm,Filters,Augsburg,BY,0,0,0,2,FLT-HYD-010 · Augsburg
2023-06-27,FLT-HYD-010,Hydraulic filter 10 μm,Filters,Augsburg,BY,0,0,0,2,FLT-HYD-010 · Augsburg
2023-06-28,FLT-HYD-010,Hydraulic filter 10 μm,Filters,Augsburg,BY,0,0,0,1,FLT-HYD-010 · Augsburg
2023-06-29,FLT-HYD-010,Hydraulic filter 10 μm,Filters,Augsburg,BY,0,0,0,2,FLT-HYD-010 · Augsburg
2023-06-30,FLT-HYD-010,Hydraulic filter 10 μm,Filters,Augsburg,BY,0,0,0,1,FLT-HYD-010 · Augsburg
2023-07-01,FLT-HYD-010,Hydraulic filter 10 μm,Filters,Augsburg,BY,0,0,0,0,FLT-HYD-010 · Augsburg
2023-07-02,FLT-HYD-010,Hydraulic filter 10 μm,Filters,Augsburg,BY,0,0,0,1,FLT-HYD-010 · Augsburg
2023-07-03,FLT-HYD-010,Hydraulic filter 10 μm,Filters,Augsburg,BY,0,0,0,1,FLT-HYD-010 · Augsburg
2023-07-04,FLT-HYD-010,Hydraulic filter 10 μm,Filters,Augsburg,BY,0,0,0,1,FLT-HYD-010 · Augsburg
2023-07-05,FLT-HYD-010,Hydraulic filter 10 μm,Filters,Augsburg,BY,0,0,0,3,FLT-HYD-010 · Augsburg
2023-07-06,FLT-HYD-010,Hydraulic filter 10 μm,Filters,Augsburg,BY,0,0,0,0,FLT-HYD-010 · Augsburg
2023-07-07,FLT-HYD-010,Hydraulic filter 10 μm,Filters,Augsburg,BY,0,0,0,1,FLT-HYD-010 · Augsburg
2023-07-08,FLT-HYD-010,Hydraulic filter 10 μm,Filters,Augsburg,BY,0,0,0,0,FLT-HYD-010 · Augsburg
2023-07-09,FLT-HYD-010,Hydraulic filter 10 μm,Filters,Augsburg,BY,0,0,0,1,FLT-HYD-010 · Augsburg
2023-07-10,FLT-HYD-010,Hydraulic filter 10 μm,Filters,Augsburg,BY,0,0,0,2,FLT-HYD-010 · Augsburg
2023-07-11,FLT-HYD-010,Hydraulic filter 10 μm,Filters,Augsburg,BY,0,0,0,2,FLT-HYD-010 · Augsburg
2023-07-12,FLT-HYD-010,Hydraulic filter 10 μm,Filters,Augsburg,BY,0,0,0,1,FLT-HYD-010 · Augsburg
2023-07-13,FLT-HYD-010,Hydraulic filter 10 μm,Filters,Augsburg,BY,0,0,0,1,FLT-HYD-010 · Augsburg
2023-07-14,FLT-HYD-010,Hydraulic filter 10 μm,Filters,Augsburg,BY,0,0,0,2,FLT-HYD-010 · Augsburg
2023-07-15,FLT-HYD-010,Hydraulic filter 10 μm,Filters,Augsburg,BY,0,0,0,3,FLT-HYD-010 · Augsburg
2023-07-16,FLT-HYD-010,Hydraulic filter 10 μm,Filters,Augsburg,BY,0,0,0,1,FLT-HYD-010 · Augsburg
2023-07-17,FLT-HYD-010,Hydraulic filter 10 μm,Filters,Augsburg,BY,0,0,0,1,FLT-HYD-010 · Augsburg
2023-07-18,FLT-HYD-010,Hydraulic filter 10 μm,Filters,Augsburg,BY,0,0,0,2,FLT-HYD-010 · Augsburg
2023-07-19,FLT-HYD-010,Hydraulic filter 10 μm,Filters,Augsburg,BY,0,0,0,3,FLT-HYD-010 · Augsburg
2023-07-20,FLT-HYD-010,Hydraulic filter 10 μm,Filters,Augsburg,BY,0,0,0,1,FLT-HYD-010 · Augsburg
2023-07-21,FLT-HYD-010,Hydraulic filter 10 μm,Filters,Augsburg,BY,0,0,0,2,FLT-HYD-010 · Augsburg
2023-07-22,FLT-HYD-010,Hydraulic filter 10 μm,Filters,Augsburg,BY,0,0,0,0,FLT-HYD-010 · Augsburg
2023-07-23,FLT-HYD-010,Hydraulic filter 10 μm,Filters,Augsburg,BY,0,0,0,1,FLT-HYD-010 · Augsburg
2023-07-24,FLT-HYD-010,Hydraulic filter 10 μm,Filters,Augsburg,BY,0,0,0,2,FLT-HYD-010 · Augsburg
2023-07-25,FLT-HYD-010,Hydraulic filter 10 μm,Filters,Augsburg,BY,0,0,0,2,FLT-HYD-010 · Augsburg
2023-07-26,FLT-HYD-010,Hydraulic filter 10 μm,Filters,Augsburg,BY,0,0,0,1,FLT-HYD-010 · Augsburg
2023-07-27,FLT-HYD-010,Hydraulic filter 10 μm,Filters,Augsburg,BY,0,0,0,1,FLT-HYD-010 · Augsburg
2023-07-28,FLT-HYD-010,Hydraulic filter 10 μm,Filters,Augsburg,BY,0,0,0,3,FLT-HYD-010 · Augsburg
2023-07-29,FLT-HYD-010,Hydraulic filter 10 μm,Filters,Augsburg,BY,0,0,0,3,FLT-HYD-010 · Augsburg
2023-07-30,FLT-HYD-010,Hydraulic filter 10 μm,Filters,Augsburg,BY,0,0,0,4,FLT-HYD-010 · Augsburg
2023-07-31,FLT-HYD-010,Hydraulic filter 10 μm,Filters,Augsburg,BY,0,0,0,15,FLT-HYD-010 · Augsburg
2023-08-01,FLT-HYD-010,Hydraulic filter 10 μm,Filters,Augsburg,BY,0,0,0,20,FLT-HYD-010 · Augsburg
2023-08-02,FLT-HYD-010,Hydraulic filter 10 μm,Filters,Augsburg,BY,0,0,0,27,FLT-HYD-010 · Augsburg
2023-08-03,FLT-HYD-010,Hydraulic filter 10 μm,Filters,Augsburg,BY,0,0,0,38,FLT-HYD-010 · Augsburg
2023-08-04,FLT-HYD-010,Hydraulic filter 10 μm,Filters,Augsburg,BY,0,0,0,37,FLT-HYD-010 · Augsburg
2023-08-05,FLT-HYD-010,Hydraulic filter 10 μm,Filters,Augsburg,BY,0,0,0,19,FLT-HYD-010 · Augsburg
2023-08-06,FLT-HYD-010,Hydraulic filter 10 μm,Filters,Augsburg,BY,0,0,0,10,FLT-HYD-010 · Augsburg
2023-08-07,FLT-HYD-010,Hydraulic filter 10 μm,Filters,Augsburg,BY,0,1,0,4,FLT-HYD-010 · Augsburg
2023-08-08,FLT-HYD-010,Hydraulic filter 10 μm,Filters,Augsburg,BY,0,1,0,2,FLT-HYD-010 · Augsburg
2023-08-09,FLT-HYD-010,Hydraulic filter 10 μm,Filters,Augsburg,BY,0,1,0,1,FLT-HYD-010 · Augsburg
2023-08-10,FLT-HYD-010,Hydraulic filter 10 μm,Filters,Augsburg,BY,0,1,0,1,FLT-HYD-010 · Augsburg
2023-08-11,FLT-HYD-010,Hydraulic filter 10 μm,Filters,Augsburg,BY,0,1,0,1,FLT-HYD-010 · Augsburg
2023-08-12,FLT-HYD-010,Hydraulic filter 10 μm,Filters,Augsburg,BY,0,1,0,1,FLT-HYD-010 · Augsburg
2023-08-13,FLT-HYD-010,Hydraulic filter 10 μm,Filters,Augsburg,BY,0,1,0,0,FLT-HYD-010 · Augsburg
2023-08-14,FLT-HYD-010,Hydraulic filter 10 μm,Filters,Augsburg,BY,0,1,0,0,FLT-HYD-010 · Augsburg
2023-08-15,FLT-HYD-010,Hydraulic filter 10 μm,Filters,Augsburg,BY,0,1,0,1,FLT-HYD-010 · Augsburg
2023-08-16,FLT-HYD-010,Hydraulic filter 10 μm,Filters,Augsburg,BY,0,1,0,0,FLT-HYD-010 · Augsburg
2023-08-17,FLT-HYD-010,Hydraulic filter 10 μm,Filters,Augsburg,BY,0,1,0,0,FLT-HYD-010 · Augsburg
2023-08-18,FLT-HYD-010,Hydraulic filter 10 μm,Filters,Augsburg,BY,0,1,0,0,FLT-HYD-010 · Augsburg
2023-08-19,FLT-HYD-010,Hydraulic filter 10 μm,Filters,Augsburg,BY,0,1,0,0,FLT-HYD-010 · Augsburg
2023-08-20,FLT-HYD-010,Hydraulic filter 10 μm,Filters,Augsburg,BY,0,1,0,1,FLT-HYD-010 · Augsburg
2023-08-21,FLT-HYD-010,Hydraulic filter 10 μm,Filters,Augsburg,BY,0,0,0,3,FLT-HYD-010 · Augsburg
2023-08-22,FLT-HYD-010,Hydraulic filter 10 μm,Filters,Augsburg,BY,0,0,0,1,FLT-HYD-010 · Augsburg
2023-08-23,FLT-HYD-010,Hydraulic filter 10 μm,Filters,Augsburg,BY,0,0,0,2,FLT-HYD-010 · Augsburg
2023-08-24,FLT-HYD-010,Hydraulic filter 10 μm,Filters,Augsburg,BY,0,0,0,2,FLT-HYD-010 · Augsburg
2023-08-25,FLT-HYD-010,Hydraulic filter 10 μm,Filters,Augsburg,BY,0,0,0,2,FLT-HYD-010 · Augsburg
2023-08-26,FLT-HYD-010,Hydraulic filter 10 μm,Filters,Augsburg,BY,0,0,0,1,FLT-HYD-010 · Augsburg
2023-08-27,FLT-HYD-010,Hydraulic filter 10 μm,Filters,Augsburg,BY,0,0,0,1,FLT-HYD-010 · Augsburg
2023-08-28,FLT-HYD-010,Hydraulic filter 10 μm,Filters,Augsburg,BY,0,0,0,3,FLT-HYD-010 · Augsburg
2023-08-29,FLT-HYD-010,Hydraulic filter 10 μm,Filters,Augsburg,BY,0,0,0,2,FLT-HYD-010 · Augsburg
2023-08-30,FLT-HYD-010,Hydraulic filter 10 μm,Filters,Augsburg,BY,0,0,0,1,FLT-HYD-010 · Augsburg
2023-08-31,FLT-HYD-010,Hydraulic filter 10 μm,Filters,Augsburg,BY,0,0,0,2,FLT-HYD-010 · Augsburg
2023-09-01,FLT-HYD-010,Hydraulic filter 10 μm,Filters,Augsburg,BY,0,0,1,2,FLT-HYD-010 · Augsburg
2023-09-02,FLT-HYD-010,Hydraulic filter 10 μm,Filters,Augsburg,BY,0,0,1,1,FLT-HYD-010 · Augsburg
2023-09-03,FLT-HYD-010,Hydraulic filter 10 μm,Filters,Augsburg,BY,0,0,1,1,FLT-HYD-010 · Augsburg
2023-09-04,FLT-HYD-010,Hydraulic filter 10 μm,Filters,Augsburg,BY,0,0,1,2,FLT-HYD-010 · Augsburg
2023-09-05,FLT-HYD-010,Hydraulic filter 10 μm,Filters,Augsburg,BY,0,0,1,2,FLT-HYD-010 · Augsburg
2023-09-06,FLT-HYD-010,Hydraulic filter 10 μm,Filters,Augsburg,BY,0,0,1,2,FLT-HYD-010 · Augsburg
2023-09-07,FLT-HYD-010,Hydraulic filter 10 μm,Filters,Augsburg,BY,0,0,1,0,FLT-HYD-010 · Augsburg
2023-09-08,FLT-HYD-010,Hydraulic filter 10 μm,Filters,Augsburg,BY,0,0,0,1,FLT-HYD-010 · Augsburg
2023-09-09,FLT-HYD-010,Hydraulic filter 10 μm,Filters,Augsburg,BY,0,0,0,1,FLT-HYD-010 · Augsburg
2023-09-10,FLT-HYD-010,Hydraulic filter 10 μm,Filters,Augsburg,BY,0,0,0,0,FLT-HYD-010 · Augsburg
2023-09-11,FLT-HYD-010,Hydraulic filter 10 μm,Filters,Augsburg,BY,0,0,0,2,FLT-HYD-010 · Augsburg
2023-09-12,FLT-HYD-010,Hydraulic filter 10 μm,Filters,Augsburg,BY,0,0,0,2,FLT-HYD-010 · Augsburg
2023-09-13,FLT-HYD-010,Hydraulic filter 10 μm,Filters,Augsburg,BY,0,0,0,1,FLT-HYD-010 · Augsburg
2023-09-14,FLT-HYD-010,Hydraulic filter 10 μm,Filters,Augsburg,BY,0,0,0,1,FLT-HYD-010 · Augsburg
2023-09-15,FLT-HYD-010,Hydraulic filter 10 μm,Filters,Augsburg,BY,0,0,0,2,FLT-HYD-010 · Augsburg
2023-09-16,FLT-HYD-010,Hydraulic filter 10 μm,Filters,Augsburg,BY,0,0,0,1,FLT-HYD-010 · Augsburg
2023-09-17,FLT-HYD-010,Hydraulic filter 10 μm,Filters,Augsburg,BY,0,0,0,0,FLT-HYD-010 · Augsburg
2023-09-18,FLT-HYD-010,Hydraulic filter 10 μm,Filters,Augsburg,BY,0,0,0,2,FLT-HYD-010 · Augsburg
2023-09-19,FLT-HYD-010,Hydraulic filter 10 μm,Filters,Augsburg,BY,0,0,0,2,FLT-HYD-010 · Augsburg
2023-09-20,FLT-HYD-010,Hydraulic filter 10 μm,Filters,Augsburg,BY,0,0,0,0,FLT-HYD-010 · Augsburg
2023-09-21,FLT-HYD-010,Hydraulic filter 10 μm,Filters,Augsburg,BY,0,0,0,2,FLT-HYD-010 · Augsburg
2023-09-22,FLT-HYD-010,Hydraulic filter 10 μm,Filters,Augsburg,BY,0,0,0,2,FLT-HYD-010 · Augsburg
2023-09-23,FLT-HYD-010,Hydraulic filter 10 μm,Filters,Augsburg,BY,0,0,0,2,FLT-HYD-010 · Augsburg
2023-09-24,FLT-HYD-010,Hydraulic filter 10 μm,Filters,Augsburg,BY,0,0,0,2,FLT-HYD-010 · Augsburg
2023-09-25,FLT-HYD-010,Hydraulic filter 10 μm,Filters,Augsburg,BY,0,0,0,11,FLT-HYD-010 · Augsburg
2023-09-26,FLT-HYD-010,Hydraulic filter 10 μm,Filters,Augsburg,BY,0,0,0,23,FLT-HYD-010 · Augsburg
2023-09-27,FLT-HYD-010,Hydraulic filter 10 μm,Filters,Augsburg,BY,0,0,0,26,FLT-HYD-010 · Augsburg
2023-09-28,FLT-HYD-010,Hydraulic filter 10 μm,Filters,Augsburg,BY,0,0,0,34,FLT-HYD-010 · Augsburg
2023-09-29,FLT-HYD-010,Hydraulic filter 10 μm,Filters,Augsburg,BY,0,0,0,42,FLT-HYD-010 · Augsburg
2023-09-30,FLT-HYD-010,Hydraulic filter 10 μm,Filters,Augsburg,BY,0,0,0,20,FLT-HYD-010 · Augsburg
2023-10-01,FLT-HYD-010,Hydraulic filter 10 μm,Filters,Augsburg,BY,0,0,0,14,FLT-HYD-010 · Augsburg
2023-10-02,FLT-HYD-010,Hydraulic filter 10 μm,Filters,Augsburg,BY,0,0,0,17,FLT-HYD-010 · Augsburg
2023-10-03,FLT-HYD-010,Hydraulic filter 10 μm,Filters,Augsburg,BY,1,0,0,2,FLT-HYD-010 · Augsburg
2023-10-04,FLT-HYD-010,Hydraulic filter 10 μm,Filters,Augsburg,BY,0,0,0,6,FLT-HYD-010 · Augsburg
2023-10-05,FLT-HYD-010,Hydraulic filter 10 μm,Filters,Augsburg,BY,0,0,0,3,FLT-HYD-010 · Augsburg
2023-10-06,FLT-HYD-010,Hydraulic filter 10 μm,Filters,Augsburg,BY,0,0,0,2,FLT-HYD-010 · Augsburg
2023-10-07,FLT-HYD-010,Hydraulic filter 10 μm,Filters,Augsburg,BY,0,0,0,1,FLT-HYD-010 · Augsburg
2023-10-08,FLT-HYD-010,Hydraulic filter 10 μm,Filters,Augsburg,BY,0,0,0,1,FLT-HYD-010 · Augsburg
2023-10-09,FLT-HYD-010,Hydraulic filter 10 μm,Filters,Augsburg,BY,0,0,0,2,FLT-HYD-010 · Augsburg
2023-10-10,FLT-HYD-010,Hydraulic filter 10 μm,Filters,Augsburg,BY,0,0,0,1,FLT-HYD-010 · Augsburg
2023-10-11,FLT-HYD-010,Hydraulic filter 10 μm,Filters,Augsburg,BY,0,0,0,1,FLT-HYD-010 · Augsburg
2023-10-12,FLT-HYD-010,Hydraulic filter 10 μm,Filters,Augsburg,BY,0,0,0,1,FLT-HYD-010 · Augsburg
2023-10-13,FLT-HYD-010,Hydraulic filter 10 μm,Filters,Augsburg,BY,0,0,0,2,FLT-HYD-010 · Augsburg
2023-10-14,FLT-HYD-010,Hydraulic filter 10 μm,Filters,Augsburg,BY,0,0,0,2,FLT-HYD-010 · Augsburg
2023-10-15,FLT-HYD-010,Hydraulic filter 10 μm,Filters,Augsburg,BY,0,0,0,0,FLT-HYD-010 · Augsburg
2023-10-16,FLT-HYD-010,Hydraulic filter 10 μm,Filters,Augsburg,BY,0,0,0,1,FLT-HYD-010 · Augsburg
2023-10-17,FLT-HYD-010,Hydraulic filter 10 μm,Filters,Augsburg,BY,0,0,0,2,FLT-HYD-010 · Augsburg
2023-10-18,FLT-HYD-010,Hydraulic filter 10 μm,Filters,Augsburg,BY,0,0,0,2,FLT-HYD-010 · Augsburg
2023-10-19,FLT-HYD-010,Hydraulic filter 10 μm,Filters,Augsburg,BY,0,0,0,2,FLT-HYD-010 · Augsburg
2023-10-20,FLT-HYD-010,Hydraulic filter 10 μm,Filters,Augsburg,BY,0,0,0,1,FLT-HYD-010 · Augsburg
2023-10-21,FLT-HYD-010,Hydraulic filter 10 μm,Filters,Augsburg,BY,0,0,0,1,FLT-HYD-010 · Augsburg
2023-10-22,FLT-HYD-010,Hydraulic filter 10 μm,Filters,Augsburg,BY,0,0,0,0,FLT-HYD-010 · Augsburg
2023-10-23,FLT-HYD-010,Hydraulic filter 10 μm,Filters,Augsburg,BY,0,0,0,1,FLT-HYD-010 · Augsburg
2023-10-24,FLT-HYD-010,Hydraulic filter 10 μm,Filters,Augsburg,BY,0,0,0,2,FLT-HYD-010 · Augsburg
2023-10-25,FLT-HYD-010,Hydraulic filter 10 μm,Filters,Augsburg,BY,0,0,0,0,FLT-HYD-010 · Augsburg
2023-10-26,FLT-HYD-010,Hydraulic filter 10 μm,Filters,Augsburg,BY,0,0,0,0,FLT-HYD-010 · Augsburg
2023-10-27,FLT-HYD-010,Hydraulic filter 10 μm,Filters,Augsburg,BY,0,0,0,1,FLT-HYD-010 · Augsburg
2023-10-28,FLT-HYD-010,Hydraulic filter 10 μm,Filters,Augsburg,BY,0,0,0,1,FLT-HYD-010 · Augsburg
2023-10-29,FLT-HYD-010,Hydraulic filter 10 μm,Filters,Augsburg,BY,0,0,0,1,FLT-HYD-010 · Augsburg
2023-10-30,FLT-HYD-010,Hydraulic filter 10 μm,Filters,Augsburg,BY,0,0,0,2,FLT-HYD-010 · Augsburg
2023-10-31,FLT-HYD-010,Hydraulic filter 10 μm,Filters,Augsburg,BY,0,0,0,2,FLT-HYD-010 · Augsburg
2023-11-01,FLT-HYD-010,Hydraulic filter 10 μm,Filters,Augsburg,BY,1,0,0,0,FLT-HYD-010 · Augsburg
2023-11-02,FLT-HYD-010,Hydraulic filter 10 μm,Filters,Augsburg,BY,0,0,0,2,FLT-HYD-010 · Augsburg
2023-11-03,FLT-HYD-010,Hydraulic filter 10 μm,Filters,Augsburg,BY,0,0,0,1,FLT-HYD-010 · Augsburg
2023-11-04,FLT-HYD-010,Hydraulic filter 10 μm,Filters,Augsburg,BY,0,0,0,1,FLT-HYD-010 · Augsburg
2023-11-05,FLT-HYD-010,Hydraulic filter 10 μm,Filters,Augsburg,BY,0,0,0,0,FLT-HYD-010 · Augsburg
2023-11-06,FLT-HYD-010,Hydraulic filter 10 μm,Filters,Augsburg,BY,0,0,0,2,FLT-HYD-010 · Augsburg
2023-11-07,FLT-HYD-010,Hydraulic filter 10 μm,Filters,Augsburg,BY,0,0,0,2,FLT-HYD-010 · Augsburg
2023-11-08,FLT-HYD-010,Hydraulic filter 10 μm,Filters,Augsburg,BY,0,0,0,2,FLT-HYD-010 · Augsburg
2023-11-09,FLT-HYD-010,Hydraulic filter 10 μm,Filters,Augsburg,BY,0,0,0,0,FLT-HYD-010 · Augsburg
2023-11-10,FLT-HYD-010,Hydraulic filter 10 μm,Filters,Augsburg,BY,0,0,0,2,FLT-HYD-010 · Augsburg
2023-11-11,FLT-HYD-010,Hydraulic filter 10 μm,Filters,Augsburg,BY,0,0,0,0,FLT-HYD-010 · Augsburg
2023-11-12,FLT-HYD-010,Hydraulic filter 10 μm,Filters,Augsburg,BY,0,0,0,1,FLT-HYD-010 · Augsburg
2023-11-13,FLT-HYD-010,Hydraulic filter 10 μm,Filters,Augsburg,BY,0,0,0,2,FLT-HYD-010 · Augsburg
2023-11-14,FLT-HYD-010,Hydraulic filter 10 μm,Filters,Augsburg,BY,0,0,0,3,FLT-HYD-010 · Augsburg
2023-11-15,FLT-HYD-010,Hydraulic filter 10 μm,Filters,Augsburg,BY,0,0,0,1,FLT-HYD-010 · Augsburg
2023-11-16,FLT-HYD-010,Hydraulic filter 10 μm,Filters,Augsburg,BY,0,0,0,2,FLT-HYD-010 · Augsburg
2023-11-17,FLT-HYD-010,Hydraulic filter 10 μm,Filters,Augsburg,BY,0,0,0,3,FLT-HYD-010 · Augsburg
2023-11-18,FLT-HYD-010,Hydraulic filter 10 μm,Filters,Augsburg,BY,0,0,0,1,FLT-HYD-010 · Augsburg
2023-11-19,FLT-HYD-010,Hydraulic filter 10 μm,Filters,Augsburg,BY,0,0,0,3,FLT-HYD-010 · Augsburg
2023-11-20,FLT-HYD-010,Hydraulic filter 10 μm,Filters,Augsburg,BY,0,0,0,13,FLT-HYD-010 · Augsburg
2023-11-21,FLT-HYD-010,Hydraulic filter 10 μm,Filters,Augsburg,BY,0,0,0,18,FLT-HYD-010 · Augsburg
2023-11-22,FLT-HYD-010,Hydraulic filter 10 μm,Filters,Augsburg,BY,0,0,0,24,FLT-HYD-010 · Augsburg
2023-11-23,FLT-HYD-010,Hydraulic filter 10 μm,Filters,Augsburg,BY,0,0,0,38,FLT-HYD-010 · Augsburg
2023-11-24,FLT-HYD-010,Hydraulic filter 10 μm,Filters,Augsburg,BY,0,0,0,34,FLT-HYD-010 · Augsburg
2023-11-25,FLT-HYD-010,Hydraulic filter 10 μm,Filters,Augsburg,BY,0,0,0,23,FLT-HYD-010 · Augsburg
2023-11-26,FLT-HYD-010,Hydraulic filter 10 μm,Filters,Augsburg,BY,0,0,0,13,FLT-HYD-010 · Augsburg
2023-11-27,FLT-HYD-010,Hydraulic filter 10 μm,Filters,Augsburg,BY,0,0,0,22,FLT-HYD-010 · Augsburg
2023-11-28,FLT-HYD-010,Hydraulic filter 10 μm,Filters,Augsburg,BY,0,0,0,10,FLT-HYD-010 · Augsburg
2023-11-29,FLT-HYD-010,Hydraulic filter 10 μm,Filters,Augsburg,BY,0,0,0,5,FLT-HYD-010 · Augsburg
2023-11-30,FLT-HYD-010,Hydraulic filter 10 μm,Filters,Augsburg,BY,0,0,0,3,FLT-HYD-010 · Augsburg
2023-12-01,FLT-HYD-010,Hydraulic filter 10 μm,Filters,Augsburg,BY,0,0,0,3,FLT-HYD-010 · Augsburg
2023-12-02,FLT-HYD-010,Hydraulic filter 10 μm,Filters,Augsburg,BY,0,0,0,2,FLT-HYD-010 · Augsburg
2023-12-03,FLT-HYD-010,Hydraulic filter 10 μm,Filters,Augsburg,BY,0,0,0,0,FLT-HYD-010 · Augsburg
2023-12-04,FLT-HYD-010,Hydraulic filter 10 μm,Filters,Augsburg,BY,0,0,0,2,FLT-HYD-010 · Augsburg
2023-12-05,FLT-HYD-010,Hydraulic filter 10 μm,Filters,Augsburg,BY,0,0,0,1,FLT-HYD-010 · Augsburg
2023-12-06,FLT-HYD-010,Hydraulic filter 10 μm,Filters,Augsburg,BY,0,0,0,2,FLT-HYD-010 · Augsburg
2023-12-07,FLT-HYD-010,Hydraulic filter 10 μm,Filters,Augsburg,BY,0,0,0,1,FLT-HYD-010 · Augsburg
2023-12-08,FLT-HYD-010,Hydraulic filter 10 μm,Filters,Augsburg,BY,0,0,0,1,FLT-HYD-010 · Augsburg
2023-12-09,FLT-HYD-010,Hydraulic filter 10 μm,Filters,Augsburg,BY,0,0,0,1,FLT-HYD-010 · Augsburg
2023-12-10,FLT-HYD-010,Hydraulic filter 10 μm,Filters,Augsburg,BY,0,0,0,1,FLT-HYD-010 · Augsburg
2023-12-11,FLT-HYD-010,Hydraulic filter 10 μm,Filters,Augsburg,BY,0,0,0,2,FLT-HYD-010 · Augsburg
2023-12-12,FLT-HYD-010,Hydraulic filter 10 μm,Filters,Augsburg,BY,0,0,0,2,FLT-HYD-010 · Augsburg
2023-12-13,FLT-HYD-010,Hydraulic filter 10 μm,Filters,Augsburg,BY,0,0,0,2,FLT-HYD-010 · Augsburg
2023-12-14,FLT-HYD-010,Hydraulic filter 10 μm,Filters,Augsburg,BY,0,0,0,1,FLT-HYD-010 · Augsburg
2023-12-15,FLT-HYD-010,Hydraulic filter 10 μm,Filters,Augsburg,BY,0,0,0,2,FLT-HYD-010 · Augsburg
2023-12-16,FLT-HYD-010,Hydraulic filter 10 μm,Filters,Augsburg,BY,0,0,0,1,FLT-HYD-010 · Augsburg
2023-12-17,FLT-HYD-010,Hydraulic filter 10 μm,Filters,Augsburg,BY,0,0,0,1,FLT-HYD-010 · Augsburg
2023-12-18,FLT-HYD-010,Hydraulic filter 10 μm,Filters,Augsburg,BY,0,0,0,1,FLT-HYD-010 · Augsburg
2023-12-19,FLT-HYD-010,Hydraulic filter 10 μm,Filters,Augsburg,BY,0,0,0,0,FLT-HYD-010 · Augsburg
2023-12-20,FLT-HYD-010,Hydraulic filter 10 μm,Filters,Augsburg,BY,0,0,0,2,FLT-HYD-010 · Augsburg
2023-12-21,FLT-HYD-010,Hydraulic filter 10 μm,Filters,Augsburg,BY,0,0,0,2,FLT-HYD-010 · Augsburg
2023-12-22,FLT-HYD-010,Hydraulic filter 10 μm,Filters,Augsburg,BY,0,0,0,2,FLT-HYD-010 · Augsburg
2023-12-23,FLT-HYD-010,Hydraulic filter 10 μm,Filters,Augsburg,BY,0,0,0,1,FLT-HYD-010 · Augsburg
2023-12-24,FLT-HYD-010,Hydraulic filter 10 μm,Filters,Augsburg,BY,0,1,0,0,FLT-HYD-010 · Augsburg
2023-12-25,FLT-HYD-010,Hydraulic filter 10 μm,Filters,Augsburg,BY,1,1,0,1,FLT-HYD-010 · Augsburg
2023-12-26,FLT-HYD-010,Hydraulic filter 10 μm,Filters,Augsburg,BY,1,1,0,0,FLT-HYD-010 · Augsburg
2023-12-27,FLT-HYD-010,Hydraulic filter 10 μm,Filters,Augsburg,BY,0,1,0,0,FLT-HYD-010 · Augsburg
2023-12-28,FLT-HYD-010,Hydraulic filter 10 μm,Filters,Augsburg,BY,0,1,0,1,FLT-HYD-010 · Augsburg
2023-12-29,FLT-HYD-010,Hydraulic filter 10 μm,Filters,Augsburg,BY,0,1,0,0,FLT-HYD-010 · Augsburg
2023-12-30,FLT-HYD-010,Hydraulic filter 10 μm,Filters,Augsburg,BY,0,1,0,1,FLT-HYD-010 · Augsburg
2023-12-31,FLT-HYD-010,Hydraulic filter 10 μm,Filters,Augsburg,BY,0,1,0,0,FLT-HYD-010 · Augsburg
2024-01-01,FLT-HYD-010,Hydraulic filter 10 μm,Filters,Augsburg,BY,1,1,0,1,FLT-HYD-010 · Augsburg
2024-01-02,FLT-HYD-010,Hydraulic filter 10 μm,Filters,Augsburg,BY,0,1,0,1,FLT-HYD-010 · Augsburg
2024-01-03,FLT-HYD-010,Hydraulic filter 10 μm,Filters,Augsburg,BY,0,0,0,1,FLT-HYD-010 · Augsburg
2024-01-04,FLT-HYD-010,Hydraulic filter 10 μm,Filters,Augsburg,BY,0,0,0,1,FLT-HYD-010 · Augsburg
2024-01-05,FLT-HYD-010,Hydraulic filter 10 μm,Filters,Augsburg,BY,0,0,0,1,FLT-HYD-010 · Augsburg
2024-01-06,FLT-HYD-010,Hydraulic filter 10 μm,Filters,Augsburg,BY,1,0,0,0,FLT-HYD-010 · Augsburg
2024-01-07,FLT-HYD-010,Hydraulic filter 10 μm,Filters,Augsburg,BY,0,0,0,1,FLT-HYD-010 · Augsburg
2024-01-08,FLT-HYD-010,Hydraulic filter 10 μm,Filters,Augsburg,BY,0,0,0,2,FLT-HYD-010 · Augsburg
2024-01-09,FLT-HYD-010,Hydraulic filter 10 μm,Filters,Augsburg,BY,0,0,0,2,FLT-HYD-010 · Augsburg
2024-01-10,FLT-HYD-010,Hydraulic filter 10 μm,Filters,Augsburg,BY,0,0,0,2,FLT-HYD-010 · Augsburg
2024-01-11,FLT-HYD-010,Hydraulic filter 10 μm,Filters,Augsburg,BY,0,0,0,2,FLT-HYD-010 · Augsburg
2024-01-12,FLT-HYD-010,Hydraulic filter 10 μm,Filters,Augsburg,BY,0,0,0,2,FLT-HYD-010 · Augsburg
2024-01-13,FLT-HYD-010,Hydraulic filter 10 μm,Filters,Augsburg,BY,0,0,0,2,FLT-HYD-010 · Augsburg
2024-01-14,FLT-HYD-010,Hydraulic filter 10 μm,Filters,Augsburg,BY,0,0,0,3,FLT-HYD-010 · Augsburg
2024-01-15,FLT-HYD-010,Hydraulic filter 10 μm,Filters,Augsburg,BY,0,0,0,11,FLT-HYD-010 · Augsburg
2024-01-16,FLT-HYD-010,Hydraulic filter 10 μm,Filters,Augsburg,BY,0,0,0,20,FLT-HYD-010 · Augsburg
2024-01-17,FLT-HYD-010,Hydraulic filter 10 μm,Filters,Augsburg,BY,0,0,0,26,FLT-HYD-010 · Augsburg
2024-01-18,FLT-HYD-010,Hydraulic filter 10 μm,Filters,Augsburg,BY,0,0,0,34,FLT-HYD-010 · Augsburg
2024-01-19,FLT-HYD-010,Hydraulic filter 10 μm,Filters,Augsburg,BY,0,0,0,42,FLT-HYD-010 · Augsburg
2024-01-20,FLT-HYD-010,Hydraulic filter 10 μm,Filters,Augsburg,BY,0,0,0,25,FLT-HYD-010 · Augsburg
2024-01-21,FLT-HYD-010,Hydraulic filter 10 μm,Filters,Augsburg,BY,0,0,0,11,FLT-HYD-010 · Augsburg
2024-01-22,FLT-HYD-010,Hydraulic filter 10 μm,Filters,Augsburg,BY,0,0,0,20,FLT-HYD-010 · Augsburg
2024-01-23,FLT-HYD-010,Hydraulic filter 10 μm,Filters,Augsburg,BY,0,0,0,10,FLT-HYD-010 · Augsburg
2024-01-24,FLT-HYD-010,Hydraulic filter 10 μm,Filters,Augsburg,BY,0,0,0,6,FLT-HYD-010 · Augsburg
2024-01-25,FLT-HYD-010,Hydraulic filter 10 μm,Filters,Augsburg,BY,0,0,0,4,FLT-HYD-010 · Augsburg
2024-01-26,FLT-HYD-010,Hydraulic filter 10 μm,Filters,Augsburg,BY,0,0,0,2,FLT-HYD-010 · Augsburg
2024-01-27,FLT-HYD-010,Hydraulic filter 10 μm,Filters,Augsburg,BY,0,0,0,1,FLT-HYD-010 · Augsburg
2024-01-28,FLT-HYD-010,Hydraulic filter 10 μm,Filters,Augsburg,BY,0,0,0,2,FLT-HYD-010 · Augsburg
2024-01-29,FLT-HYD-010,Hydraulic filter 10 μm,Filters,Augsburg,BY,0,0,0,1,FLT-HYD-010 · Augsburg
2024-01-30,FLT-HYD-010,Hydraulic filter 10 μm,Filters,Augsburg,BY,0,0,0,1,FLT-HYD-010 · Augsburg
2024-01-31,FLT-HYD-010,Hydraulic filter 10 μm,Filters,Augsburg,BY,0,0,0,1,FLT-HYD-010 · Augsburg
2024-02-01,FLT-HYD-010,Hydraulic filter 10 μm,Filters,Augsburg,BY,0,0,0,1,FLT-HYD-010 · Augsburg
2024-02-02,FLT-HYD-010,Hydraulic filter 10 μm,Filters,Augsburg,BY,0,0,0,0,FLT-HYD-010 · Augsburg
2024-02-03,FLT-HYD-010,Hydraulic filter 10 μm,Filters,Augsburg,BY,0,0,0,1,FLT-HYD-010 · Augsburg
2024-02-04,FLT-HYD-010,Hydraulic filter 10 μm,Filters,Augsburg,BY,0,0,0,0,FLT-HYD-010 · Augsburg
2024-02-05,FLT-HYD-010,Hydraulic filter 10 μm,Filters,Augsburg,BY,0,0,0,2,FLT-HYD-010 · Augsburg
2024-02-06,FLT-HYD-010,Hydraulic filter 10 μm,Filters,Augsburg,BY,0,0,0,2,FLT-HYD-010 · Augsburg
2024-02-07,FLT-HYD-010,Hydraulic filter 10 μm,Filters,Augsburg,BY,0,0,0,1,FLT-HYD-010 · Augsburg
2024-02-08,FLT-HYD-010,Hydraulic filter 10 μm,Filters,Augsburg,BY,0,0,0,2,FLT-HYD-010 · Augsburg
2024-02-09,FLT-HYD-010,Hydraulic filter 10 μm,Filters,Augsburg,BY,0,0,0,2,FLT-HYD-010 · Augsburg
2024-02-10,FLT-HYD-010,Hydraulic filter 10 μm,Filters,Augsburg,BY,0,0,0,1,FLT-HYD-010 · Augsburg
2024-02-11,FLT-HYD-010,Hydraulic filter 10 μm,Filters,Augsburg,BY,0,0,0,0,FLT-HYD-010 · Augsburg
2024-02-12,FLT-HYD-010,Hydraulic filter 10 μm,Filters,Augsburg,BY,0,0,0,0,FLT-HYD-010 · Augsburg
2024-02-13,FLT-HYD-010,Hydraulic filter 10 μm,Filters,Augsburg,BY,0,0,0,1,FLT-HYD-010 · Augsburg
2024-02-14,FLT-HYD-010,Hydraulic filter 10 μm,Filters,Augsburg,BY,0,0,0,1,FLT-HYD-010 · Augsburg
2024-02-15,FLT-HYD-010,Hydraulic filter 10 μm,Filters,Augsburg,BY,0,0,0,1,FLT-HYD-010 · Augsburg
2024-02-16,FLT-HYD-010,Hydraulic filter 10 μm,Filters,Augsburg,BY,0,0,0,1,FLT-HYD-010 · Augsburg
2024-02-17,FLT-HYD-010,Hydraulic filter 10 μm,Filters,Augsburg,BY,0,0,0,1,FLT-HYD-010 · Augsburg
2024-02-18,FLT-HYD-010,Hydraulic filter 10 μm,Filters,Augsburg,BY,0,0,0,0,FLT-HYD-010 · Augsburg
2024-02-19,FLT-HYD-010,Hydraulic filter 10 μm,Filters,Augsburg,BY,0,0,0,2,FLT-HYD-010 · Augsburg
2024-02-20,FLT-HYD-010,Hydraulic filter 10 μm,Filters,Augsburg,BY,0,0,0,2,FLT-HYD-010 · Augsburg
2024-02-21,FLT-HYD-010,Hydraulic filter 10 μm,Filters,Augsburg,BY,0,0,0,2,FLT-HYD-010 · Augsburg
2024-02-22,FLT-HYD-010,Hydraulic filter 10 μm,Filters,Augsburg,BY,0,0,0,1,FLT-HYD-010 · Augsburg
2024-02-23,FLT-HYD-010,Hydraulic filter 10 μm,Filters,Augsburg,BY,0,0,0,0,FLT-HYD-010 · Augsburg
2024-02-24,FLT-HYD-010,Hydraulic filter 10 μm,Filters,Augsburg,BY,0,0,0,1,FLT-HYD-010 · Augsburg
2024-02-25,FLT-HYD-010,Hydraulic filter 10 μm,Filters,Augsburg,BY,0,0,0,0,FLT-HYD-010 · Augsburg
2024-02-26,FLT-HYD-010,Hydraulic filter 10 μm,Filters,Augsburg,BY,0,0,0,1,FLT-HYD-010 · Augsburg
2024-02-27,FLT-HYD-010,Hydraulic filter 10 μm,Filters,Augsburg,BY,0,0,0,1,FLT-HYD-010 · Augsburg
2024-02-28,FLT-HYD-010,Hydraulic filter 10 μm,Filters,Augsburg,BY,0,0,0,2,FLT-HYD-010 · Augsburg
2024-02-29,FLT-HYD-010,Hydraulic filter 10 μm,Filters,Augsburg,BY,0,0,0,2,FLT-HYD-010 · Augsburg
2024-03-01,FLT-HYD-010,Hydraulic filter 10 μm,Filters,Augsburg,BY,0,0,1,1,FLT-HYD-010 · Augsburg
2024-03-02,FLT-HYD-010,Hydraulic filter 10 μm,Filters,Augsburg,BY,0,0,1,1,FLT-HYD-010 · Augsburg
2024-03-03,FLT-HYD-010,Hydraulic filter 10 μm,Filters,Augsburg,BY,0,0,1,1,FLT-HYD-010 · Augsburg
2024-03-04,FLT-HYD-010,Hydraulic filter 10 μm,Filters,Augsburg,BY,0,0,1,1,FLT-HYD-010 · Augsburg
2024-03-05,FLT-HYD-010,Hydraulic filter 10 μm,Filters,Augsburg,BY,0,0,1,2,FLT-HYD-010 · Augsburg
2024-03-06,FLT-HYD-010,Hydraulic filter 10 μm,Filters,Augsburg,BY,0,0,1,1,FLT-HYD-010 · Augsburg
2024-03-07,FLT-HYD-010,Hydraulic filter 10 μm,Filters,Augsburg,BY,0,0,1,1,FLT-HYD-010 · Augsburg
2024-03-08,FLT-HYD-010,Hydraulic filter 10 μm,Filters,Augsburg,BY,0,0,0,2,FLT-HYD-010 · Augsburg
2024-03-09,FLT-HYD-010,Hydraulic filter 10 μm,Filters,Augsburg,BY,0,0,0,2,FLT-HYD-010 · Augsburg
2024-03-10,FLT-HYD-010,Hydraulic filter 10 μm,Filters,Augsburg,BY,0,0,0,2,FLT-HYD-010 · Augsburg
2024-03-11,FLT-HYD-010,Hydraulic filter 10 μm,Filters,Augsburg,BY,0,0,0,11,FLT-HYD-010 · Augsburg
2024-03-12,FLT-HYD-010,Hydraulic filter 10 μm,Filters,Augsburg,BY,0,0,0,16,FLT-HYD-010 · Augsburg
2024-03-13,FLT-HYD-010,Hydraulic filter 10 μm,Filters,Augsburg,BY,0,0,0,29,FLT-HYD-010 · Augsburg
2024-03-14,FLT-HYD-010,Hydraulic filter 10 μm,Filters,Augsburg,BY,0,0,0,34,FLT-HYD-010 · Augsburg
2024-03-15,FLT-HYD-010,Hydraulic filter 10 μm,Filters,Augsburg,BY,0,0,0,66,FLT-HYD-010 · Augsburg
2024-03-16,FLT-HYD-010,Hydraulic filter 10 μm,Filters,Augsburg,BY,0,0,0,23,FLT-HYD-010 · Augsburg
2024-03-17,FLT-HYD-010,Hydraulic filter 10 μm,Filters,Augsburg,BY,0,0,0,10,FLT-HYD-010 · Augsburg
2024-03-18,FLT-HYD-010,Hydraulic filter 10 μm,Filters,Augsburg,BY,0,0,0,16,FLT-HYD-010 · Augsburg
2024-03-19,FLT-HYD-010,Hydraulic filter 10 μm,Filters,Augsburg,BY,0,0,0,7,FLT-HYD-010 · Augsburg
2024-03-20,FLT-HYD-010,Hydraulic filter 10 μm,Filters,Augsburg,BY,0,0,0,6,FLT-HYD-010 · Augsburg
2024-03-21,FLT-HYD-010,Hydraulic filter 10 μm,Filters,Augsburg,BY,0,0,0,2,FLT-HYD-010 · Augsburg
2024-03-22,FLT-HYD-010,Hydraulic filter 10 μm,Filters,Augsburg,BY,0,0,0,2,FLT-HYD-010 · Augsburg
2024-03-23,FLT-HYD-010,Hydraulic filter 10 μm,Filters,Augsburg,BY,0,0,0,1,FLT-HYD-010 · Augsburg
2024-03-24,FLT-HYD-010,Hydraulic filter 10 μm,Filters,Augsburg,BY,0,0,0,1,FLT-HYD-010 · Augsburg
2024-03-25,FLT-HYD-010,Hydraulic filter 10 μm,Filters,Augsburg,BY,0,0,0,1,FLT-HYD-010 · Augsburg
2024-03-26,FLT-HYD-010,Hydraulic filter 10 μm,Filters,Augsburg,BY,0,0,0,1,FLT-HYD-010 · Augsburg
2024-03-27,FLT-HYD-010,Hydraulic filter 10 μm,Filters,Augsburg,BY,0,0,0,2,FLT-HYD-010 · Augsburg
2024-03-28,FLT-HYD-010,Hydraulic filter 10 μm,Filters,Augsburg,BY,0,0,0,2,FLT-HYD-010 · Augsburg
2024-03-29,FLT-HYD-010,Hydraulic filter 10 μm,Filters,Augsburg,BY,1,0,0,1,FLT-HYD-010 · Augsburg
2024-03-30,FLT-HYD-010,Hydraulic filter 10 μm,Filters,Augsburg,BY,0,0,0,1,FLT-HYD-010 · Augsburg
2024-03-31,FLT-HYD-010,Hydraulic filter 10 μm,Filters,Augsburg,BY,0,0,0,0,FLT-HYD-010 · Augsburg
2024-04-01,FLT-HYD-010,Hydraulic filter 10 μm,Filters,Augsburg,BY,1,0,0,1,FLT-HYD-010 · Augsburg
2024-04-02,FLT-HYD-010,Hydraulic filter 10 μm,Filters,Augsburg,BY,0,0,0,1,FLT-HYD-010 · Augsburg
2024-04-03,FLT-HYD-010,Hydraulic filter 10 μm,Filters,Augsburg,BY,0,0,0,2,FLT-HYD-010 · Augsburg
2024-04-04,FLT-HYD-010,Hydraulic filter 10 μm,Filters,Augsburg,BY,0,0,0,1,FLT-HYD-010 · Augsburg
2024-04-05,FLT-HYD-010,Hydraulic filter 10 μm,Filters,Augsburg,BY,0,0,0,1,FLT-HYD-010 · Augsburg
2024-04-06,FLT-HYD-010,Hydraulic filter 10 μm,Filters,Augsburg,BY,0,0,0,1,FLT-HYD-010 · Augsburg
2024-04-07,FLT-HYD-010,Hydraulic filter 10 μm,Filters,Augsburg,BY,0,0,0,1,FLT-HYD-010 · Augsburg
2024-04-08,FLT-HYD-010,Hydraulic filter 10 μm,Filters,Augsburg,BY,0,0,0,2,FLT-HYD-010 · Augsburg
2024-04-09,FLT-HYD-010,Hydraulic filter 10 μm,Filters,Augsburg,BY,0,0,0,1,FLT-HYD-010 · Augsburg
2024-04-10,FLT-HYD-010,Hydraulic filter 10 μm,Filters,Augsburg,BY,0,0,0,0,FLT-HYD-010 · Augsburg
2024-04-11,FLT-HYD-010,Hydraulic filter 10 μm,Filters,Augsburg,BY,0,0,0,2,FLT-HYD-010 · Augsburg
2024-04-12,FLT-HYD-010,Hydraulic filter 10 μm,Filters,Augsburg,BY,0,0,0,3,FLT-HYD-010 · Augsburg
2024-04-13,FLT-HYD-010,Hydraulic filter 10 μm,Filters,Augsburg,BY,0,0,0,1,FLT-HYD-010 · Augsburg
2024-04-14,FLT-HYD-010,Hydraulic filter 10 μm,Filters,Augsburg,BY,0,0,0,0,FLT-HYD-010 · Augsburg
2024-04-15,FLT-HYD-010,Hydraulic filter 10 μm,Filters,Augsburg,BY,0,0,0,1,FLT-HYD-010 · Augsburg
2024-04-16,FLT-HYD-010,Hydraulic filter 10 μm,Filters,Augsburg,BY,0,0,0,1,FLT-HYD-010 · Augsburg
2024-04-17,FLT-HYD-010,Hydraulic filter 10 μm,Filters,Augsburg,BY,0,0,0,2,FLT-HYD-010 · Augsburg
2024-04-18,FLT-HYD-010,Hydraulic filter 10 μm,Filters,Augsburg,BY,0,0,0,0,FLT-HYD-010 · Augsburg
2024-04-19,FLT-HYD-010,Hydraulic filter 10 μm,Filters,Augsburg,BY,0,0,0,1,FLT-HYD-010 · Augsburg
2024-04-20,FLT-HYD-010,Hydraulic filter 10 μm,Filters,Augsburg,BY,0,0,0,1,FLT-HYD-010 · Augsburg
2024-04-21,FLT-HYD-010,Hydraulic filter 10 μm,Filters,Augsburg,BY,0,0,0,1,FLT-HYD-010 · Augsburg
2024-04-22,FLT-HYD-010,Hydraulic filter 10 μm,Filters,Augsburg,BY,0,0,0,1,FLT-HYD-010 · Augsburg
2024-04-23,FLT-HYD-010,Hydraulic filter 10 μm,Filters,Augsburg,BY,0,0,0,0,FLT-HYD-010 · Augsburg
2024-04-24,FLT-HYD-010,Hydraulic filter 10 μm,Filters,Augsburg,BY,0,0,0,2,FLT-HYD-010 · Augsburg
2024-04-25,FLT-HYD-010,Hydraulic filter 10 μm,Filters,Augsburg,BY,0,0,0,2,FLT-HYD-010 · Augsburg
2024-04-26,FLT-HYD-010,Hydraulic filter 10 μm,Filters,Augsburg,BY,0,0,0,1,FLT-HYD-010 · Augsburg
2024-04-27,FLT-HYD-010,Hydraulic filter 10 μm,Filters,Augsburg,BY,0,0,0,1,FLT-HYD-010 · Augsburg
2024-04-28,FLT-HYD-010,Hydraulic filter 10 μm,Filters,Augsburg,BY,0,0,0,0,FLT-HYD-010 · Augsburg
2024-04-29,FLT-HYD-010,Hydraulic filter 10 μm,Filters,Augsburg,BY,0,0,0,1,FLT-HYD-010 · Augsburg
2024-04-30,FLT-HYD-010,Hydraulic filter 10 μm,Filters,Augsburg,BY,0,0,0,2,FLT-HYD-010 · Augsburg
2024-05-01,FLT-HYD-010,Hydraulic filter 10 μm,Filters,Augsburg,BY,1,0,0,0,FLT-HYD-010 · Augsburg
2024-05-02,FLT-HYD-010,Hydraulic filter 10 μm,Filters,Augsburg,BY,0,0,0,2,FLT-HYD-010 · Augsburg
2024-05-03,FLT-HYD-010,Hydraulic filter 10 μm,Filters,Augsburg,BY,0,0,0,3,FLT-HYD-010 · Augsburg
2024-05-04,FLT-HYD-010,Hydraulic filter 10 μm,Filters,Augsburg,BY,0,0,0,1,FLT-HYD-010 · Augsburg
2024-05-05,FLT-HYD-010,Hydraulic filter 10 μm,Filters,Augsburg,BY,0,0,0,2,FLT-HYD-010 · Augsburg
2024-05-06,FLT-HYD-010,Hydraulic filter 10 μm,Filters,Augsburg,BY,0,0,0,10,FLT-HYD-010 · Augsburg
2024-05-07,FLT-HYD-010,Hydraulic filter 10 μm,Filters,Augsburg,BY,0,0,0,16,FLT-HYD-010 · Augsburg
2024-05-08,FLT-HYD-010,Hydraulic filter 10 μm,Filters,Augsburg,BY,0,0,0,27,FLT-HYD-010 · Augsburg
2024-05-09,FLT-HYD-010,Hydraulic filter 10 μm,Filters,Augsburg,BY,1,0,0,4,FLT-HYD-010 · Augsburg
2024-05-10,FLT-HYD-010,Hydraulic filter 10 μm,Filters,Augsburg,BY,0,0,0,29,FLT-HYD-010 · Augsburg
2024-05-11,FLT-HYD-010,Hydraulic filter 10 μm,Filters,Augsburg,BY,0,0,0,20,FLT-HYD-010 · Augsburg
2024-05-12,FLT-HYD-010,Hydraulic filter 10 μm,Filters,Augsburg,BY,0,0,0,11,FLT-HYD-010 · Augsburg
2024-05-13,FLT-HYD-010,Hydraulic filter 10 μm,Filters,Augsburg,BY,0,0,0,19,FLT-HYD-010 · Augsburg
2024-05-14,FLT-HYD-010,Hydraulic filter 10 μm,Filters,Augsburg,BY,0,0,0,10,FLT-HYD-010 · Augsburg
2024-05-15,FLT-HYD-010,Hydraulic filter 10 μm,Filters,Augsburg,BY,0,0,0,6,FLT-HYD-010 · Augsburg
2024-05-16,FLT-HYD-010,Hydraulic filter 10 μm,Filters,Augsburg,BY,0,0,0,3,FLT-HYD-010 · Augsburg
2024-05-17,FLT-HYD-010,Hydraulic filter 10 μm,Filters,Augsburg,BY,0,0,0,2,FLT-HYD-010 · Augsburg
2024-05-18,FLT-HYD-010,Hydraulic filter 10 μm,Filters,Augsburg,BY,0,0,0,0,FLT-HYD-010 · Augsburg
2024-05-19,FLT-HYD-010,Hydraulic filter 10 μm,Filters,Augsburg,BY,0,0,0,1,FLT-HYD-010 · Augsburg
2024-05-20,FLT-HYD-010,Hydraulic filter 10 μm,Filters,Augsburg,BY,1,0,0,0,FLT-HYD-010 · Augsburg
2024-05-21,FLT-HYD-010,Hydraulic filter 10 μm,Filters,Augsburg,BY,0,0,0,2,FLT-HYD-010 · Augsburg
2024-05-22,FLT-HYD-010,Hydraulic filter 10 μm,Filters,Augsburg,BY,0,0,0,2,FLT-HYD-010 · Augsburg
2024-05-23,FLT-HYD-010,Hydraulic filter 10 μm,Filters,Augsburg,BY,0,0,0,2,FLT-HYD-010 · Augsburg
2024-05-24,FLT-HYD-010,Hydraulic filter 10 μm,Filters,Augsburg,BY,0,0,0,1,FLT-HYD-010 · Augsburg
2024-05-25,FLT-HYD-010,Hydraulic filter 10 μm,Filters,Augsburg,BY,0,0,0,1,FLT-HYD-010 · Augsburg
2024-05-26,FLT-HYD-010,Hydraulic filter 10 μm,Filters,Augsburg,BY,0,0,0,0,FLT-HYD-010 · Augsburg
2024-05-27,FLT-HYD-010,Hydraulic filter 10 μm,Filters,Augsburg,BY,0,0,0,1,FLT-HYD-010 · Augsburg
2024-05-28,FLT-HYD-010,Hydraulic filter 10 μm,Filters,Augsburg,BY,0,0,0,1,FLT-HYD-010 · Augsburg
2024-05-29,FLT-HYD-010,Hydraulic filter 10 μm,Filters,Augsburg,BY,0,0,0,1,FLT-HYD-010 · Augsburg
2024-05-30,FLT-HYD-010,Hydraulic filter 10 μm,Filters,Augsburg,BY,1,0,0,0,FLT-HYD-010 · Augsburg
2024-05-31,FLT-HYD-010,Hydraulic filter 10 μm,Filters,Augsburg,BY,0,0,0,2,FLT-HYD-010 · Augsburg
2024-06-01,FLT-HYD-010,Hydraulic filter 10 μm,Filters,Augsburg,BY,0,0,0,0,FLT-HYD-010 · Augsburg
2024-06-02,FLT-HYD-010,Hydraulic filter 10 μm,Filters,Augsburg,BY,0,0,0,0,FLT-HYD-010 · Augsburg
2024-06-03,FLT-HYD-010,Hydraulic filter 10 μm,Filters,Augsburg,BY,0,0,0,2,FLT-HYD-010 · Augsburg
2024-06-04,FLT-HYD-010,Hydraulic filter 10 μm,Filters,Augsburg,BY,0,0,0,2,FLT-HYD-010 · Augsburg
2024-06-05,FLT-HYD-010,Hydraulic filter 10 μm,Filters,Augsburg,BY,0,0,0,1,FLT-HYD-010 · Augsburg
2024-06-06,FLT-HYD-010,Hydraulic filter 10 μm,Filters,Augsburg,BY,0,0,0,1,FLT-HYD-010 · Augsburg
2024-06-07,FLT-HYD-010,Hydraulic filter 10 μm,Filters,Augsburg,BY,0,0,0,1,FLT-HYD-010 · Augsburg
2024-06-08,FLT-HYD-010,Hydraulic filter 10 μm,Filters,Augsburg,BY,0,0,0,1,FLT-HYD-010 · Augsburg
2024-06-09,FLT-HYD-010,Hydraulic filter 10 μm,Filters,Augsburg,BY,0,0,0,1,FLT-HYD-010 · Augsburg
2024-06-10,FLT-HYD-010,Hydraulic filter 10 μm,Filters,Augsburg,BY,0,0,0,3,FLT-HYD-010 · Augsburg
2024-06-11,FLT-HYD-010,Hydraulic filter 10 μm,Filters,Augsburg,BY,0,0,0,2,FLT-HYD-010 · Augsburg
2024-06-12,FLT-HYD-010,Hydraulic filter 10 μm,Filters,Augsburg,BY,0,0,0,2,FLT-HYD-010 · Augsburg
2024-06-13,FLT-HYD-010,Hydraulic filter 10 μm,Filters,Augsburg,BY,0,0,0,0,FLT-HYD-010 · Augsburg
2024-06-14,FLT-HYD-010,Hydraulic filter 10 μm,Filters,Augsburg,BY,0,0,0,1,FLT-HYD-010 · Augsburg
2024-06-15,FLT-HYD-010,Hydraulic filter 10 μm,Filters,Augsburg,BY,0,0,0,1,FLT-HYD-010 · Augsburg
2024-06-16,FLT-HYD-010,Hydraulic filter 10 μm,Filters,Augsburg,BY,0,0,0,1,FLT-HYD-010 · Augsburg
2024-06-17,FLT-HYD-010,Hydraulic filter 10 μm,Filters,Augsburg,BY,0,0,0,0,FLT-HYD-010 · Augsburg
2024-06-18,FLT-HYD-010,Hydraulic filter 10 μm,Filters,Augsburg,BY,0,0,0,2,FLT-HYD-010 · Augsburg
2024-06-19,FLT-HYD-010,Hydraulic filter 10 μm,Filters,Augsburg,BY,0,0,0,3,FLT-HYD-010 · Augsburg
2024-06-20,FLT-HYD-010,Hydraulic filter 10 μm,Filters,Augsburg,BY,0,0,0,0,FLT-HYD-010 · Augsburg
2024-06-21,FLT-HYD-010,Hydraulic filter 10 μm,Filters,Augsburg,BY,0,0,0,2,FLT-HYD-010 · Augsburg
2024-06-22,FLT-HYD-010,Hydraulic filter 10 μm,Filters,Augsburg,BY,0,0,0,0,FLT-HYD-010 · Augsburg
2024-06-23,FLT-HYD-010,Hydraulic filter 10 μm,Filters,Augsburg,BY,0,0,0,1,FLT-HYD-010 · Augsburg
2024-06-24,FLT-HYD-010,Hydraulic filter 10 μm,Filters,Augsburg,BY,0,0,0,1,FLT-HYD-010 · Augsburg
2024-06-25,FLT-HYD-010,Hydraulic filter 10 μm,Filters,Augsburg,BY,0,0,0,0,FLT-HYD-010 · Augsburg
2024-06-26,FLT-HYD-010,Hydraulic filter 10 μm,Filters,Augsburg,BY,0,0,0,2,FLT-HYD-010 · Augsburg
2024-06-27,FLT-HYD-010,Hydraulic filter 10 μm,Filters,Augsburg,BY,0,0,0,2,FLT-HYD-010 · Augsburg
2024-06-28,FLT-HYD-010,Hydraulic filter 10 μm,Filters,Augsburg,BY,0,0,0,2,FLT-HYD-010 · Augsburg
2024-06-29,FLT-HYD-010,Hydraulic filter 10 μm,Filters,Augsburg,BY,0,0,0,2,FLT-HYD-010 · Augsburg
2024-06-30,FLT-HYD-010,Hydraulic filter 10 μm,Filters,Augsburg,BY,0,0,0,2,FLT-HYD-010 · Augsburg
2024-07-01,FLT-HYD-010,Hydraulic filter 10 μm,Filters,Augsburg,BY,0,0,0,7,FLT-HYD-010 · Augsburg
2024-07-02,FLT-HYD-010,Hydraulic filter 10 μm,Filters,Augsburg,BY,0,0,0,19,FLT-HYD-010 · Augsburg
2024-07-03,FLT-HYD-010,Hydraulic filter 10 μm,Filters,Augsburg,BY,0,0,0,32,FLT-HYD-010 · Augsburg
2024-07-04,FLT-HYD-010,Hydraulic filter 10 μm,Filters,Augsburg,BY,0,0,0,37,FLT-HYD-010 · Augsburg
2024-07-05,FLT-HYD-010,Hydraulic filter 10 μm,Filters,Augsburg,BY,0,0,0,29,FLT-HYD-010 · Augsburg
2024-07-06,FLT-HYD-010,Hydraulic filter 10 μm,Filters,Augsburg,BY,0,0,0,18,FLT-HYD-010 · Augsburg
2024-07-07,FLT-HYD-010,Hydraulic filter 10 μm,Filters,Augsburg,BY,0,0,0,10,FLT-HYD-010 · Augsburg
2024-07-08,FLT-HYD-010,Hydraulic filter 10 μm,Filters,Augsburg,BY,0,0,0,14,FLT-HYD-010 · Augsburg
2024-07-09,FLT-HYD-010,Hydraulic filter 10 μm,Filters,Augsburg,BY,0,0,0,10,FLT-HYD-010 · Augsburg
2024-07-10,FLT-HYD-010,Hydraulic filter 10 μm,Filters,Augsburg,BY,0,0,0,6,FLT-HYD-010 · Augsburg
2024-07-11,FLT-HYD-010,Hydraulic filter 10 μm,Filters,Augsburg,BY,0,0,0,2,FLT-HYD-010 · Augsburg
2024-07-12,FLT-HYD-010,Hydraulic filter 10 μm,Filters,Augsburg,BY,0,0,0,2,FLT-HYD-010 · Augsburg
2024-07-13,FLT-HYD-010,Hydraulic filter 10 μm,Filters,Augsburg,BY,0,0,0,1,FLT-HYD-010 · Augsburg
2024-07-14,FLT-HYD-010,Hydraulic filter 10 μm,Filters,Augsburg,BY,0,0,0,0,FLT-HYD-010 · Augsburg
2024-07-15,FLT-HYD-010,Hydraulic filter 10 μm,Filters,Augsburg,BY,0,0,0,1,FLT-HYD-010 · Augsburg
2024-07-16,FLT-HYD-010,Hydraulic filter 10 μm,Filters,Augsburg,BY,0,0,0,0,FLT-HYD-010 · Augsburg
2024-07-17,FLT-HYD-010,Hydraulic filter 10 μm,Filters,Augsburg,BY,0,0,0,1,FLT-HYD-010 · Augsburg
2024-07-18,FLT-HYD-010,Hydraulic filter 10 μm,Filters,Augsburg,BY,0,0,0,1,FLT-HYD-010 · Augsburg
2024-07-19,FLT-HYD-010,Hydraulic filter 10 μm,Filters,Augsburg,BY,0,0,0,1,FLT-HYD-010 · Augsburg
2024-07-20,FLT-HYD-010,Hydraulic filter 10 μm,Filters,Augsburg,BY,0,0,0,1,FLT-HYD-010 · Augsburg
2024-07-21,FLT-HYD-010,Hydraulic filter 10 μm,Filters,Augsburg,BY,0,0,0,1,FLT-HYD-010 · Augsburg
2024-07-22,FLT-HYD-010,Hydraulic filter 10 μm,Filters,Augsburg,BY,0,0,0,1,FLT-HYD-010 · Augsburg
2024-07-23,FLT-HYD-010,Hydraulic filter 10 μm,Filters,Augsburg,BY,0,0,0,2,FLT-HYD-010 · Augsburg
2024-07-24,FLT-HYD-010,Hydraulic filter 10 μm,Filters,Augsburg,BY,0,0,0,2,FLT-HYD-010 · Augsburg
2024-07-25,FLT-HYD-010,Hydraulic filter 10 μm,Filters,Augsburg,BY,0,0,0,1,FLT-HYD-010 · Augsburg
2024-07-26,FLT-HYD-010,Hydraulic filter 10 μm,Filters,Augsburg,BY,0,0,0,2,FLT-HYD-010 · Augsburg
2024-07-27,FLT-HYD-010,Hydraulic filter 10 μm,Filters,Augsburg,BY,0,0,0,1,FLT-HYD-010 · Augsburg
2024-07-28,FLT-HYD-010,Hydraulic filter 10 μm,Filters,Augsburg,BY,0,0,0,0,FLT-HYD-010 · Augsburg
2024-07-29,FLT-HYD-010,Hydraulic filter 10 μm,Filters,Augsburg,BY,0,0,0,2,FLT-HYD-010 · Augsburg
2024-07-30,FLT-HYD-010,Hydraulic filter 10 μm,Filters,Augsburg,BY,0,0,0,1,FLT-HYD-010 · Augsburg
2024-07-31,FLT-HYD-010,Hydraulic filter 10 μm,Filters,Augsburg,BY,0,0,0,2,FLT-HYD-010 · Augsburg
2024-08-01,FLT-HYD-010,Hydraulic filter 10 μm,Filters,Augsburg,BY,0,0,0,1,FLT-HYD-010 · Augsburg
2024-08-02,FLT-HYD-010,Hydraulic filter 10 μm,Filters,Augsburg,BY,0,0,0,1,FLT-HYD-010 · Augsburg
2024-08-03,FLT-HYD-010,Hydraulic filter 10 μm,Filters,Augsburg,BY,0,0,0,1,FLT-HYD-010 · Augsburg
2024-08-04,FLT-HYD-010,Hydraulic filter 10 μm,Filters,Augsburg,BY,0,0,0,0,FLT-HYD-010 · Augsburg
2024-08-05,FLT-HYD-010,Hydraulic filter 10 μm,Filters,Augsburg,BY,0,1,0,0,FLT-HYD-010 · Augsburg
2024-08-06,FLT-HYD-010,Hydraulic filter 10 μm,Filters,Augsburg,BY,0,1,0,0,FLT-HYD-010 · Augsburg
2024-08-07,FLT-HYD-010,Hydraulic filter 10 μm,Filters,Augsburg,BY,0,1,0,0,FLT-HYD-010 · Augsburg
2024-08-08,FLT-HYD-010,Hydraulic filter 10 μm,Filters,Augsburg,BY,0,1,0,1,FLT-HYD-010 · Augsburg
2024-08-09,FLT-HYD-010,Hydraulic filter 10 μm,Filters,Augsburg,BY,0,1,0,0,FLT-HYD-010 · Augsburg
2024-08-10,FLT-HYD-010,Hydraulic filter 10 μm,Filters,Augsburg,BY,0,1,0,1,FLT-HYD-010 · Augsburg
2024-08-11,FLT-HYD-010,Hydraulic filter 10 μm,Filters,Augsburg,BY,0,1,0,0,FLT-HYD-010 · Augsburg
2024-08-12,FLT-HYD-010,Hydraulic filter 10 μm,Filters,Augsburg,BY,0,1,0,0,FLT-HYD-010 · Augsburg
2024-08-13,FLT-HYD-010,Hydraulic filter 10 μm,Filters,Augsburg,BY,0,1,0,0,FLT-HYD-010 · Augsburg
2024-08-14,FLT-HYD-010,Hydraulic filter 10 μm,Filters,Augsburg,BY,0,1,0,0,FLT-HYD-010 · Augsburg
2024-08-15,FLT-HYD-010,Hydraulic filter 10 μm,Filters,Augsburg,BY,0,1,0,1,FLT-HYD-010 · Augsburg
2024-08-16,FLT-HYD-010,Hydraulic filter 10 μm,Filters,Augsburg,BY,0,1,0,1,FLT-HYD-010 · Augsburg
2024-08-17,FLT-HYD-010,Hydraulic filter 10 μm,Filters,Augsburg,BY,0,1,0,0,FLT-HYD-010 · Augsburg
2024-08-18,FLT-HYD-010,Hydraulic filter 10 μm,Filters,Augsburg,BY,0,1,0,0,FLT-HYD-010 · Augsburg
2024-08-19,FLT-HYD-010,Hydraulic filter 10 μm,Filters,Augsburg,BY,0,0,0,3,FLT-HYD-010 · Augsburg
2024-08-20,FLT-HYD-010,Hydraulic filter 10 μm,Filters,Augsburg,BY,0,0,0,1,FLT-HYD-010 · Augsburg
2024-08-21,FLT-HYD-010,Hydraulic filter 10 μm,Filters,Augsburg,BY,0,0,0,1,FLT-HYD-010 · Augsburg
2024-08-22,FLT-HYD-010,Hydraulic filter 10 μm,Filters,Augsburg,BY,0,0,0,3,FLT-HYD-010 · Augsburg
2024-08-23,FLT-HYD-010,Hydraulic filter 10 μm,Filters,Augsburg,BY,0,0,0,2,FLT-HYD-010 · Augsburg
2024-08-24,FLT-HYD-010,Hydraulic filter 10 μm,Filters,Augsburg,BY,0,0,0,4,FLT-HYD-010 · Augsburg
2024-08-25,FLT-HYD-010,Hydraulic filter 10 μm,Filters,Augsburg,BY,0,0,0,3,FLT-HYD-010 · Augsburg
2024-08-26,FLT-HYD-010,Hydraulic filter 10 μm,Filters,Augsburg,BY,0,0,0,10,FLT-HYD-010 · Augsburg
2024-08-27,FLT-HYD-010,Hydraulic filter 10 μm,Filters,Augsburg,BY,0,0,0,17,FLT-HYD-010 · Augsburg
2024-08-28,FLT-HYD-010,Hydraulic filter 10 μm,Filters,Augsburg,BY,0,0,0,22,FLT-HYD-010 · Augsburg
2024-08-29,FLT-HYD-010,Hydraulic filter 10 μm,Filters,Augsburg,BY,0,0,0,34,FLT-HYD-010 · Augsburg
2024-08-30,FLT-HYD-010,Hydraulic filter 10 μm,Filters,Augsburg,BY,0,0,0,40,FLT-HYD-010 · Augsburg
2024-08-31,FLT-HYD-010,Hydraulic filter 10 μm,Filters,Augsburg,BY,0,0,0,23,FLT-HYD-010 · Augsburg
2024-09-01,FLT-HYD-010,Hydraulic filter 10 μm,Filters,Augsburg,BY,0,0,1,12,FLT-HYD-010 · Augsburg
2024-09-02,FLT-HYD-010,Hydraulic filter 10 μm,Filters,Augsburg,BY,0,0,1,15,FLT-HYD-010 · Augsburg
2024-09-03,FLT-HYD-010,Hydraulic filter 10 μm,Filters,Augsburg,BY,0,0,1,10,FLT-HYD-010 · Augsburg
2024-09-04,FLT-HYD-010,Hydraulic filter 10 μm,Filters,Augsburg,BY,0,0,1,7,FLT-HYD-010 · Augsburg
2024-09-05,FLT-HYD-010,Hydraulic filter 10 μm,Filters,Augsburg,BY,0,0,1,3,FLT-HYD-010 · Augsburg
2024-09-06,FLT-HYD-010,Hydraulic filter 10 μm,Filters,Augsburg,BY,0,0,1,2,FLT-HYD-010 · Augsburg
2024-09-07,FLT-HYD-010,Hydraulic filter 10 μm,Filters,Augsburg,BY,0,0,1,1,FLT-HYD-010 · Augsburg
2024-09-08,FLT-HYD-010,Hydraulic filter 10 μm,Filters,Augsburg,BY,0,0,0,1,FLT-HYD-010 · Augsburg
2024-09-09,FLT-HYD-010,Hydraulic filter 10 μm,Filters,Augsburg,BY,0,0,0,0,FLT-HYD-010 · Augsburg
2024-09-10,FLT-HYD-010,Hydraulic filter 10 μm,Filters,Augsburg,BY,0,0,0,2,FLT-HYD-010 · Augsburg
2024-09-11,FLT-HYD-010,Hydraulic filter 10 μm,Filters,Augsburg,BY,0,0,0,3,FLT-HYD-010 · Augsburg
2024-09-12,FLT-HYD-010,Hydraulic filter 10 μm,Filters,Augsburg,BY,0,0,0,0,FLT-HYD-010 · Augsburg
2024-09-13,FLT-HYD-010,Hydraulic filter 10 μm,Filters,Augsburg,BY,0,0,0,1,FLT-HYD-010 · Augsburg
2024-09-14,FLT-HYD-010,Hydraulic filter 10 μm,Filters,Augsburg,BY,0,0,0,1,FLT-HYD-010 · Augsburg
2024-09-15,FLT-HYD-010,Hydraulic filter 10 μm,Filters,Augsburg,BY,0,0,0,0,FLT-HYD-010 · Augsburg
2024-09-16,FLT-HYD-010,Hydraulic filter 10 μm,Filters,Augsburg,BY,0,0,0,2,FLT-HYD-010 · Augsburg
2024-09-17,FLT-HYD-010,Hydraulic filter 10 μm,Filters,Augsburg,BY,0,0,0,2,FLT-HYD-010 · Augsburg
2024-09-18,FLT-HYD-010,Hydraulic filter 10 μm,Filters,Augsburg,BY,0,0,0,2,FLT-HYD-010 · Augsburg
2024-09-19,FLT-HYD-010,Hydraulic filter 10 μm,Filters,Augsburg,BY,0,0,0,2,FLT-HYD-010 · Augsburg
2024-09-20,FLT-HYD-010,Hydraulic filter 10 μm,Filters,Augsburg,BY,0,0,0,1,FLT-HYD-010 · Augsburg
2024-09-21,FLT-HYD-010,Hydraulic filter 10 μm,Filters,Augsburg,BY,0,0,0,3,FLT-HYD-010 · Augsburg
2024-09-22,FLT-HYD-010,Hydraulic filter 10 μm,Filters,Augsburg,BY,0,0,0,1,FLT-HYD-010 · Augsburg
2024-09-23,FLT-HYD-010,Hydraulic filter 10 μm,Filters,Augsburg,BY,0,0,0,2,FLT-HYD-010 · Augsburg
2024-09-24,FLT-HYD-010,Hydraulic filter 10 μm,Filters,Augsburg,BY,0,0,0,0,FLT-HYD-010 · Augsburg
2024-09-25,FLT-HYD-010,Hydraulic filter 10 μm,Filters,Augsburg,BY,0,0,0,1,FLT-HYD-010 · Augsburg
2024-09-26,FLT-HYD-010,Hydraulic filter 10 μm,Filters,Augsburg,BY,0,0,0,2,FLT-HYD-010 · Augsburg
2024-09-27,FLT-HYD-010,Hydraulic filter 10 μm,Filters,Augsburg,BY,0,0,0,1,FLT-HYD-010 · Augsburg
2024-09-28,FLT-HYD-010,Hydraulic filter 10 μm,Filters,Augsburg,BY,0,0,0,0,FLT-HYD-010 · Augsburg
2024-09-29,FLT-HYD-010,Hydraulic filter 10 μm,Filters,Augsburg,BY,0,0,0,1,FLT-HYD-010 · Augsburg
2024-09-30,FLT-HYD-010,Hydraulic filter 10 μm,Filters,Augsburg,BY,0,0,0,2,FLT-HYD-010 · Augsburg
2024-10-01,FLT-HYD-010,Hydraulic filter 10 μm,Filters,Augsburg,BY,0,0,0,1,FLT-HYD-010 · Augsburg
2024-10-02,FLT-HYD-010,Hydraulic filter 10 μm,Filters,Augsburg,BY,0,0,0,1,FLT-HYD-010 · Augsburg
2024-10-03,FLT-HYD-010,Hydraulic filter 10 μm,Filters,Augsburg,BY,1,0,0,0,FLT-HYD-010 · Augsburg
2024-10-04,FLT-HYD-010,Hydraulic filter 10 μm,Filters,Augsburg,BY,0,0,0,2,FLT-HYD-010 · Augsburg
2024-10-05,FLT-HYD-010,Hydraulic filter 10 μm,Filters,Augsburg,BY,0,0,0,1,FLT-HYD-010 · Augsburg
2024-10-06,FLT-HYD-010,Hydraulic filter 10 μm,Filters,Augsburg,BY,0,0,0,0,FLT-HYD-010 · Augsburg
2024-10-07,FLT-HYD-010,Hydraulic filter 10 μm,Filters,Augsburg,BY,0,0,0,2,FLT-HYD-010 · Augsburg
2024-10-08,FLT-HYD-010,Hydraulic filter 10 μm,Filters,Augsburg,BY,0,0,0,2,FLT-HYD-010 · Augsburg
2024-10-09,FLT-HYD-010,Hydraulic filter 10 μm,Filters,Augsburg,BY,0,0,0,2,FLT-HYD-010 · Augsburg
2024-10-10,FLT-HYD-010,Hydraulic filter 10 μm,Filters,Augsburg,BY,0,0,0,2,FLT-HYD-010 · Augsburg
2024-10-11,FLT-HYD-010,Hydraulic filter 10 μm,Filters,Augsburg,BY,0,0,0,2,FLT-HYD-010 · Augsburg
2024-10-12,FLT-HYD-010,Hydraulic filter 10 μm,Filters,Augsburg,BY,0,0,0,1,FLT-HYD-010 · Augsburg
2024-10-13,FLT-HYD-010,Hydraulic filter 10 μm,Filters,Augsburg,BY,0,0,0,1,FLT-HYD-010 · Augsburg
2024-10-14,FLT-HYD-010,Hydraulic filter 10 μm,Filters,Augsburg,BY,0,0,0,0,FLT-HYD-010 · Augsburg
2024-10-15,FLT-HYD-010,Hydraulic filter 10 μm,Filters,Augsburg,BY,0,0,0,0,FLT-HYD-010 · Augsburg
2024-10-16,FLT-HYD-010,Hydraulic filter 10 μm,Filters,Augsburg,BY,0,0,0,1,FLT-HYD-010 · Augsburg
2024-10-17,FLT-HYD-010,Hydraulic filter 10 μm,Filters,Augsburg,BY,0,0,0,1,FLT-HYD-010 · Augsburg
2024-10-18,FLT-HYD-010,Hydraulic filter 10 μm,Filters,Augsburg,BY,0,0,0,2,FLT-HYD-010 · Augsburg
2024-10-19,FLT-HYD-010,Hydraulic filter 10 μm,Filters,Augsburg,BY,0,0,0,2,FLT-HYD-010 · Augsburg
2024-10-20,FLT-HYD-010,Hydraulic filter 10 μm,Filters,Augsburg,BY,0,0,0,4,FLT-HYD-010 · Augsburg
2024-10-21,FLT-HYD-010,Hydraulic filter 10 μm,Filters,Augsburg,BY,0,0,0,27,FLT-HYD-010 · Augsburg
2024-10-22,FLT-HYD-010,Hydraulic filter 10 μm,Filters,Augsburg,BY,0,0,0,17,FLT-HYD-010 · Augsburg
2024-10-23,FLT-HYD-010,Hydraulic filter 10 μm,Filters,Augsburg,BY,0,0,0,29,FLT-HYD-010 · Augsburg
2024-10-24,FLT-HYD-010,Hydraulic filter 10 μm,Filters,Augsburg,BY,0,0,0,31,FLT-HYD-010 · Augsburg
2024-10-25,FLT-HYD-010,Hydraulic filter 10 μm,Filters,Augsburg,BY,0,0,0,35,FLT-HYD-010 · Augsburg
2024-10-26,FLT-HYD-010,Hydraulic filter 10 μm,Filters,Augsburg,BY,0,0,0,23,FLT-HYD-010 · Augsburg
2024-10-27,FLT-HYD-010,Hydraulic filter 10 μm,Filters,Augsburg,BY,0,0,0,6,FLT-HYD-010 · Augsburg
2024-10-28,FLT-HYD-010,Hydraulic filter 10 μm,Filters,Augsburg,BY,0,0,0,24,FLT-HYD-010 · Augsburg
2024-10-29,FLT-HYD-010,Hydraulic filter 10 μm,Filters,Augsburg,BY,0,0,0,12,FLT-HYD-010 · Augsburg
2024-10-30,FLT-HYD-010,Hydraulic filter 10 μm,Filters,Augsburg,BY,0,0,0,5,FLT-HYD-010 · Augsburg
2024-10-31,FLT-HYD-010,Hydraulic filter 10 μm,Filters,Augsburg,BY,0,0,0,5,FLT-HYD-010 · Augsburg
2024-11-01,FLT-HYD-010,Hydraulic filter 10 μm,Filters,Augsburg,BY,1,0,0,0,FLT-HYD-010 · Augsburg
2024-11-02,FLT-HYD-010,Hydraulic filter 10 μm,Filters,Augsburg,BY,0,0,0,1,FLT-HYD-010 · Augsburg
2024-11-03,FLT-HYD-010,Hydraulic filter 10 μm,Filters,Augsburg,BY,0,0,0,0,FLT-HYD-010 · Augsburg
2024-11-04,FLT-HYD-010,Hydraulic filter 10 μm,Filters,Augsburg,BY,0,0,0,3,FLT-HYD-010 · Augsburg
2024-11-05,FLT-HYD-010,Hydraulic filter 10 μm,Filters,Augsburg,BY,0,0,0,1,FLT-HYD-010 · Augsburg
2024-11-06,FLT-HYD-010,Hydraulic filter 10 μm,Filters,Augsburg,BY,0,0,0,2,FLT-HYD-010 · Augsburg
2024-11-07,FLT-HYD-010,Hydraulic filter 10 μm,Filters,Augsburg,BY,0,0,0,2,FLT-HYD-010 · Augsburg
2024-11-08,FLT-HYD-010,Hydraulic filter 10 μm,Filters,Augsburg,BY,0,0,0,2,FLT-HYD-010 · Augsburg
2024-11-09,FLT-HYD-010,Hydraulic filter 10 μm,Filters,Augsburg,BY,0,0,0,1,FLT-HYD-010 · Augsburg
2024-11-10,FLT-HYD-010,Hydraulic filter 10 μm,Filters,Augsburg,BY,0,0,0,1,FLT-HYD-010 · Augsburg
2024-11-11,FLT-HYD-010,Hydraulic filter 10 μm,Filters,Augsburg,BY,0,0,0,3,FLT-HYD-010 · Augsburg
2024-11-12,FLT-HYD-010,Hydraulic filter 10 μm,Filters,Augsburg,BY,0,0,0,2,FLT-HYD-010 · Augsburg
2024-11-13,FLT-HYD-010,Hydraulic filter 10 μm,Filters,Augsburg,BY,0,0,0,1,FLT-HYD-010 · Augsburg
2024-11-14,FLT-HYD-010,Hydraulic filter 10 μm,Filters,Augsburg,BY,0,0,0,2,FLT-HYD-010 · Augsburg
2024-11-15,FLT-HYD-010,Hydraulic filter 10 μm,Filters,Augsburg,BY,0,0,0,2,FLT-HYD-010 · Augsburg
2024-11-16,FLT-HYD-010,Hydraulic filter 10 μm,Filters,Augsburg,BY,0,0,0,1,FLT-HYD-010 · Augsburg
2024-11-17,FLT-HYD-010,Hydraulic filter 10 μm,Filters,Augsburg,BY,0,0,0,1,FLT-HYD-010 · Augsburg
2024-11-18,FLT-HYD-010,Hydraulic filter 10 μm,Filters,Augsburg,BY,0,0,0,0,FLT-HYD-010 · Augsburg
2024-11-19,FLT-HYD-010,Hydraulic filter 10 μm,Filters,Augsburg,BY,0,0,0,1,FLT-HYD-010 · Augsburg
2024-11-20,FLT-HYD-010,Hydraulic filter 10 μm,Filters,Augsburg,BY,0,0,0,1,FLT-HYD-010 · Augsburg
2024-11-21,FLT-HYD-010,Hydraulic filter 10 μm,Filters,Augsburg,BY,0,0,0,1,FLT-HYD-010 · Augsburg
2024-11-22,FLT-HYD-010,Hydraulic filter 10 μm,Filters,Augsburg,BY,0,0,0,3,FLT-HYD-010 · Augsburg
2024-11-23,FLT-HYD-010,Hydraulic filter 10 μm,Filters,Augsburg,BY,0,0,0,1,FLT-HYD-010 · Augsburg
2024-11-24,FLT-HYD-010,Hydraulic filter 10 μm,Filters,Augsburg,BY,0,0,0,0,FLT-HYD-010 · Augsburg
2024-11-25,FLT-HYD-010,Hydraulic filter 10 μm,Filters,Augsburg,BY,0,0,0,1,FLT-HYD-010 · Augsburg
2024-11-26,FLT-HYD-010,Hydraulic filter 10 μm,Filters,Augsburg,BY,0,0,0,2,FLT-HYD-010 · Augsburg
2024-11-27,FLT-HYD-010,Hydraulic filter 10 μm,Filters,Augsburg,BY,0,0,0,2,FLT-HYD-010 · Augsburg
2024-11-28,FLT-HYD-010,Hydraulic filter 10 μm,Filters,Augsburg,BY,0,0,0,1,FLT-HYD-010 · Augsburg
2024-11-29,FLT-HYD-010,Hydraulic filter 10 μm,Filters,Augsburg,BY,0,0,0,1,FLT-HYD-010 · Augsburg
2024-11-30,FLT-HYD-010,Hydraulic filter 10 μm,Filters,Augsburg,BY,0,0,0,2,FLT-HYD-010 · Augsburg
2024-12-01,FLT-HYD-010,Hydraulic filter 10 μm,Filters,Augsburg,BY,0,0,0,0,FLT-HYD-010 · Augsburg
2024-12-02,FLT-HYD-010,Hydraulic filter 10 μm,Filters,Augsburg,BY,0,0,0,2,FLT-HYD-010 · Augsburg
2024-12-03,FLT-HYD-010,Hydraulic filter 10 μm,Filters,Augsburg,BY,0,0,0,3,FLT-HYD-010 · Augsburg
2024-12-04,FLT-HYD-010,Hydraulic filter 10 μm,Filters,Augsburg,BY,0,0,0,2,FLT-HYD-010 · Augsburg
2024-12-05,FLT-HYD-010,Hydraulic filter 10 μm,Filters,Augsburg,BY,0,0,0,1,FLT-HYD-010 · Augsburg
2024-12-06,FLT-HYD-010,Hydraulic filter 10 μm,Filters,Augsburg,BY,0,0,0,2,FLT-HYD-010 · Augsburg
2024-12-07,FLT-HYD-010,Hydraulic filter 10 μm,Filters,Augsburg,BY,0,0,0,1,FLT-HYD-010 · Augsburg
2024-12-08,FLT-HYD-010,Hydraulic filter 10 μm,Filters,Augsburg,BY,0,0,0,0,FLT-HYD-010 · Augsburg
2024-12-09,FLT-HYD-010,Hydraulic filter 10 μm,Filters,Augsburg,BY,0,0,0,2,FLT-HYD-010 · Augsburg
2024-12-10,FLT-HYD-010,Hydraulic filter 10 μm,Filters,Augsburg,BY,0,0,0,2,FLT-HYD-010 · Augsburg
2024-12-11,FLT-HYD-010,Hydraulic filter 10 μm,Filters,Augsburg,BY,0,0,0,1,FLT-HYD-010 · Augsburg
2024-12-12,FLT-HYD-010,Hydraulic filter 10 μm,Filters,Augsburg,BY,0,0,0,1,FLT-HYD-010 · Augsburg
2024-12-13,FLT-HYD-010,Hydraulic filter 10 μm,Filters,Augsburg,BY,0,0,0,1,FLT-HYD-010 · Augsburg
2024-12-14,FLT-HYD-010,Hydraulic filter 10 μm,Filters,Augsburg,BY,0,0,0,2,FLT-HYD-010 · Augsburg
2024-12-15,FLT-HYD-010,Hydraulic filter 10 μm,Filters,Augsburg,BY,0,0,0,2,FLT-HYD-010 · Augsburg
2024-12-16,FLT-HYD-010,Hydraulic filter 10 μm,Filters,Augsburg,BY,0,0,0,11,FLT-HYD-010 · Augsburg
2024-12-17,FLT-HYD-010,Hydraulic filter 10 μm,Filters,Augsburg,BY,0,0,0,26,FLT-HYD-010 · Augsburg
2024-12-18,FLT-HYD-010,Hydraulic filter 10 μm,Filters,Augsburg,BY,0,0,0,32,FLT-HYD-010 · Augsburg
2024-12-19,FLT-HYD-010,Hydraulic filter 10 μm,Filters,Augsburg,BY,0,0,0,40,FLT-HYD-010 · Augsburg
2024-12-20,FLT-HYD-010,Hydraulic filter 10 μm,Filters,Augsburg,BY,0,0,0,43,FLT-HYD-010 · Augsburg
2024-12-21,FLT-HYD-010,Hydraulic filter 10 μm,Filters,Augsburg,BY,0,0,0,26,FLT-HYD-010 · Augsburg
2024-12-22,FLT-HYD-010,Hydraulic filter 10 μm,Filters,Augsburg,BY,0,0,0,13,FLT-HYD-010 · Augsburg
2024-12-23,FLT-HYD-010,Hydraulic filter 10 μm,Filters,Augsburg,BY,0,0,0,22,FLT-HYD-010 · Augsburg
2024-12-24,FLT-HYD-010,Hydraulic filter 10 μm,Filters,Augsburg,BY,0,1,0,2,FLT-HYD-010 · Augsburg
2024-12-25,FLT-HYD-010,Hydraulic filter 10 μm,Filters,Augsburg,BY,1,1,0,0,FLT-HYD-010 · Augsburg
2024-12-26,FLT-HYD-010,Hydraulic filter 10 μm,Filters,Augsburg,BY,1,1,0,0,FLT-HYD-010 · Augsburg
2024-12-27,FLT-HYD-010,Hydraulic filter 10 μm,Filters,Augsburg,BY,0,1,0,0,FLT-HYD-010 · Augsburg
2024-12-28,FLT-HYD-010,Hydraulic filter 10 μm,Filters,Augsburg,BY,0,1,0,0,FLT-HYD-010 · Augsburg
2024-12-29,FLT-HYD-010,Hydraulic filter 10 μm,Filters,Augsburg,BY,0,1,0,0,FLT-HYD-010 · Augsburg
2024-12-30,FLT-HYD-010,Hydraulic filter 10 μm,Filters,Augsburg,BY,0,1,0,0,FLT-HYD-010 · Augsburg
2024-12-31,FLT-HYD-010,Hydraulic filter 10 μm,Filters,Augsburg,BY,0,1,0,0,FLT-HYD-010 · Augsburg
2023-01-01,FLT-HYD-010,Hydraulic filter 10 μm,Filters,Bremen,HB,1,1,0,0,FLT-HYD-010 · Bremen
2023-01-02,FLT-HYD-010,Hydraulic filter 10 μm,Filters,Bremen,HB,0,1,0,0,FLT-HYD-010 · Bremen
2023-01-03,FLT-HYD-010,Hydraulic filter 10 μm,Filters,Bremen,HB,0,0,0,2,FLT-HYD-010 · Bremen
2023-01-04,FLT-HYD-010,Hydraulic filter 10 μm,Filters,Bremen,HB,0,0,0,1,FLT-HYD-010 · Bremen
2023-01-05,FLT-HYD-010,Hydraulic filter 10 μm,Filters,Bremen,HB,0,0,0,1,FLT-HYD-010 · Bremen
2023-01-06,FLT-HYD-010,Hydraulic filter 10 μm,Filters,Bremen,HB,0,0,0,1,FLT-HYD-010 · Bremen
2023-01-07,FLT-HYD-010,Hydraulic filter 10 μm,Filters,Bremen,HB,0,0,0,0,FLT-HYD-010 · Bremen
2023-01-08,FLT-HYD-010,Hydraulic filter 10 μm,Filters,Bremen,HB,0,0,0,0,FLT-HYD-010 · Bremen
2023-01-09,FLT-HYD-010,Hydraulic filter 10 μm,Filters,Bremen,HB,0,0,0,1,FLT-HYD-010 · Bremen
2023-01-10,FLT-HYD-010,Hydraulic filter 10 μm,Filters,Bremen,HB,0,0,0,2,FLT-HYD-010 · Bremen
2023-01-11,FLT-HYD-010,Hydraulic filter 10 μm,Filters,Bremen,HB,0,0,0,2,FLT-HYD-010 · Bremen
2023-01-12,FLT-HYD-010,Hydraulic filter 10 μm,Filters,Bremen,HB,0,0,0,2,FLT-HYD-010 · Bremen
2023-01-13,FLT-HYD-010,Hydraulic filter 10 μm,Filters,Bremen,HB,0,0,0,1,FLT-HYD-010 · Bremen
2023-01-14,FLT-HYD-010,Hydraulic filter 10 μm,Filters,Bremen,HB,0,0,0,2,FLT-HYD-010 · Bremen
2023-01-15,FLT-HYD-010,Hydraulic filter 10 μm,Filters,Bremen,HB,0,0,0,0,FLT-HYD-010 · Bremen
2023-01-16,FLT-HYD-010,Hydraulic filter 10 μm,Filters,Bremen,HB,0,0,0,2,FLT-HYD-010 · Bremen
2023-01-17,FLT-HYD-010,Hydraulic filter 10 μm,Filters,Bremen,HB,0,0,0,2,FLT-HYD-010 · Bremen
2023-01-18,FLT-HYD-010,Hydraulic filter 10 μm,Filters,Bremen,HB,0,0,0,1,FLT-HYD-010 · Bremen
2023-01-19,FLT-HYD-010,Hydraulic filter 10 μm,Filters,Bremen,HB,0,0,0,2,FLT-HYD-010 · Bremen
2023-01-20,FLT-HYD-010,Hydraulic filter 10 μm,Filters,Bremen,HB,0,0,0,1,FLT-HYD-010 · Bremen
2023-01-21,FLT-HYD-010,Hydraulic filter 10 μm,Filters,Bremen,HB,0,0,0,1,FLT-HYD-010 · Bremen
2023-01-22,FLT-HYD-010,Hydraulic filter 10 μm,Filters,Bremen,HB,0,0,0,0,FLT-HYD-010 · Bremen
2023-01-23,FLT-HYD-010,Hydraulic filter 10 μm,Filters,Bremen,HB,0,0,0,1,FLT-HYD-010 · Bremen
2023-01-24,FLT-HYD-010,Hydraulic filter 10 μm,Filters,Bremen,HB,0,0,0,2,FLT-HYD-010 · Bremen
2023-01-25,FLT-HYD-010,Hydraulic filter 10 μm,Filters,Bremen,HB,0,0,0,1,FLT-HYD-010 · Bremen
2023-01-26,FLT-HYD-010,Hydraulic filter 10 μm,Filters,Bremen,HB,0,0,0,2,FLT-HYD-010 · Bremen
2023-01-27,FLT-HYD-010,Hydraulic filter 10 μm,Filters,Bremen,HB,0,0,0,1,FLT-HYD-010 · Bremen
2023-01-28,FLT-HYD-010,Hydraulic filter 10 μm,Filters,Bremen,HB,0,0,0,0,FLT-HYD-010 · Bremen
2023-01-29,FLT-HYD-010,Hydraulic filter 10 μm,Filters,Bremen,HB,0,0,0,1,FLT-HYD-010 · Bremen
2023-01-30,FLT-HYD-010,Hydraulic filter 10 μm,Filters,Bremen,HB,0,0,0,0,FLT-HYD-010 · Bremen
2023-01-31,FLT-HYD-010,Hydraulic filter 10 μm,Filters,Bremen,HB,0,0,0,1,FLT-HYD-010 · Bremen
2023-02-01,FLT-HYD-010,Hydraulic filter 10 μm,Filters,Bremen,HB,0,0,0,1,FLT-HYD-010 · Bremen
2023-02-02,FLT-HYD-010,Hydraulic filter 10 μm,Filters,Bremen,HB,0,0,0,1,FLT-HYD-010 · Bremen
2023-02-03,FLT-HYD-010,Hydraulic filter 10 μm,Filters,Bremen,HB,0,0,0,0,FLT-HYD-010 · Bremen
2023-02-04,FLT-HYD-010,Hydraulic filter 10 μm,Filters,Bremen,HB,0,0,0,0,FLT-HYD-010 · Bremen
2023-02-05,FLT-HYD-010,Hydraulic filter 10 μm,Filters,Bremen,HB,0,0,0,0,FLT-HYD-010 · Bremen
2023-02-06,FLT-HYD-010,Hydraulic filter 10 μm,Filters,Bremen,HB,0,0,0,2,FLT-HYD-010 · Bremen
2023-02-07,FLT-HYD-010,Hydraulic filter 10 μm,Filters,Bremen,HB,0,0,0,2,FLT-HYD-010 · Bremen
2023-02-08,FLT-HYD-010,Hydraulic filter 10 μm,Filters,Bremen,HB,0,0,0,0,FLT-HYD-010 · Bremen
2023-02-09,FLT-HYD-010,Hydraulic filter 10 μm,Filters,Bremen,HB,0,0,0,2,FLT-HYD-010 · Bremen
2023-02-10,FLT-HYD-010,Hydraulic filter 10 μm,Filters,Bremen,HB,0,0,0,3,FLT-HYD-010 · Bremen
2023-02-11,FLT-HYD-010,Hydraulic filter 10 μm,Filters,Bremen,HB,0,0,0,1,FLT-HYD-010 · Bremen
2023-02-12,FLT-HYD-010,Hydraulic filter 10 μm,Filters,Bremen,HB,0,0,0,0,FLT-HYD-010 · Bremen
2023-02-13,FLT-HYD-010,Hydraulic filter 10 μm,Filters,Bremen,HB,0,0,0,7,FLT-HYD-010 · Bremen
2023-02-14,FLT-HYD-010,Hydraulic filter 10 μm,Filters,Bremen,HB,0,0,0,13,FLT-HYD-010 · Bremen
2023-02-15,FLT-HYD-010,Hydraulic filter 10 μm,Filters,Bremen,HB,0,0,0,26,FLT-HYD-010 · Bremen
2023-02-16,FLT-HYD-010,Hydraulic filter 10 μm,Filters,Bremen,HB,0,0,0,27,FLT-HYD-010 · Bremen
2023-02-17,FLT-HYD-010,Hydraulic filter 10 μm,Filters,Bremen,HB,0,0,0,26,FLT-HYD-010 · Bremen
2023-02-18,FLT-HYD-010,Hydraulic filter 10 μm,Filters,Bremen,HB,0,0,0,18,FLT-HYD-010 · Bremen
2023-02-19,FLT-HYD-010,Hydraulic filter 10 μm,Filters,Bremen,HB,0,0,0,8,FLT-HYD-010 · Bremen
2023-02-20,FLT-HYD-010,Hydraulic filter 10 μm,Filters,Bremen,HB,0,0,0,16,FLT-HYD-010 · Bremen
2023-02-21,FLT-HYD-010,Hydraulic filter 10 μm,Filters,Bremen,HB,0,0,0,7,FLT-HYD-010 · Bremen
2023-02-22,FLT-HYD-010,Hydraulic filter 10 μm,Filters,Bremen,HB,0,0,0,4,FLT-HYD-010 · Bremen
2023-02-23,FLT-HYD-010,Hydraulic filter 10 μm,Filters,Bremen,HB,0,0,0,3,FLT-HYD-010 · Bremen
2023-02-24,FLT-HYD-010,Hydraulic filter 10 μm,Filters,Bremen,HB,0,0,0,3,FLT-HYD-010 · Bremen
2023-02-25,FLT-HYD-010,Hydraulic filter 10 μm,Filters,Bremen,HB,0,0,0,2,FLT-HYD-010 · Bremen
2023-02-26,FLT-HYD-010,Hydraulic filter 10 μm,Filters,Bremen,HB,0,0,0,0,FLT-HYD-010 · Bremen
2023-02-27,FLT-HYD-010,Hydraulic filter 10 μm,Filters,Bremen,HB,0,0,0,1,FLT-HYD-010 · Bremen
2023-02-28,FLT-HYD-010,Hydraulic filter 10 μm,Filters,Bremen,HB,0,0,0,1,FLT-HYD-010 · Bremen
2023-03-01,FLT-HYD-010,Hydraulic filter 10 μm,Filters,Bremen,HB,0,0,1,2,FLT-HYD-010 · Bremen
2023-03-02,FLT-HYD-010,Hydraulic filter 10 μm,Filters,Bremen,HB,0,0,1,0,FLT-HYD-010 · Bremen
2023-03-03,FLT-HYD-010,Hydraulic filter 10 μm,Filters,Bremen,HB,0,0,1,1,FLT-HYD-010 · Bremen
2023-03-04,FLT-HYD-010,Hydraulic filter 10 μm,Filters,Bremen,HB,0,0,1,0,FLT-HYD-010 · Bremen
2023-03-05,FLT-HYD-010,Hydraulic filter 10 μm,Filters,Bremen,HB,0,0,1,0,FLT-HYD-010 · Bremen
2023-03-06,FLT-HYD-010,Hydraulic filter 10 μm,Filters,Bremen,HB,0,0,1,0,FLT-HYD-010 · Bremen
2023-03-07,FLT-HYD-010,Hydraulic filter 10 μm,Filters,Bremen,HB,0,0,1,1,FLT-HYD-010 · Bremen
2023-03-08,FLT-HYD-010,Hydraulic filter 10 μm,Filters,Bremen,HB,0,0,0,1,FLT-HYD-010 · Bremen
2023-03-09,FLT-HYD-010,Hydraulic filter 10 μm,Filters,Bremen,HB,0,0,0,2,FLT-HYD-010 · Bremen
2023-03-10,FLT-HYD-010,Hydraulic filter 10 μm,Filters,Bremen,HB,0,0,0,1,FLT-HYD-010 · Bremen
2023-03-11,FLT-HYD-010,Hydraulic filter 10 μm,Filters,Bremen,HB,0,0,0,1,FLT-HYD-010 · Bremen
2023-03-12,FLT-HYD-010,Hydraulic filter 10 μm,Filters,Bremen,HB,0,0,0,1,FLT-HYD-010 · Bremen
2023-03-13,FLT-HYD-010,Hydraulic filter 10 μm,Filters,Bremen,HB,0,0,0,1,FLT-HYD-010 · Bremen
2023-03-14,FLT-HYD-010,Hydraulic filter 10 μm,Filters,Bremen,HB,0,0,0,1,FLT-HYD-010 · Bremen
2023-03-15,FLT-HYD-010,Hydraulic filter 10 μm,Filters,Bremen,HB,0,0,0,1,FLT-HYD-010 · Bremen
2023-03-16,FLT-HYD-010,Hydraulic filter 10 μm,Filters,Bremen,HB,0,0,0,2,FLT-HYD-010 · Bremen
2023-03-17,FLT-HYD-010,Hydraulic filter 10 μm,Filters,Bremen,HB,0,0,0,1,FLT-HYD-010 · Bremen
2023-03-18,FLT-HYD-010,Hydraulic filter 10 μm,Filters,Bremen,HB,0,0,0,0,FLT-HYD-010 · Bremen
2023-03-19,FLT-HYD-010,Hydraulic filter 10 μm,Filters,Bremen,HB,0,0,0,1,FLT-HYD-010 · Bremen
2023-03-20,FLT-HYD-010,Hydraulic filter 10 μm,Filters,Bremen,HB,0,0,0,1,FLT-HYD-010 · Bremen
2023-03-21,FLT-HYD-010,Hydraulic filter 10 μm,Filters,Bremen,HB,0,0,0,2,FLT-HYD-010 · Bremen
2023-03-22,FLT-HYD-010,Hydraulic filter 10 μm,Filters,Bremen,HB,0,0,0,1,FLT-HYD-010 · Bremen
2023-03-23,FLT-HYD-010,Hydraulic filter 10 μm,Filters,Bremen,HB,0,0,0,1,FLT-HYD-010 · Bremen
2023-03-24,FLT-HYD-010,Hydraulic filter 10 μm,Filters,Bremen,HB,0,0,0,1,FLT-HYD-010 · Bremen
2023-03-25,FLT-HYD-010,Hydraulic filter 10 μm,Filters,Bremen,HB,0,0,0,0,FLT-HYD-010 · Bremen
2023-03-26,FLT-HYD-010,Hydraulic filter 10 μm,Filters,Bremen,HB,0,0,0,0,FLT-HYD-010 · Bremen
2023-03-27,FLT-HYD-010,Hydraulic filter 10 μm,Filters,Bremen,HB,0,0,0,2,FLT-HYD-010 · Bremen
2023-03-28,FLT-HYD-010,Hydraulic filter 10 μm,Filters,Bremen,HB,0,0,0,0,FLT-HYD-010 · Bremen
2023-03-29,FLT-HYD-010,Hydraulic filter 10 μm,Filters,Bremen,HB,0,0,0,2,FLT-HYD-010 · Bremen
2023-03-30,FLT-HYD-010,Hydraulic filter 10 μm,Filters,Bremen,HB,0,0,0,1,FLT-HYD-010 · Bremen
2023-03-31,FLT-HYD-010,Hydraulic filter 10 μm,Filters,Bremen,HB,0,0,0,2,FLT-HYD-010 · Bremen
2023-04-01,FLT-HYD-010,Hydraulic filter 10 μm,Filters,Bremen,HB,0,0,0,1,FLT-HYD-010 · Bremen
2023-04-02,FLT-HYD-010,Hydraulic filter 10 μm,Filters,Bremen,HB,0,0,0,1,FLT-HYD-010 · Bremen
2023-04-03,FLT-HYD-010,Hydraulic filter 10 μm,Filters,Bremen,HB,0,0,0,1,FLT-HYD-010 · Bremen
2023-04-04,FLT-HYD-010,Hydraulic filter 10 μm,Filters,Bremen,HB,0,0,0,2,FLT-HYD-010 · Bremen
2023-04-05,FLT-HYD-010,Hydraulic filter 10 μm,Filters,Bremen,HB,0,0,0,1,FLT-HYD-010 · Bremen
2023-04-06,FLT-HYD-010,Hydraulic filter 10 μm,Filters,Bremen,HB,0,0,0,1,FLT-HYD-010 · Bremen
2023-04-07,FLT-HYD-010,Hydraulic filter 10 μm,Filters,Bremen,HB,1,0,0,1,FLT-HYD-010 · Bremen
2023-04-08,FLT-HYD-010,Hydraulic filter 10 μm,Filters,Bremen,HB,0,0,0,2,FLT-HYD-010 · Bremen
2023-04-09,FLT-HYD-010,Hydraulic filter 10 μm,Filters,Bremen,HB,0,0,0,2,FLT-HYD-010 · Bremen
2023-04-10,FLT-HYD-010,Hydraulic filter 10 μm,Filters,Bremen,HB,1,0,0,0,FLT-HYD-010 · Bremen
2023-04-11,FLT-HYD-010,Hydraulic filter 10 μm,Filters,Bremen,HB,0,0,0,20,FLT-HYD-010 · Bremen
2023-04-12,FLT-HYD-010,Hydraulic filter 10 μm,Filters,Bremen,HB,0,0,0,22,FLT-HYD-010 · Bremen
2023-04-13,FLT-HYD-010,Hydraulic filter 10 μm,Filters,Bremen,HB,0,0,0,36,FLT-HYD-010 · Bremen
2023-04-14,FLT-HYD-010,Hydraulic filter 10 μm,Filters,Bremen,HB,0,0,0,32,FLT-HYD-010 · Bremen
2023-04-15,FLT-HYD-010,Hydraulic filter 10 μm,Filters,Bremen,HB,0,0,0,19,FLT-HYD-010 · Bremen
2023-04-16,FLT-HYD-010,Hydraulic filter 10 μm,Filters,Bremen,HB,0,0,0,11,FLT-HYD-010 · Bremen
2023-04-17,FLT-HYD-010,Hydraulic filter 10 μm,Filters,Bremen,HB,0,0,0,21,FLT-HYD-010 · Bremen
2023-04-18,FLT-HYD-010,Hydraulic filter 10 μm,Filters,Bremen,HB,0,0,0,6,FLT-HYD-010 · Bremen
2023-04-19,FLT-HYD-010,Hydraulic filter 10 μm,Filters,Bremen,HB,0,0,0,5,FLT-HYD-010 · Bremen
2023-04-20,FLT-HYD-010,Hydraulic filter 10 μm,Filters,Bremen,HB,0,0,0,2,FLT-HYD-010 · Bremen
2023-04-21,FLT-HYD-010,Hydraulic filter 10 μm,Filters,Bremen,HB,0,0,0,1,FLT-HYD-010 · Bremen
2023-04-22,FLT-HYD-010,Hydraulic filter 10 μm,Filters,Bremen,HB,0,0,0,1,FLT-HYD-010 · Bremen
2023-04-23,FLT-HYD-010,Hydraulic filter 10 μm,Filters,Bremen,HB,0,0,0,0,FLT-HYD-010 · Bremen
2023-04-24,FLT-HYD-010,Hydraulic filter 10 μm,Filters,Bremen,HB,0,0,0,1,FLT-HYD-010 · Bremen
2023-04-25,FLT-HYD-010,Hydraulic filter 10 μm,Filters,Bremen,HB,0,0,0,1,FLT-HYD-010 · Bremen
2023-04-26,FLT-HYD-010,Hydraulic filter 10 μm,Filters,Bremen,HB,0,0,0,0,FLT-HYD-010 · Bremen
2023-04-27,FLT-HYD-010,Hydraulic filter 10 μm,Filters,Bremen,HB,0,0,0,1,FLT-HYD-010 · Bremen
2023-04-28,FLT-HYD-010,Hydraulic filter 10 μm,Filters,Bremen,HB,0,0,0,2,FLT-HYD-010 · Bremen
2023-04-29,FLT-HYD-010,Hydraulic filter 10 μm,Filters,Bremen,HB,0,0,0,0,FLT-HYD-010 · Bremen
2023-04-30,FLT-HYD-010,Hydraulic filter 10 μm,Filters,Bremen,HB,0,0,0,2,FLT-HYD-010 · Bremen
2023-05-01,FLT-HYD-010,Hydraulic filter 10 μm,Filters,Bremen,HB,1,0,0,1,FLT-HYD-010 · Bremen
2023-05-02,FLT-HYD-010,Hydraulic filter 10 μm,Filters,Bremen,HB,0,0,0,2,FLT-HYD-010 · Bremen
2023-05-03,FLT-HYD-010,Hydraulic filter 10 μm,Filters,Bremen,HB,0,0,0,2,FLT-HYD-010 · Bremen
2023-05-04,FLT-HYD-010,Hydraulic filter 10 μm,Filters,Bremen,HB,0,0,0,1,FLT-HYD-010 · Bremen
2023-05-05,FLT-HYD-010,Hydraulic filter 10 μm,Filters,Bremen,HB,0,0,0,2,FLT-HYD-010 · Bremen
2023-05-06,FLT-HYD-010,Hydraulic filter 10 μm,Filters,Bremen,HB,0,0,0,2,FLT-HYD-010 · Bremen
2023-05-07,FLT-HYD-010,Hydraulic filter 10 μm,Filters,Bremen,HB,0,0,0,1,FLT-HYD-010 · Bremen
2023-05-08,FLT-HYD-010,Hydraulic filter 10 μm,Filters,Bremen,HB,0,0,0,1,FLT-HYD-010 · Bremen
2023-05-09,FLT-HYD-010,Hydraulic filter 10 μm,Filters,Bremen,HB,0,0,0,1,FLT-HYD-010 · Bremen
2023-05-10,FLT-HYD-010,Hydraulic filter 10 μm,Filters,Bremen,HB,0,0,0,2,FLT-HYD-010 · Bremen
2023-05-11,FLT-HYD-010,Hydraulic filter 10 μm,Filters,Bremen,HB,0,0,0,2,FLT-HYD-010 · Bremen
2023-05-12,FLT-HYD-010,Hydraulic filter 10 μm,Filters,Bremen,HB,0,0,0,1,FLT-HYD-010 · Bremen
2023-05-13,FLT-HYD-010,Hydraulic filter 10 μm,Filters,Bremen,HB,0,0,0,0,FLT-HYD-010 · Bremen
2023-05-14,FLT-HYD-010,Hydraulic filter 10 μm,Filters,Bremen,HB,0,0,0,1,FLT-HYD-010 · Bremen
2023-05-15,FLT-HYD-010,Hydraulic filter 10 μm,Filters,Bremen,HB,0,0,0,1,FLT-HYD-010 · Bremen
2023-05-16,FLT-HYD-010,Hydraulic filter 10 μm,Filters,Bremen,HB,0,0,0,2,FLT-HYD-010 · Bremen
2023-05-17,FLT-HYD-010,Hydraulic filter 10 μm,Filters,Bremen,HB,0,0,0,0,FLT-HYD-010 · Bremen
2023-05-18,FLT-HYD-010,Hydraulic filter 10 μm,Filters,Bremen,HB,1,0,0,0,FLT-HYD-010 · Bremen
2023-05-19,FLT-HYD-010,Hydraulic filter 10 μm,Filters,Bremen,HB,0,0,0,2,FLT-HYD-010 · Bremen
2023-05-20,FLT-HYD-010,Hydraulic filter 10 μm,Filters,Bremen,HB,0,0,0,1,FLT-HYD-010 · Bremen
2023-05-21,FLT-HYD-010,Hydraulic filter 10 μm,Filters,Bremen,HB,0,0,0,0,FLT-HYD-010 · Bremen
2023-05-22,FLT-HYD-010,Hydraulic filter 10 μm,Filters,Bremen,HB,0,0,0,1,FLT-HYD-010 · Bremen
2023-05-23,FLT-HYD-010,Hydraulic filter 10 μm,Filters,Bremen,HB,0,0,0,1,FLT-HYD-010 · Bremen
2023-05-24,FLT-HYD-010,Hydraulic filter 10 μm,Filters,Bremen,HB,0,0,0,0,FLT-HYD-010 · Bremen
2023-05-25,FLT-HYD-010,Hydraulic filter 10 μm,Filters,Bremen,HB,0,0,0,2,FLT-HYD-010 · Bremen
2023-05-26,FLT-HYD-010,Hydraulic filter 10 μm,Filters,Bremen,HB,0,0,0,2,FLT-HYD-010 · Bremen
2023-05-27,FLT-HYD-010,Hydraulic filter 10 μm,Filters,Bremen,HB,0,0,0,1,FLT-HYD-010 · Bremen
2023-05-28,FLT-HYD-010,Hydraulic filter 10 μm,Filters,Bremen,HB,0,0,0,0,FLT-HYD-010 · Bremen
2023-05-29,FLT-HYD-010,Hydraulic filter 10 μm,Filters,Bremen,HB,1,0,0,0,FLT-HYD-010 · Bremen
2023-05-30,FLT-HYD-010,Hydraulic filter 10 μm,Filters,Bremen,HB,0,0,0,1,FLT-HYD-010 · Bremen
2023-05-31,FLT-HYD-010,Hydraulic filter 10 μm,Filters,Bremen,HB,0,0,0,1,FLT-HYD-010 · Bremen
2023-06-01,FLT-HYD-010,Hydraulic filter 10 μm,Filters,Bremen,HB,0,0,0,1,FLT-HYD-010 · Bremen
2023-06-02,FLT-HYD-010,Hydraulic filter 10 μm,Filters,Bremen,HB,0,0,0,1,FLT-HYD-010 · Bremen
2023-06-03,FLT-HYD-010,Hydraulic filter 10 μm,Filters,Bremen,HB,0,0,0,0,FLT-HYD-010 · Bremen
2023-06-04,FLT-HYD-010,Hydraulic filter 10 μm,Filters,Bremen,HB,0,0,0,3,FLT-HYD-010 · Bremen
2023-06-05,FLT-HYD-010,Hydraulic filter 10 μm,Filters,Bremen,HB,0,0,0,8,FLT-HYD-010 · Bremen
2023-06-06,FLT-HYD-010,Hydraulic filter 10 μm,Filters,Bremen,HB,0,0,0,14,FLT-HYD-010 · Bremen
2023-06-07,FLT-HYD-010,Hydraulic filter 10 μm,Filters,Bremen,HB,0,0,0,19,FLT-HYD-010 · Bremen
2023-06-08,FLT-HYD-010,Hydraulic filter 10 μm,Filters,Bremen,HB,0,0,0,20,FLT-HYD-010 · Bremen
2023-06-09,FLT-HYD-010,Hydraulic filter 10 μm,Filters,Bremen,HB,0,0,0,26,FLT-HYD-010 · Bremen
2023-06-10,FLT-HYD-010,Hydraulic filter 10 μm,Filters,Bremen,HB,0,0,0,16,FLT-HYD-010 · Bremen
2023-06-11,FLT-HYD-010,Hydraulic filter 10 μm,Filters,Bremen,HB,0,0,0,10,FLT-HYD-010 · Bremen
2023-06-12,FLT-HYD-010,Hydraulic filter 10 μm,Filters,Bremen,HB,0,0,0,16,FLT-HYD-010 · Bremen
2023-06-13,FLT-HYD-010,Hydraulic filter 10 μm,Filters,Bremen,HB,0,0,0,9,FLT-HYD-010 · Bremen
2023-06-14,FLT-HYD-010,Hydraulic filter 10 μm,Filters,Bremen,HB,0,0,0,5,FLT-HYD-010 · Bremen
2023-06-15,FLT-HYD-010,Hydraulic filter 10 μm,Filters,Bremen,HB,0,0,0,4,FLT-HYD-010 · Bremen
2023-06-16,FLT-HYD-010,Hydraulic filter 10 μm,Filters,Bremen,HB,0,0,0,2,FLT-HYD-010 · Bremen
2023-06-17,FLT-HYD-010,Hydraulic filter 10 μm,Filters,Bremen,HB,0,0,0,1,FLT-HYD-010 · Bremen
2023-06-18,FLT-HYD-010,Hydraulic filter 10 μm,Filters,Bremen,HB,0,0,0,1,FLT-HYD-010 · Bremen
2023-06-19,FLT-HYD-010,Hydraulic filter 10 μm,Filters,Bremen,HB,0,0,0,0,FLT-HYD-010 · Bremen
2023-06-20,FLT-HYD-010,Hydraulic filter 10 μm,Filters,Bremen,HB,0,0,0,1,FLT-HYD-010 · Bremen
2023-06-21,FLT-HYD-010,Hydraulic filter 10 μm,Filters,Bremen,HB,0,0,0,1,FLT-HYD-010 · Bremen
2023-06-22,FLT-HYD-010,Hydraulic filter 10 μm,Filters,Bremen,HB,0,0,0,1,FLT-HYD-010 · Bremen
2023-06-23,FLT-HYD-010,Hydraulic filter 10 μm,Filters,Bremen,HB,0,0,0,0,FLT-HYD-010 · Bremen
2023-06-24,FLT-HYD-010,Hydraulic filter 10 μm,Filters,Bremen,HB,0,0,0,1,FLT-HYD-010 · Bremen
2023-06-25,FLT-HYD-010,Hydraulic filter 10 μm,Filters,Bremen,HB,0,0,0,1,FLT-HYD-010 · Bremen
2023-06-26,FLT-HYD-010,Hydraulic filter 10 μm,Filters,Bremen,HB,0,0,0,2,FLT-HYD-010 · Bremen
2023-06-27,FLT-HYD-010,Hydraulic filter 10 μm,Filters,Bremen,HB,0,0,0,2,FLT-HYD-010 · Bremen
2023-06-28,FLT-HYD-010,Hydraulic filter 10 μm,Filters,Bremen,HB,0,0,0,0,FLT-HYD-010 · Bremen
2023-06-29,FLT-HYD-010,Hydraulic filter 10 μm,Filters,Bremen,HB,0,0,0,0,FLT-HYD-010 · Bremen
2023-06-30,FLT-HYD-010,Hydraulic filter 10 μm,Filters,Bremen,HB,0,0,0,3,FLT-HYD-010 · Bremen
2023-07-01,FLT-HYD-010,Hydraulic filter 10 μm,Filters,Bremen,HB,0,0,0,1,FLT-HYD-010 · Bremen
2023-07-02,FLT-HYD-010,Hydraulic filter 10 μm,Filters,Bremen,HB,0,0,0,1,FLT-HYD-010 · Bremen
2023-07-03,FLT-HYD-010,Hydraulic filter 10 μm,Filters,Bremen,HB,0,0,0,1,FLT-HYD-010 · Bremen
2023-07-04,FLT-HYD-010,Hydraulic filter 10 μm,Filters,Bremen,HB,0,0,0,1,FLT-HYD-010 · Bremen
2023-07-05,FLT-HYD-010,Hydraulic filter 10 μm,Filters,Bremen,HB,0,0,0,0,FLT-HYD-010 · Bremen
2023-07-06,FLT-HYD-010,Hydraulic filter 10 μm,Filters,Bremen,HB,0,0,0,0,FLT-HYD-010 · Bremen
2023-07-07,FLT-HYD-010,Hydraulic filter 10 μm,Filters,Bremen,HB,0,0,0,1,FLT-HYD-010 · Bremen
2023-07-08,FLT-HYD-010,Hydraulic filter 10 μm,Filters,Bremen,HB,0,0,0,0,FLT-HYD-010 · Bremen
2023-07-09,FLT-HYD-010,Hydraulic filter 10 μm,Filters,Bremen,HB,0,0,0,0,FLT-HYD-010 · Bremen
2023-07-10,FLT-HYD-010,Hydraulic filter 10 μm,Filters,Bremen,HB,0,0,0,2,FLT-HYD-010 · Bremen
2023-07-11,FLT-HYD-010,Hydraulic filter 10 μm,Filters,Bremen,HB,0,0,0,1,FLT-HYD-010 · Bremen
2023-07-12,FLT-HYD-010,Hydraulic filter 10 μm,Filters,Bremen,HB,0,0,0,1,FLT-HYD-010 · Bremen
2023-07-13,FLT-HYD-010,Hydraulic filter 10 μm,Filters,Bremen,HB,0,0,0,1,FLT-HYD-010 · Bremen
2023-07-14,FLT-HYD-010,Hydraulic filter 10 μm,Filters,Bremen,HB,0,0,0,1,FLT-HYD-010 · Bremen
2023-07-15,FLT-HYD-010,Hydraulic filter 10 μm,Filters,Bremen,HB,0,0,0,0,FLT-HYD-010 · Bremen
2023-07-16,FLT-HYD-010,Hydraulic filter 10 μm,Filters,Bremen,HB,0,0,0,1,FLT-HYD-010 · Bremen
2023-07-17,FLT-HYD-010,Hydraulic filter 10 μm,Filters,Bremen,HB,0,0,0,1,FLT-HYD-010 · Bremen
2023-07-18,FLT-HYD-010,Hydraulic filter 10 μm,Filters,Bremen,HB,0,0,0,0,FLT-HYD-010 · Bremen
2023-07-19,FLT-HYD-010,Hydraulic filter 10 μm,Filters,Bremen,HB,0,0,0,1,FLT-HYD-010 · Bremen
2023-07-20,FLT-HYD-010,Hydraulic filter 10 μm,Filters,Bremen,HB,0,0,0,1,FLT-HYD-010 · Bremen
2023-07-21,FLT-HYD-010,Hydraulic filter 10 μm,Filters,Bremen,HB,0,0,0,1,FLT-HYD-010 · Bremen
2023-07-22,FLT-HYD-010,Hydraulic filter 10 μm,Filters,Bremen,HB,0,0,0,1,FLT-HYD-010 · Bremen
2023-07-23,FLT-HYD-010,Hydraulic filter 10 μm,Filters,Bremen,HB,0,0,0,1,FLT-HYD-010 · Bremen
2023-07-24,FLT-HYD-010,Hydraulic filter 10 μm,Filters,Bremen,HB,0,0,0,1,FLT-HYD-010 · Bremen
2023-07-25,FLT-HYD-010,Hydraulic filter 10 μm,Filters,Bremen,HB,0,0,0,1,FLT-HYD-010 · Bremen
2023-07-26,FLT-HYD-010,Hydraulic filter 10 μm,Filters,Bremen,HB,0,0,0,1,FLT-HYD-010 · Bremen
2023-07-27,FLT-HYD-010,Hydraulic filter 10 μm,Filters,Bremen,HB,0,0,0,0,FLT-HYD-010 · Bremen
2023-07-28,FLT-HYD-010,Hydraulic filter 10 μm,Filters,Bremen,HB,0,0,0,2,FLT-HYD-010 · Bremen
2023-07-29,FLT-HYD-010,Hydraulic filter 10 μm,Filters,Bremen,HB,0,0,0,2,FLT-HYD-010 · Bremen
2023-07-30,FLT-HYD-010,Hydraulic filter 10 μm,Filters,Bremen,HB,0,0,0,1,FLT-HYD-010 · Bremen
2023-07-31,FLT-HYD-010,Hydraulic filter 10 μm,Filters,Bremen,HB,0,0,0,8,FLT-HYD-010 · Bremen
2023-08-01,FLT-HYD-010,Hydraulic filter 10 μm,Filters,Bremen,HB,0,0,0,14,FLT-HYD-010 · Bremen
2023-08-02,FLT-HYD-010,Hydraulic filter 10 μm,Filters,Bremen,HB,0,0,0,23,FLT-HYD-010 · Bremen
2023-08-03,FLT-HYD-010,Hydraulic filter 10 μm,Filters,Bremen,HB,0,0,0,26,FLT-HYD-010 · Bremen
2023-08-04,FLT-HYD-010,Hydraulic filter 10 μm,Filters,Bremen,HB,0,0,0,27,FLT-HYD-010 · Bremen
2023-08-05,FLT-HYD-010,Hydraulic filter 10 μm,Filters,Bremen,HB,0,0,0,18,FLT-HYD-010 · Bremen
2023-08-06,FLT-HYD-010,Hydraulic filter 10 μm,Filters,Bremen,HB,0,0,0,9,FLT-HYD-010 · Bremen
2023-08-07,FLT-HYD-010,Hydraulic filter 10 μm,Filters,Bremen,HB,0,1,0,3,FLT-HYD-010 · Bremen
2023-08-08,FLT-HYD-010,Hydraulic filter 10 μm,Filters,Bremen,HB,0,1,0,1,FLT-HYD-010 · Bremen
2023-08-09,FLT-HYD-010,Hydraulic filter 10 μm,Filters,Bremen,HB,0,1,0,1,FLT-HYD-010 · Bremen
2023-08-10,FLT-HYD-010,Hydraulic filter 10 μm,Filters,Bremen,HB,0,1,0,0,FLT-HYD-010 · Bremen
2023-08-11,FLT-HYD-010,Hydraulic filter 10 μm,Filters,Bremen,HB,0,1,0,1,FLT-HYD-010 · Bremen
2023-08-12,FLT-HYD-010,Hydraulic filter 10 μm,Filters,Bremen,HB,0,1,0,0,FLT-HYD-010 · Bremen
2023-08-13,FLT-HYD-010,Hydraulic filter 10 μm,Filters,Bremen,HB,0,1,0,1,FLT-HYD-010 · Bremen
2023-08-14,FLT-HYD-010,Hydraulic filter 10 μm,Filters,Bremen,HB,0,1,0,0,FLT-HYD-010 · Bremen
2023-08-15,FLT-HYD-010,Hydraulic filter 10 μm,Filters,Bremen,HB,0,1,0,0,FLT-HYD-010 · Bremen
2023-08-16,FLT-HYD-010,Hydraulic filter 10 μm,Filters,Bremen,HB,0,1,0,0,FLT-HYD-010 · Bremen
2023-08-17,FLT-HYD-010,Hydraulic filter 10 μm,Filters,Bremen,HB,0,1,0,0,FLT-HYD-010 · Bremen
2023-08-18,FLT-HYD-010,Hydraulic filter 10 μm,Filters,Bremen,HB,0,1,0,0,FLT-HYD-010 · Bremen
2023-08-19,FLT-HYD-010,Hydraulic filter 10 μm,Filters,Bremen,HB,0,1,0,0,FLT-HYD-010 · Bremen
2023-08-20,FLT-HYD-010,Hydraulic filter 10 μm,Filters,Bremen,HB,0,1,0,0,FLT-HYD-010 · Bremen
2023-08-21,FLT-HYD-010,Hydraulic filter 10 μm,Filters,Bremen,HB,0,0,0,1,FLT-HYD-010 · Bremen
2023-08-22,FLT-HYD-010,Hydraulic filter 10 μm,Filters,Bremen,HB,0,0,0,0,FLT-HYD-010 · Bremen
2023-08-23,FLT-HYD-010,Hydraulic filter 10 μm,Filters,Bremen,HB,0,0,0,2,FLT-HYD-010 · Bremen
2023-08-24,FLT-HYD-010,Hydraulic filter 10 μm,Filters,Bremen,HB,0,0,0,1,FLT-HYD-010 · Bremen
2023-08-25,FLT-HYD-010,Hydraulic filter 10 μm,Filters,Bremen,HB,0,0,0,1,FLT-HYD-010 · Bremen
2023-08-26,FLT-HYD-010,Hydraulic filter 10 μm,Filters,Bremen,HB,0,0,0,2,FLT-HYD-010 · Bremen
2023-08-27,FLT-HYD-010,Hydraulic filter 10 μm,Filters,Bremen,HB,0,0,0,0,FLT-HYD-010 · Bremen
2023-08-28,FLT-HYD-010,Hydraulic filter 10 μm,Filters,Bremen,HB,0,0,0,2,FLT-HYD-010 · Bremen
2023-08-29,FLT-HYD-010,Hydraulic filter 10 μm,Filters,Bremen,HB,0,0,0,1,FLT-HYD-010 · Bremen
2023-08-30,FLT-HYD-010,Hydraulic filter 10 μm,Filters,Bremen,HB,0,0,0,1,FLT-HYD-010 · Bremen
2023-08-31,FLT-HYD-010,Hydraulic filter 10 μm,Filters,Bremen,HB,0,0,0,2,FLT-HYD-010 · Bremen
2023-09-01,FLT-HYD-010,Hydraulic filter 10 μm,Filters,Bremen,HB,0,0,1,2,FLT-HYD-010 · Bremen
2023-09-02,FLT-HYD-010,Hydraulic filter 10 μm,Filters,Bremen,HB,0,0,1,0,FLT-HYD-010 · Bremen
2023-09-03,FLT-HYD-010,Hydraulic filter 10 μm,Filters,Bremen,HB,0,0,1,1,FLT-HYD-010 · Bremen
2023-09-04,FLT-HYD-010,Hydraulic filter 10 μm,Filters,Bremen,HB,0,0,1,1,FLT-HYD-010 · Bremen
2023-09-05,FLT-HYD-010,Hydraulic filter 10 μm,Filters,Bremen,HB,0,0,1,1,FLT-HYD-010 · Bremen
2023-09-06,FLT-HYD-010,Hydraulic filter 10 μm,Filters,Bremen,HB,0,0,1,1,FLT-HYD-010 · Bremen
2023-09-07,FLT-HYD-010,Hydraulic filter 10 μm,Filters,Bremen,HB,0,0,1,1,FLT-HYD-010 · Bremen
2023-09-08,FLT-HYD-010,Hydraulic filter 10 μm,Filters,Bremen,HB,0,0,0,0,FLT-HYD-010 · Bremen
2023-09-09,FLT-HYD-010,Hydraulic filter 10 μm,Filters,Bremen,HB,0,0,0,2,FLT-HYD-010 · Bremen
2023-09-10,FLT-HYD-010,Hydraulic filter 10 μm,Filters,Bremen,HB,0,0,0,0,FLT-HYD-010 · Bremen
2023-09-11,FLT-HYD-010,Hydraulic filter 10 μm,Filters,Bremen,HB,0,0,0,1,FLT-HYD-010 · Bremen
2023-09-12,FLT-HYD-010,Hydraulic filter 10 μm,Filters,Bremen,HB,0,0,0,1,FLT-HYD-010 · Bremen
2023-09-13,FLT-HYD-010,Hydraulic filter 10 μm,Filters,Bremen,HB,0,0,0,1,FLT-HYD-010 · Bremen
2023-09-14,FLT-HYD-010,Hydraulic filter 10 μm,Filters,Bremen,HB,0,0,0,1,FLT-HYD-010 · Bremen
2023-09-15,FLT-HYD-010,Hydraulic filter 10 μm,Filters,Bremen,HB,0,0,0,1,FLT-HYD-010 · Bremen
2023-09-16,FLT-HYD-010,Hydraulic filter 10 μm,Filters,Bremen,HB,0,0,0,0,FLT-HYD-010 · Bremen
2023-09-17,FLT-HYD-010,Hydraulic filter 10 μm,Filters,Bremen,HB,0,0,0,1,FLT-HYD-010 · Bremen
2023-09-18,FLT-HYD-010,Hydraulic filter 10 μm,Filters,Bremen,HB,0,0,0,1,FLT-HYD-010 · Bremen
2023-09-19,FLT-HYD-010,Hydraulic filter 10 μm,Filters,Bremen,HB,0,0,0,2,FLT-HYD-010 · Bremen
2023-09-20,FLT-HYD-010,Hydraulic filter 10 μm,Filters,Bremen,HB,0,0,0,0,FLT-HYD-010 · Bremen
2023-09-21,FLT-HYD-010,Hydraulic filter 10 μm,Filters,Bremen,HB,0,0,0,1,FLT-HYD-010 · Bremen
2023-09-22,FLT-HYD-010,Hydraulic filter 10 μm,Filters,Bremen,HB,0,0,0,2,FLT-HYD-010 · Bremen
2023-09-23,FLT-HYD-010,Hydraulic filter 10 μm,Filters,Bremen,HB,0,0,0,1,FLT-HYD-010 · Bremen
2023-09-24,FLT-HYD-010,Hydraulic filter 10 μm,Filters,Bremen,HB,0,0,0,1,FLT-HYD-010 · Bremen
2023-09-25,FLT-HYD-010,Hydraulic filter 10 μm,Filters,Bremen,HB,0,0,0,8,FLT-HYD-010 · Bremen
2023-09-26,FLT-HYD-010,Hydraulic filter 10 μm,Filters,Bremen,HB,0,0,0,16,FLT-HYD-010 · Bremen
2023-09-27,FLT-HYD-010,Hydraulic filter 10 μm,Filters,Bremen,HB,0,0,0,23,FLT-HYD-010 · Bremen
2023-09-28,FLT-HYD-010,Hydraulic filter 10 μm,Filters,Bremen,HB,0,0,0,30,FLT-HYD-010 · Bremen
2023-09-29,FLT-HYD-010,Hydraulic filter 10 μm,Filters,Bremen,HB,0,0,0,29,FLT-HYD-010 · Bremen
2023-09-30,FLT-HYD-010,Hydraulic filter 10 μm,Filters,Bremen,HB,0,0,0,21,FLT-HYD-010 · Bremen
2023-10-01,FLT-HYD-010,Hydraulic filter 10 μm,Filters,Bremen,HB,0,0,0,13,FLT-HYD-010 · Bremen
2023-10-02,FLT-HYD-010,Hydraulic filter 10 μm,Filters,Bremen,HB,0,0,0,13,FLT-HYD-010 · Bremen
2023-10-03,FLT-HYD-010,Hydraulic filter 10 μm,Filters,Bremen,HB,1,0,0,0,FLT-HYD-010 · Bremen
2023-10-04,FLT-HYD-010,Hydraulic filter 10 μm,Filters,Bremen,HB,0,0,0,6,FLT-HYD-010 · Bremen
2023-10-05,FLT-HYD-010,Hydraulic filter 10 μm,Filters,Bremen,HB,0,0,0,4,FLT-HYD-010 · Bremen
2023-10-06,FLT-HYD-010,Hydraulic filter 10 μm,Filters,Bremen,HB,0,0,0,0,FLT-HYD-010 · Bremen
2023-10-07,FLT-HYD-010,Hydraulic filter 10 μm,Filters,Bremen,HB,0,0,0,1,FLT-HYD-010 · Bremen
2023-10-08,FLT-HYD-010,Hydraulic filter 10 μm,Filters,Bremen,HB,0,0,0,2,FLT-HYD-010 · Bremen
2023-10-09,FLT-HYD-010,Hydraulic filter 10 μm,Filters,Bremen,HB,0,0,0,1,FLT-HYD-010 · Bremen
2023-10-10,FLT-HYD-010,Hydraulic filter 10 μm,Filters,Bremen,HB,0,0,0,2,FLT-HYD-010 · Bremen
2023-10-11,FLT-HYD-010,Hydraulic filter 10 μm,Filters,Bremen,HB,0,0,0,1,FLT-HYD-010 · Bremen
2023-10-12,FLT-HYD-010,Hydraulic filter 10 μm,Filters,Bremen,HB,0,0,0,1,FLT-HYD-010 · Bremen
2023-10-13,FLT-HYD-010,Hydraulic filter 10 μm,Filters,Bremen,HB,0,0,0,1,FLT-HYD-010 · Bremen
2023-10-14,FLT-HYD-010,Hydraulic filter 10 μm,Filters,Bremen,HB,0,0,0,1,FLT-HYD-010 · Bremen
2023-10-15,FLT-HYD-010,Hydraulic filter 10 μm,Filters,Bremen,HB,0,0,0,1,FLT-HYD-010 · Bremen
2023-10-16,FLT-HYD-010,Hydraulic filter 10 μm,Filters,Bremen,HB,0,0,0,2,FLT-HYD-010 · Bremen
2023-10-17,FLT-HYD-010,Hydraulic filter 10 μm,Filters,Bremen,HB,0,0,0,2,FLT-HYD-010 · Bremen
2023-10-18,FLT-HYD-010,Hydraulic filter 10 μm,Filters,Bremen,HB,0,0,0,1,FLT-HYD-010 · Bremen
2023-10-19,FLT-HYD-010,Hydraulic filter 10 μm,Filters,Bremen,HB,0,0,0,3,FLT-HYD-010 · Bremen
2023-10-20,FLT-HYD-010,Hydraulic filter 10 μm,Filters,Bremen,HB,0,0,0,2,FLT-HYD-010 · Bremen
2023-10-21,FLT-HYD-010,Hydraulic filter 10 μm,Filters,Bremen,HB,0,0,0,1,FLT-HYD-010 · Bremen
2023-10-22,FLT-HYD-010,Hydraulic filter 10 μm,Filters,Bremen,HB,0,0,0,0,FLT-HYD-010 · Bremen
2023-10-23,FLT-HYD-010,Hydraulic filter 10 μm,Filters,Bremen,HB,0,0,0,0,FLT-HYD-010 · Bremen
2023-10-24,FLT-HYD-010,Hydraulic filter 10 μm,Filters,Bremen,HB,0,0,0,0,FLT-HYD-010 · Bremen
2023-10-25,FLT-HYD-010,Hydraulic filter 10 μm,Filters,Bremen,HB,0,0,0,1,FLT-HYD-010 · Bremen
2023-10-26,FLT-HYD-010,Hydraulic filter 10 μm,Filters,Bremen,HB,0,0,0,2,FLT-HYD-010 · Bremen
2023-10-27,FLT-HYD-010,Hydraulic filter 10 μm,Filters,Bremen,HB,0,0,0,1,FLT-HYD-010 · Bremen
2023-10-28,FLT-HYD-010,Hydraulic filter 10 μm,Filters,Bremen,HB,0,0,0,0,FLT-HYD-010 · Bremen
2023-10-29,FLT-HYD-010,Hydraulic filter 10 μm,Filters,Bremen,HB,0,0,0,0,FLT-HYD-010 · Bremen
2023-10-30,FLT-HYD-010,Hydraulic filter 10 μm,Filters,Bremen,HB,0,0,0,1,FLT-HYD-010 · Bremen
2023-10-31,FLT-HYD-010,Hydraulic filter 10 μm,Filters,Bremen,HB,1,0,0,1,FLT-HYD-010 · Bremen
2023-11-01,FLT-HYD-010,Hydraulic filter 10 μm,Filters,Bremen,HB,0,0,0,1,FLT-HYD-010 · Bremen
2023-11-02,FLT-HYD-010,Hydraulic filter 10 μm,Filters,Bremen,HB,0,0,0,1,FLT-HYD-010 · Bremen
2023-11-03,FLT-HYD-010,Hydraulic filter 10 μm,Filters,Bremen,HB,0,0,0,1,FLT-HYD-010 · Bremen
2023-11-04,FLT-HYD-010,Hydraulic filter 10 μm,Filters,Bremen,HB,0,0,0,0,FLT-HYD-010 · Bremen
2023-11-05,FLT-HYD-010,Hydraulic filter 10 μm,Filters,Bremen,HB,0,0,0,1,FLT-HYD-010 · Bremen
2023-11-06,FLT-HYD-010,Hydraulic filter 10 μm,Filters,Bremen,HB,0,0,0,1,FLT-HYD-010 · Bremen
2023-11-07,FLT-HYD-010,Hydraulic filter 10 μm,Filters,Bremen,HB,0,0,0,1,FLT-HYD-010 · Bremen
2023-11-08,FLT-HYD-010,Hydraulic filter 10 μm,Filters,Bremen,HB,0,0,0,2,FLT-HYD-010 · Bremen
2023-11-09,FLT-HYD-010,Hydraulic filter 10 μm,Filters,Bremen,HB,0,0,0,1,FLT-HYD-010 · Bremen
2023-11-10,FLT-HYD-010,Hydraulic filter 10 μm,Filters,Bremen,HB,0,0,0,1,FLT-HYD-010 · Bremen
2023-11-11,FLT-HYD-010,Hydraulic filter 10 μm,Filters,Bremen,HB,0,0,0,0,FLT-HYD-010 · Bremen
2023-11-12,FLT-HYD-010,Hydraulic filter 10 μm,Filters,Bremen,HB,0,0,0,1,FLT-HYD-010 · Bremen
2023-11-13,FLT-HYD-010,Hydraulic filter 10 μm,Filters,Bremen,HB,0,0,0,2,FLT-HYD-010 · Bremen
2023-11-14,FLT-HYD-010,Hydraulic filter 10 μm,Filters,Bremen,HB,0,0,0,0,FLT-HYD-010 · Bremen
2023-11-15,FLT-HYD-010,Hydraulic filter 10 μm,Filters,Bremen,HB,0,0,0,1,FLT-HYD-010 · Bremen
2023-11-16,FLT-HYD-010,Hydraulic filter 10 μm,Filters,Bremen,HB,0,0,0,1,FLT-HYD-010 · Bremen
2023-11-17,FLT-HYD-010,Hydraulic filter 10 μm,Filters,Bremen,HB,0,0,0,3,FLT-HYD-010 · Bremen
2023-11-18,FLT-HYD-010,Hydraulic filter 10 μm,Filters,Bremen,HB,0,0,0,2,FLT-HYD-010 · Bremen
2023-11-19,FLT-HYD-010,Hydraulic filter 10 μm,Filters,Bremen,HB,0,0,0,2,FLT-HYD-010 · Bremen
2023-11-20,FLT-HYD-010,Hydraulic filter 10 μm,Filters,Bremen,HB,0,0,0,8,FLT-HYD-010 · Bremen
2023-11-21,FLT-HYD-010,Hydraulic filter 10 μm,Filters,Bremen,HB,0,0,0,14,FLT-HYD-010 · Bremen
2023-11-22,FLT-HYD-010,Hydraulic filter 10 μm,Filters,Bremen,HB,0,0,0,27,FLT-HYD-010 · Bremen
2023-11-23,FLT-HYD-010,Hydraulic filter 10 μm,Filters,Bremen,HB,0,0,0,28,FLT-HYD-010 · Bremen
2023-11-24,FLT-HYD-010,Hydraulic filter 10 μm,Filters,Bremen,HB,0,0,0,29,FLT-HYD-010 · Bremen
2023-11-25,FLT-HYD-010,Hydraulic filter 10 μm,Filters,Bremen,HB,0,0,0,19,FLT-HYD-010 · Bremen
2023-11-26,FLT-HYD-010,Hydraulic filter 10 μm,Filters,Bremen,HB,0,0,0,11,FLT-HYD-010 · Bremen
2023-11-27,FLT-HYD-010,Hydraulic filter 10 μm,Filters,Bremen,HB,0,0,0,17,FLT-HYD-010 · Bremen
2023-11-28,FLT-HYD-010,Hydraulic filter 10 μm,Filters,Bremen,HB,0,0,0,8,FLT-HYD-010 · Bremen
2023-11-29,FLT-HYD-010,Hydraulic filter 10 μm,Filters,Bremen,HB,0,0,0,6,FLT-HYD-010 · Bremen
2023-11-30,FLT-HYD-010,Hydraulic filter 10 μm,Filters,Bremen,HB,0,0,0,2,FLT-HYD-010 · Bremen
2023-12-01,FLT-HYD-010,Hydraulic filter 10 μm,Filters,Bremen,HB,0,0,0,2,FLT-HYD-010 · Bremen
2023-12-02,FLT-HYD-010,Hydraulic filter 10 μm,Filters,Bremen,HB,0,0,0,1,FLT-HYD-010 · Bremen
2023-12-03,FLT-HYD-010,Hydraulic filter 10 μm,Filters,Bremen,HB,0,0,0,1,FLT-HYD-010 · Bremen
2023-12-04,FLT-HYD-010,Hydraulic filter 10 μm,Filters,Bremen,HB,0,0,0,2,FLT-HYD-010 · Bremen
2023-12-05,FLT-HYD-010,Hydraulic filter 10 μm,Filters,Bremen,HB,0,0,0,1,FLT-HYD-010 · Bremen
2023-12-06,FLT-HYD-010,Hydraulic filter 10 μm,Filters,Bremen,HB,0,0,0,1,FLT-HYD-010 · Bremen
2023-12-07,FLT-HYD-010,Hydraulic filter 10 μm,Filters,Bremen,HB,0,0,0,0,FLT-HYD-010 · Bremen
2023-12-08,FLT-HYD-010,Hydraulic filter 10 μm,Filters,Bremen,HB,0,0,0,0,FLT-HYD-010 · Bremen
2023-12-09,FLT-HYD-010,Hydraulic filter 10 μm,Filters,Bremen,HB,0,0,0,1,FLT-HYD-010 · Bremen
2023-12-10,FLT-HYD-010,Hydraulic filter 10 μm,Filters,Bremen,HB,0,0,0,0,FLT-HYD-010 · Bremen
2023-12-11,FLT-HYD-010,Hydraulic filter 10 μm,Filters,Bremen,HB,0,0,0,1,FLT-HYD-010 · Bremen
2023-12-12,FLT-HYD-010,Hydraulic filter 10 μm,Filters,Bremen,HB,0,0,0,2,FLT-HYD-010 · Bremen
2023-12-13,FLT-HYD-010,Hydraulic filter 10 μm,Filters,Bremen,HB,0,0,0,2,FLT-HYD-010 · Bremen
2023-12-14,FLT-HYD-010,Hydraulic filter 10 μm,Filters,Bremen,HB,0,0,0,2,FLT-HYD-010 · Bremen
2023-12-15,FLT-HYD-010,Hydraulic filter 10 μm,Filters,Bremen,HB,0,0,0,0,FLT-HYD-010 · Bremen
2023-12-16,FLT-HYD-010,Hydraulic filter 10 μm,Filters,Bremen,HB,0,0,0,0,FLT-HYD-010 · Bremen
2023-12-17,FLT-HYD-010,Hydraulic filter 10 μm,Filters,Bremen,HB,0,0,0,1,FLT-HYD-010 · Bremen
2023-12-18,FLT-HYD-010,Hydraulic filter 10 μm,Filters,Bremen,HB,0,0,0,1,FLT-HYD-010 · Bremen
2023-12-19,FLT-HYD-010,Hydraulic filter 10 μm,Filters,Bremen,HB,0,0,0,1,FLT-HYD-010 · Bremen
2023-12-20,FLT-HYD-010,Hydraulic filter 10 μm,Filters,Bremen,HB,0,0,0,1,FLT-HYD-010 · Bremen
2023-12-21,FLT-HYD-010,Hydraulic filter 10 μm,Filters,Bremen,HB,0,0,0,2,FLT-HYD-010 · Bremen
2023-12-22,FLT-HYD-010,Hydraulic filter 10 μm,Filters,Bremen,HB,0,0,0,2,FLT-HYD-010 · Bremen
2023-12-23,FLT-HYD-010,Hydraulic filter 10 μm,Filters,Bremen,HB,0,0,0,0,FLT-HYD-010 · Bremen
2023-12-24,FLT-HYD-010,Hydraulic filter 10 μm,Filters,Bremen,HB,0,1,0,0,FLT-HYD-010 · Bremen
2023-12-25,FLT-HYD-010,Hydraulic filter 10 μm,Filters,Bremen,HB,1,1,0,0,FLT-HYD-010 · Bremen
2023-12-26,FLT-HYD-010,Hydraulic filter 10 μm,Filters,Bremen,HB,1,1,0,0,FLT-HYD-010 · Bremen
2023-12-27,FLT-HYD-010,Hydraulic filter 10 μm,Filters,Bremen,HB,0,1,0,0,FLT-HYD-010 · Bremen
2023-12-28,FLT-HYD-010,Hydraulic filter 10 μm,Filters,Bremen,HB,0,1,0,0,FLT-HYD-010 · Bremen
2023-12-29,FLT-HYD-010,Hydraulic filter 10 μm,Filters,Bremen,HB,0,1,0,1,FLT-HYD-010 · Bremen
2023-12-30,FLT-HYD-010,Hydraulic filter 10 μm,Filters,Bremen,HB,0,1,0,1,FLT-HYD-010 · Bremen
2023-12-31,FLT-HYD-010,Hydraulic filter 10 μm,Filters,Bremen,HB,0,1,0,0,FLT-HYD-010 · Bremen
2024-01-01,FLT-HYD-010,Hydraulic filter 10 μm,Filters,Bremen,HB,1,1,0,0,FLT-HYD-010 · Bremen
2024-01-02,FLT-HYD-010,Hydraulic filter 10 μm,Filters,Bremen,HB,0,1,0,1,FLT-HYD-010 · Bremen
2024-01-03,FLT-HYD-010,Hydraulic filter 10 μm,Filters,Bremen,HB,0,0,0,2,FLT-HYD-010 · Bremen
2024-01-04,FLT-HYD-010,Hydraulic filter 10 μm,Filters,Bremen,HB,0,0,0,1,FLT-HYD-010 · Bremen
2024-01-05,FLT-HYD-010,Hydraulic filter 10 μm,Filters,Bremen,HB,0,0,0,1,FLT-HYD-010 · Bremen
2024-01-06,FLT-HYD-010,Hydraulic filter 10 μm,Filters,Bremen,HB,0,0,0,1,FLT-HYD-010 · Bremen
2024-01-07,FLT-HYD-010,Hydraulic filter 10 μm,Filters,Bremen,HB,0,0,0,0,FLT-HYD-010 · Bremen
2024-01-08,FLT-HYD-010,Hydraulic filter 10 μm,Filters,Bremen,HB,0,0,0,1,FLT-HYD-010 · Bremen
2024-01-09,FLT-HYD-010,Hydraulic filter 10 μm,Filters,Bremen,HB,0,0,0,1,FLT-HYD-010 · Bremen
2024-01-10,FLT-HYD-010,Hydraulic filter 10 μm,Filters,Bremen,HB,0,0,0,1,FLT-HYD-010 · Bremen
2024-01-11,FLT-HYD-010,Hydraulic filter 10 μm,Filters,Bremen,HB,0,0,0,1,FLT-HYD-010 · Bremen
2024-01-12,FLT-HYD-010,Hydraulic filter 10 μm,Filters,Bremen,HB,0,0,0,1,FLT-HYD-010 · Bremen
2024-01-13,FLT-HYD-010,Hydraulic filter 10 μm,Filters,Bremen,HB,0,0,0,0,FLT-HYD-010 · Bremen
2024-01-14,FLT-HYD-010,Hydraulic filter 10 μm,Filters,Bremen,HB,0,0,0,3,FLT-HYD-010 · Bremen
2024-01-15,FLT-HYD-010,Hydraulic filter 10 μm,Filters,Bremen,HB,0,0,0,8,FLT-HYD-010 · Bremen
2024-01-16,FLT-HYD-010,Hydraulic filter 10 μm,Filters,Bremen,HB,0,0,0,22,FLT-HYD-010 · Bremen
2024-01-17,FLT-HYD-010,Hydraulic filter 10 μm,Filters,Bremen,HB,0,0,0,30,FLT-HYD-010 · Bremen
2024-01-18,FLT-HYD-010,Hydraulic filter 10 μm,Filters,Bremen,HB,0,0,0,29,FLT-HYD-010 · Bremen
2024-01-19,FLT-HYD-010,Hydraulic filter 10 μm,Filters,Bremen,HB,0,0,0,38,FLT-HYD-010 · Bremen
2024-01-20,FLT-HYD-010,Hydraulic filter 10 μm,Filters,Bremen,HB,0,0,0,21,FLT-HYD-010 · Bremen
2024-01-21,FLT-HYD-010,Hydraulic filter 10 μm,Filters,Bremen,HB,0,0,0,9,FLT-HYD-010 · Bremen
2024-01-22,FLT-HYD-010,Hydraulic filter 10 μm,Filters,Bremen,HB,0,0,0,10,FLT-HYD-010 · Bremen
2024-01-23,FLT-HYD-010,Hydraulic filter 10 μm,Filters,Bremen,HB,0,0,0,10,FLT-HYD-010 · Bremen
2024-01-24,FLT-HYD-010,Hydraulic filter 10 μm,Filters,Bremen,HB,0,0,0,5,FLT-HYD-010 · Bremen
2024-01-25,FLT-HYD-010,Hydraulic filter 10 μm,Filters,Bremen,HB,0,0,0,3,FLT-HYD-010 · Bremen
2024-01-26,FLT-HYD-010,Hydraulic filter 10 μm,Filters,Bremen,HB,0,0,0,1,FLT-HYD-010 · Bremen
2024-01-27,FLT-HYD-010,Hydraulic filter 10 μm,Filters,Bremen,HB,0,0,0,0,FLT-HYD-010 · Bremen
2024-01-28,FLT-HYD-010,Hydraulic filter 10 μm,Filters,Bremen,HB,0,0,0,0,FLT-HYD-010 · Bremen
2024-01-29,FLT-HYD-010,Hydraulic filter 10 μm,Filters,Bremen,HB,0,0,0,1,FLT-HYD-010 · Bremen
2024-01-30,FLT-HYD-010,Hydraulic filter 10 μm,Filters,Bremen,HB,0,0,0,1,FLT-HYD-010 · Bremen
2024-01-31,FLT-HYD-010,Hydraulic filter 10 μm,Filters,Bremen,HB,0,0,0,1,FLT-HYD-010 · Bremen
2024-02-01,FLT-HYD-010,Hydraulic filter 10 μm,Filters,Bremen,HB,0,0,0,0,FLT-HYD-010 · Bremen
2024-02-02,FLT-HYD-010,Hydraulic filter 10 μm,Filters,Bremen,HB,0,0,0,1,FLT-HYD-010 · Bremen
2024-02-03,FLT-HYD-010,Hydraulic filter 10 μm,Filters,Bremen,HB,0,0,0,0,FLT-HYD-010 · Bremen
2024-02-04,FLT-HYD-010,Hydraulic filter 10 μm,Filters,Bremen,HB,0,0,0,1,FLT-HYD-010 · Bremen
2024-02-05,FLT-HYD-010,Hydraulic filter 10 μm,Filters,Bremen,HB,0,0,0,1,FLT-HYD-010 · Bremen
2024-02-06,FLT-HYD-010,Hydraulic filter 10 μm,Filters,Bremen,HB,0,0,0,1,FLT-HYD-010 · Bremen
2024-02-07,FLT-HYD-010,Hydraulic filter 10 μm,Filters,Bremen,HB,0,0,0,2,FLT-HYD-010 · Bremen
2024-02-08,FLT-HYD-010,Hydraulic filter 10 μm,Filters,Bremen,HB,0,0,0,1,FLT-HYD-010 · Bremen
2024-02-09,FLT-HYD-010,Hydraulic filter 10 μm,Filters,Bremen,HB,0,0,0,1,FLT-HYD-010 · Bremen
2024-02-10,FLT-HYD-010,Hydraulic filter 10 μm,Filters,Bremen,HB,0,0,0,1,FLT-HYD-010 · Bremen
2024-02-11,FLT-HYD-010,Hydraulic filter 10 μm,Filters,Bremen,HB,0,0,0,0,FLT-HYD-010 · Bremen
2024-02-12,FLT-HYD-010,Hydraulic filter 10 μm,Filters,Bremen,HB,0,0,0,2,FLT-HYD-010 · Bremen
2024-02-13,FLT-HYD-010,Hydraulic filter 10 μm,Filters,Bremen,HB,0,0,0,2,FLT-HYD-010 · Bremen
2024-02-14,FLT-HYD-010,Hydraulic filter 10 μm,Filters,Bremen,HB,0,0,0,1,FLT-HYD-010 · Bremen
2024-02-15,FLT-HYD-010,Hydraulic filter 10 μm,Filters,Bremen,HB,0,0,0,0,FLT-HYD-010 · Bremen
2024-02-16,FLT-HYD-010,Hydraulic filter 10 μm,Filters,Bremen,HB,0,0,0,1,FLT-HYD-010 · Bremen
2024-02-17,FLT-HYD-010,Hydraulic filter 10 μm,Filters,Bremen,HB,0,0,0,0,FLT-HYD-010 · Bremen
2024-02-18,FLT-HYD-010,Hydraulic filter 10 μm,Filters,Bremen,HB,0,0,0,1,FLT-HYD-010 · Bremen
2024-02-19,FLT-HYD-010,Hydraulic filter 10 μm,Filters,Bremen,HB,0,0,0,2,FLT-HYD-010 · Bremen
2024-02-20,FLT-HYD-010,Hydraulic filter 10 μm,Filters,Bremen,HB,0,0,0,1,FLT-HYD-010 · Bremen
2024-02-21,FLT-HYD-010,Hydraulic filter 10 μm,Filters,Bremen,HB,0,0,0,0,FLT-HYD-010 · Bremen
2024-02-22,FLT-HYD-010,Hydraulic filter 10 μm,Filters,Bremen,HB,0,0,0,2,FLT-HYD-010 · Bremen
2024-02-23,FLT-HYD-010,Hydraulic filter 10 μm,Filters,Bremen,HB,0,0,0,1,FLT-HYD-010 · Bremen
2024-02-24,FLT-HYD-010,Hydraulic filter 10 μm,Filters,Bremen,HB,0,0,0,2,FLT-HYD-010 · Bremen
2024-02-25,FLT-HYD-010,Hydraulic filter 10 μm,Filters,Bremen,HB,0,0,0,1,FLT-HYD-010 · Bremen
2024-02-26,FLT-HYD-010,Hydraulic filter 10 μm,Filters,Bremen,HB,0,0,0,2,FLT-HYD-010 · Bremen
2024-02-27,FLT-HYD-010,Hydraulic filter 10 μm,Filters,Bremen,HB,0,0,0,1,FLT-HYD-010 · Bremen
2024-02-28,FLT-HYD-010,Hydraulic filter 10 μm,Filters,Bremen,HB,0,0,0,2,FLT-HYD-010 · Bremen
2024-02-29,FLT-HYD-010,Hydraulic filter 10 μm,Filters,Bremen,HB,0,0,0,2,FLT-HYD-010 · Bremen
2024-03-01,FLT-HYD-010,Hydraulic filter 10 μm,Filters,Bremen,HB,0,0,1,2,FLT-HYD-010 · Bremen
2024-03-02,FLT-HYD-010,Hydraulic filter 10 μm,Filters,Bremen,HB,0,0,1,1,FLT-HYD-010 · Bremen
2024-03-03,FLT-HYD-010,Hydraulic filter 10 μm,Filters,Bremen,HB,0,0,1,0,FLT-HYD-010 · Bremen
2024-03-04,FLT-HYD-010,Hydraulic filter 10 μm,Filters,Bremen,HB,0,0,1,1,FLT-HYD-010 · Bremen
2024-03-05,FLT-HYD-010,Hydraulic filter 10 μm,Filters,Bremen,HB,0,0,1,2,FLT-HYD-010 · Bremen
2024-03-06,FLT-HYD-010,Hydraulic filter 10 μm,Filters,Bremen,HB,0,0,1,2,FLT-HYD-010 · Bremen
2024-03-07,FLT-HYD-010,Hydraulic filter 10 μm,Filters,Bremen,HB,0,0,1,1,FLT-HYD-010 · Bremen
2024-03-08,FLT-HYD-010,Hydraulic filter 10 μm,Filters,Bremen,HB,0,0,0,0,FLT-HYD-010 · Bremen
2024-03-09,FLT-HYD-010,Hydraulic filter 10 μm,Filters,Bremen,HB,0,0,0,2,FLT-HYD-010 · Bremen
2024-03-10,FLT-HYD-010,Hydraulic filter 10 μm,Filters,Bremen,HB,0,0,0,1,FLT-HYD-010 · Bremen
2024-03-11,FLT-HYD-010,Hydraulic filter 10 μm,Filters,Bremen,HB,0,0,0,9,FLT-HYD-010 · Bremen
2024-03-12,FLT-HYD-010,Hydraulic filter 10 μm,Filters,Bremen,HB,0,0,0,15,FLT-HYD-010 · Bremen
2024-03-13,FLT-HYD-010,Hydraulic filter 10 μm,Filters,Bremen,HB,0,0,0,18,FLT-HYD-010 · Bremen
2024-03-14,FLT-HYD-010,Hydraulic filter 10 μm,Filters,Bremen,HB,0,0,0,27,FLT-HYD-010 · Bremen
2024-03-15,FLT-HYD-010,Hydraulic filter 10 μm,Filters,Bremen,HB,0,0,0,34,FLT-HYD-010 · Bremen
2024-03-16,FLT-HYD-010,Hydraulic filter 10 μm,Filters,Bremen,HB,0,0,0,16,FLT-HYD-010 · Bremen
2024-03-17,FLT-HYD-010,Hydraulic filter 10 μm,Filters,Bremen,HB,0,0,0,11,FLT-HYD-010 · Bremen
2024-03-18,FLT-HYD-010,Hydraulic filter 10 μm,Filters,Bremen,HB,0,0,0,19,FLT-HYD-010 · Bremen
2024-03-19,FLT-HYD-010,Hydraulic filter 10 μm,Filters,Bremen,HB,0,0,0,9,FLT-HYD-010 · Bremen
2024-03-20,FLT-HYD-010,Hydraulic filter 10 μm,Filters,Bremen,HB,0,0,0,4,FLT-HYD-010 · Bremen
2024-03-21,FLT-HYD-010,Hydraulic filter 10 μm,Filters,Bremen,HB,0,0,0,2,FLT-HYD-010 · Bremen
2024-03-22,FLT-HYD-010,Hydraulic filter 10 μm,Filters,Bremen,HB,0,0,0,2,FLT-HYD-010 · Bremen
2024-03-23,FLT-HYD-010,Hydraulic filter 10 μm,Filters,Bremen,HB,0,0,0,1,FLT-HYD-010 · Bremen
2024-03-24,FLT-HYD-010,Hydraulic filter 10 μm,Filters,Bremen,HB,0,0,0,1,FLT-HYD-010 · Bremen
2024-03-25,FLT-HYD-010,Hydraulic filter 10 μm,Filters,Bremen,HB,0,0,0,0,FLT-HYD-010 · Bremen
2024-03-26,FLT-HYD-010,Hydraulic filter 10 μm,Filters,Bremen,HB,0,0,0,1,FLT-HYD-010 · Bremen
2024-03-27,FLT-HYD-010,Hydraulic filter 10 μm,Filters,Bremen,HB,0,0,0,1,FLT-HYD-010 · Bremen
2024-03-28,FLT-HYD-010,Hydraulic filter 10 μm,Filters,Bremen,HB,0,0,0,0,FLT-HYD-010 · Bremen
2024-03-29,FLT-HYD-010,Hydraulic filter 10 μm,Filters,Bremen,HB,1,0,0,0,FLT-HYD-010 · Bremen
2024-03-30,FLT-HYD-010,Hydraulic filter 10 μm,Filters,Bremen,HB,0,0,0,0,FLT-HYD-010 · Bremen
2024-03-31,FLT-HYD-010,Hydraulic filter 10 μm,Filters,Bremen,HB,0,0,0,0,FLT-HYD-010 · Bremen
2024-04-01,FLT-HYD-010,Hydraulic filter 10 μm,Filters,Bremen,HB,1,0,0,0,FLT-HYD-010 · Bremen
2024-04-02,FLT-HYD-010,Hydraulic filter 10 μm,Filters,Bremen,HB,0,0,0,0,FLT-HYD-010 · Bremen
2024-04-03,FLT-HYD-010,Hydraulic filter 10 μm,Filters,Bremen,HB,0,0,0,1,FLT-HYD-010 · Bremen
2024-04-04,FLT-HYD-010,Hydraulic filter 10 μm,Filters,Bremen,HB,0,0,0,1,FLT-HYD-010 · Bremen
2024-04-05,FLT-HYD-010,Hydraulic filter 10 μm,Filters,Bremen,HB,0,0,0,1,FLT-HYD-010 · Bremen
2024-04-06,FLT-HYD-010,Hydraulic filter 10 μm,Filters,Bremen,HB,0,0,0,1,FLT-HYD-010 · Bremen
2024-04-07,FLT-HYD-010,Hydraulic filter 10 μm,Filters,Bremen,HB,0,0,0,1,FLT-HYD-010 · Bremen
2024-04-08,FLT-HYD-010,Hydraulic filter 10 μm,Filters,Bremen,HB,0,0,0,1,FLT-HYD-010 · Bremen
2024-04-09,FLT-HYD-010,Hydraulic filter 10 μm,Filters,Bremen,HB,0,0,0,0,FLT-HYD-010 · Bremen
2024-04-10,FLT-HYD-010,Hydraulic filter 10 μm,Filters,Bremen,HB,0,0,0,1,FLT-HYD-010 · Bremen
2024-04-11,FLT-HYD-010,Hydraulic filter 10 μm,Filters,Bremen,HB,0,0,0,2,FLT-HYD-010 · Bremen
2024-04-12,FLT-HYD-010,Hydraulic filter 10 μm,Filters,Bremen,HB,0,0,0,0,FLT-HYD-010 · Bremen
2024-04-13,FLT-HYD-010,Hydraulic filter 10 μm,Filters,Bremen,HB,0,0,0,1,FLT-HYD-010 · Bremen
2024-04-14,FLT-HYD-010,Hydraulic filter 10 μm,Filters,Bremen,HB,0,0,0,0,FLT-HYD-010 · Bremen
2024-04-15,FLT-HYD-010,Hydraulic filter 10 μm,Filters,Bremen,HB,0,0,0,2,FLT-HYD-010 · Bremen
2024-04-16,FLT-HYD-010,Hydraulic filter 10 μm,Filters,Bremen,HB,0,0,0,1,FLT-HYD-010 · Bremen
2024-04-17,FLT-HYD-010,Hydraulic filter 10 μm,Filters,Bremen,HB,0,0,0,1,FLT-HYD-010 · Bremen
2024-04-18,FLT-HYD-010,Hydraulic filter 10 μm,Filters,Bremen,HB,0,0,0,1,FLT-HYD-010 · Bremen
2024-04-19,FLT-HYD-010,Hydraulic filter 10 μm,Filters,Bremen,HB,0,0,0,1,FLT-HYD-010 · Bremen
2024-04-20,FLT-HYD-010,Hydraulic filter 10 μm,Filters,Bremen,HB,0,0,0,0,FLT-HYD-010 · Bremen
2024-04-21,FLT-HYD-010,Hydraulic filter 10 μm,Filters,Bremen,HB,0,0,0,0,FLT-HYD-010 · Bremen
2024-04-22,FLT-HYD-010,Hydraulic filter 10 μm,Filters,Bremen,HB,0,0,0,1,FLT-HYD-010 · Bremen
2024-04-23,FLT-HYD-010,Hydraulic filter 10 μm,Filters,Bremen,HB,0,0,0,1,FLT-HYD-010 · Bremen
2024-04-24,FLT-HYD-010,Hydraulic filter 10 μm,Filters,Bremen,HB,0,0,0,0,FLT-HYD-010 · Bremen
2024-04-25,FLT-HYD-010,Hydraulic filter 10 μm,Filters,Bremen,HB,0,0,0,1,FLT-HYD-010 · Bremen
2024-04-26,FLT-HYD-010,Hydraulic filter 10 μm,Filters,Bremen,HB,0,0,0,1,FLT-HYD-010 · Bremen
2024-04-27,FLT-HYD-010,Hydraulic filter 10 μm,Filters,Bremen,HB,0,0,0,0,FLT-HYD-010 · Bremen
2024-04-28,FLT-HYD-010,Hydraulic filter 10 μm,Filters,Bremen,HB,0,0,0,0,FLT-HYD-010 · Bremen
2024-04-29,FLT-HYD-010,Hydraulic filter 10 μm,Filters,Bremen,HB,0,0,0,2,FLT-HYD-010 · Bremen
2024-04-30,FLT-HYD-010,Hydraulic filter 10 μm,Filters,Bremen,HB,0,0,0,2,FLT-HYD-010 · Bremen
2024-05-01,FLT-HYD-010,Hydraulic filter 10 μm,Filters,Bremen,HB,1,0,0,1,FLT-HYD-010 · Bremen
2024-05-02,FLT-HYD-010,Hydraulic filter 10 μm,Filters,Bremen,HB,0,0,0,1,FLT-HYD-010 · Bremen
2024-05-03,FLT-HYD-010,Hydraulic filter 10 μm,Filters,Bremen,HB,0,0,0,2,FLT-HYD-010 · Bremen
2024-05-04,FLT-HYD-010,Hydraulic filter 10 μm,Filters,Bremen,HB,0,0,0,1,FLT-HYD-010 · Bremen
2024-05-05,FLT-HYD-010,Hydraulic filter 10 μm,Filters,Bremen,HB,0,0,0,1,FLT-HYD-010 · Bremen
2024-05-06,FLT-HYD-010,Hydraulic filter 10 μm,Filters,Bremen,HB,0,0,0,6,FLT-HYD-010 · Bremen
2024-05-07,FLT-HYD-010,Hydraulic filter 10 μm,Filters,Bremen,HB,0,0,0,11,FLT-HYD-010 · Bremen
2024-05-08,FLT-HYD-010,Hydraulic filter 10 μm,Filters,Bremen,HB,0,0,0,22,FLT-HYD-010 · Bremen
2024-05-09,FLT-HYD-010,Hydraulic filter 10 μm,Filters,Bremen,HB,1,0,0,4,FLT-HYD-010 · Bremen
2024-05-10,FLT-HYD-010,Hydraulic filter 10 μm,Filters,Bremen,HB,0,0,0,23,FLT-HYD-010 · Bremen
2024-05-11,FLT-HYD-010,Hydraulic filter 10 μm,Filters,Bremen,HB,0,0,0,16,FLT-HYD-010 · Bremen
2024-05-12,FLT-HYD-010,Hydraulic filter 10 μm,Filters,Bremen,HB,0,0,0,8,FLT-HYD-010 · Bremen
2024-05-13,FLT-HYD-010,Hydraulic filter 10 μm,Filters,Bremen,HB,0,0,0,13,FLT-HYD-010 · Bremen
2024-05-14,FLT-HYD-010,Hydraulic filter 10 μm,Filters,Bremen,HB,0,0,0,7,FLT-HYD-010 · Bremen
2024-05-15,FLT-HYD-010,Hydraulic filter 10 μm,Filters,Bremen,HB,0,0,0,6,FLT-HYD-010 · Bremen
2024-05-16,FLT-HYD-010,Hydraulic filter 10 μm,Filters,Bremen,HB,0,0,0,2,FLT-HYD-010 · Bremen
2024-05-17,FLT-HYD-010,Hydraulic filter 10 μm,Filters,Bremen,HB,0,0,0,1,FLT-HYD-010 · Bremen
2024-05-18,FLT-HYD-010,Hydraulic filter 10 μm,Filters,Bremen,HB,0,0,0,1,FLT-HYD-010 · Bremen
2024-05-19,FLT-HYD-010,Hydraulic filter 10 μm,Filters,Bremen,HB,0,0,0,0,FLT-HYD-010 · Bremen
2024-05-20,FLT-HYD-010,Hydraulic filter 10 μm,Filters,Bremen,HB,1,0,0,0,FLT-HYD-010 · Bremen
2024-05-21,FLT-HYD-010,Hydraulic filter 10 μm,Filters,Bremen,HB,0,0,0,2,FLT-HYD-010 · Bremen
2024-05-22,FLT-HYD-010,Hydraulic filter 10 μm,Filters,Bremen,HB,0,0,0,2,FLT-HYD-010 · Bremen
2024-05-23,FLT-HYD-010,Hydraulic filter 10 μm,Filters,Bremen,HB,0,0,0,0,FLT-HYD-010 · Bremen
2024-05-24,FLT-HYD-010,Hydraulic filter 10 μm,Filters,Bremen,HB,0,0,0,0,FLT-HYD-010 · Bremen
2024-05-25,FLT-HYD-010,Hydraulic filter 10 μm,Filters,Bremen,HB,0,0,0,1,FLT-HYD-010 · Bremen
2024-05-26,FLT-HYD-010,Hydraulic filter 10 μm,Filters,Bremen,HB,0,0,0,1,FLT-HYD-010 · Bremen
2024-05-27,FLT-HYD-010,Hydraulic filter 10 μm,Filters,Bremen,HB,0,0,0,1,FLT-HYD-010 · Bremen
2024-05-28,FLT-HYD-010,Hydraulic filter 10 μm,Filters,Bremen,HB,0,0,0,1,FLT-HYD-010 · Bremen
2024-05-29,FLT-HYD-010,Hydraulic filter 10 μm,Filters,Bremen,HB,0,0,0,0,FLT-HYD-010 · Bremen
2024-05-30,FLT-HYD-010,Hydraulic filter 10 μm,Filters,Bremen,HB,0,0,0,1,FLT-HYD-010 · Bremen
2024-05-31,FLT-HYD-010,Hydraulic filter 10 μm,Filters,Bremen,HB,0,0,0,0,FLT-HYD-010 · Bremen
2024-06-01,FLT-HYD-010,Hydraulic filter 10 μm,Filters,Bremen,HB,0,0,0,1,FLT-HYD-010 · Bremen
2024-06-02,FLT-HYD-010,Hydraulic filter 10 μm,Filters,Bremen,HB,0,0,0,0,FLT-HYD-010 · Bremen
2024-06-03,FLT-HYD-010,Hydraulic filter 10 μm,Filters,Bremen,HB,0,0,0,2,FLT-HYD-010 · Bremen
2024-06-04,FLT-HYD-010,Hydraulic filter 10 μm,Filters,Bremen,HB,0,0,0,2,FLT-HYD-010 · Bremen
2024-06-05,FLT-HYD-010,Hydraulic filter 10 μm,Filters,Bremen,HB,0,0,0,1,FLT-HYD-010 · Bremen
2024-06-06,FLT-HYD-010,Hydraulic filter 10 μm,Filters,Bremen,HB,0,0,0,0,FLT-HYD-010 · Bremen
2024-06-07,FLT-HYD-010,Hydraulic filter 10 μm,Filters,Bremen,HB,0,0,0,1,FLT-HYD-010 · Bremen
2024-06-08,FLT-HYD-010,Hydraulic filter 10 μm,Filters,Bremen,HB,0,0,0,2,FLT-HYD-010 · Bremen
2024-06-09,FLT-HYD-010,Hydraulic filter 10 μm,Filters,Bremen,HB,0,0,0,1,FLT-HYD-010 · Bremen
2024-06-10,FLT-HYD-010,Hydraulic filter 10 μm,Filters,Bremen,HB,0,0,0,2,FLT-HYD-010 · Bremen
2024-06-11,FLT-HYD-010,Hydraulic filter 10 μm,Filters,Bremen,HB,0,0,0,1,FLT-HYD-010 · Bremen
2024-06-12,FLT-HYD-010,Hydraulic filter 10 μm,Filters,Bremen,HB,0,0,0,0,FLT-HYD-010 · Bremen
2024-06-13,FLT-HYD-010,Hydraulic filter 10 μm,Filters,Bremen,HB,0,0,0,1,FLT-HYD-010 · Bremen
2024-06-14,FLT-HYD-010,Hydraulic filter 10 μm,Filters,Bremen,HB,0,0,0,0,FLT-HYD-010 · Bremen
2024-06-15,FLT-HYD-010,Hydraulic filter 10 μm,Filters,Bremen,HB,0,0,0,2,FLT-HYD-010 · Bremen
2024-06-16,FLT-HYD-010,Hydraulic filter 10 μm,Filters,Bremen,HB,0,0,0,1,FLT-HYD-010 · Bremen
2024-06-17,FLT-HYD-010,Hydraulic filter 10 μm,Filters,Bremen,HB,0,0,0,1,FLT-HYD-010 · Bremen
2024-06-18,FLT-HYD-010,Hydraulic filter 10 μm,Filters,Bremen,HB,0,0,0,1,FLT-HYD-010 · Bremen
2024-06-19,FLT-HYD-010,Hydraulic filter 10 μm,Filters,Bremen,HB,0,0,0,0,FLT-HYD-010 · Bremen
2024-06-20,FLT-HYD-010,Hydraulic filter 10 μm,Filters,Bremen,HB,0,0,0,2,FLT-HYD-010 · Bremen
2024-06-21,FLT-HYD-010,Hydraulic filter 10 μm,Filters,Bremen,HB,0,0,0,0,FLT-HYD-010 · Bremen
2024-06-22,FLT-HYD-010,Hydraulic filter 10 μm,Filters,Bremen,HB,0,0,0,1,FLT-HYD-010 · Bremen
2024-06-23,FLT-HYD-010,Hydraulic filter 10 μm,Filters,Bremen,HB,0,0,0,1,FLT-HYD-010 · Bremen
2024-06-24,FLT-HYD-010,Hydraulic filter 10 μm,Filters,Bremen,HB,0,0,0,1,FLT-HYD-010 · Bremen
2024-06-25,FLT-HYD-010,Hydraulic filter 10 μm,Filters,Bremen,HB,0,0,0,1,FLT-HYD-010 · Bremen
2024-06-26,FLT-HYD-010,Hydraulic filter 10 μm,Filters,Bremen,HB,0,0,0,1,FLT-HYD-010 · Bremen
2024-06-27,FLT-HYD-010,Hydraulic filter 10 μm,Filters,Bremen,HB,0,0,0,1,FLT-HYD-010 · Bremen
2024-06-28,FLT-HYD-010,Hydraulic filter 10 μm,Filters,Bremen,HB,0,0,0,2,FLT-HYD-010 · Bremen
2024-06-29,FLT-HYD-010,Hydraulic filter 10 μm,Filters,Bremen,HB,0,0,0,2,FLT-HYD-010 · Bremen
2024-06-30,FLT-HYD-010,Hydraulic filter 10 μm,Filters,Bremen,HB,0,0,0,2,FLT-HYD-010 · Bremen
2024-07-01,FLT-HYD-010,Hydraulic filter 10 μm,Filters,Bremen,HB,0,0,0,7,FLT-HYD-010 · Bremen
2024-07-02,FLT-HYD-010,Hydraulic filter 10 μm,Filters,Bremen,HB,0,0,0,18,FLT-HYD-010 · Bremen
2024-07-03,FLT-HYD-010,Hydraulic filter 10 μm,Filters,Bremen,HB,0,0,0,17,FLT-HYD-010 · Bremen
2024-07-04,FLT-HYD-010,Hydraulic filter 10 μm,Filters,Bremen,HB,0,0,0,22,FLT-HYD-010 · Bremen
2024-07-05,FLT-HYD-010,Hydraulic filter 10 μm,Filters,Bremen,HB,0,0,0,28,FLT-HYD-010 · Bremen
2024-07-06,FLT-HYD-010,Hydraulic filter 10 μm,Filters,Bremen,HB,0,0,0,16,FLT-HYD-010 · Bremen
2024-07-07,FLT-HYD-010,Hydraulic filter 10 μm,Filters,Bremen,HB,0,0,0,11,FLT-HYD-010 · Bremen
2024-07-08,FLT-HYD-010,Hydraulic filter 10 μm,Filters,Bremen,HB,0,0,0,16,FLT-HYD-010 · Bremen
2024-07-09,FLT-HYD-010,Hydraulic filter 10 μm,Filters,Bremen,HB,0,0,0,8,FLT-HYD-010 · Bremen
2024-07-10,FLT-HYD-010,Hydraulic filter 10 μm,Filters,Bremen,HB,0,0,0,5,FLT-HYD-010 · Bremen
2024-07-11,FLT-HYD-010,Hydraulic filter 10 μm,Filters,Bremen,HB,0,0,0,3,FLT-HYD-010 · Bremen
2024-07-12,FLT-HYD-010,Hydraulic filter 10 μm,Filters,Bremen,HB,0,0,0,3,FLT-HYD-010 · Bremen
2024-07-13,FLT-HYD-010,Hydraulic filter 10 μm,Filters,Bremen,HB,0,0,0,1,FLT-HYD-010 · Bremen
2024-07-14,FLT-HYD-010,Hydraulic filter 10 μm,Filters,Bremen,HB,0,0,0,0,FLT-HYD-010 · Bremen
2024-07-15,FLT-HYD-010,Hydraulic filter 10 μm,Filters,Bremen,HB,0,0,0,1,FLT-HYD-010 · Bremen
2024-07-16,FLT-HYD-010,Hydraulic filter 10 μm,Filters,Bremen,HB,0,0,0,0,FLT-HYD-010 · Bremen
2024-07-17,FLT-HYD-010,Hydraulic filter 10 μm,Filters,Bremen,HB,0,0,0,1,FLT-HYD-010 · Bremen
2024-07-18,FLT-HYD-010,Hydraulic filter 10 μm,Filters,Bremen,HB,0,0,0,2,FLT-HYD-010 · Bremen
2024-07-19,FLT-HYD-010,Hydraulic filter 10 μm,Filters,Bremen,HB,0,0,0,1,FLT-HYD-010 · Bremen
2024-07-20,FLT-HYD-010,Hydraulic filter 10 μm,Filters,Bremen,HB,0,0,0,1,FLT-HYD-010 · Bremen
2024-07-21,FLT-HYD-010,Hydraulic filter 10 μm,Filters,Bremen,HB,0,0,0,1,FLT-HYD-010 · Bremen
2024-07-22,FLT-HYD-010,Hydraulic filter 10 μm,Filters,Bremen,HB,0,0,0,2,FLT-HYD-010 · Bremen
2024-07-23,FLT-HYD-010,Hydraulic filter 10 μm,Filters,Bremen,HB,0,0,0,2,FLT-HYD-010 · Bremen
2024-07-24,FLT-HYD-010,Hydraulic filter 10 μm,Filters,Bremen,HB,0,0,0,1,FLT-HYD-010 · Bremen
2024-07-25,FLT-HYD-010,Hydraulic filter 10 μm,Filters,Bremen,HB,0,0,0,1,FLT-HYD-010 · Bremen
2024-07-26,FLT-HYD-010,Hydraulic filter 10 μm,Filters,Bremen,HB,0,0,0,0,FLT-HYD-010 · Bremen
2024-07-27,FLT-HYD-010,Hydraulic filter 10 μm,Filters,Bremen,HB,0,0,0,1,FLT-HYD-010 · Bremen
2024-07-28,FLT-HYD-010,Hydraulic filter 10 μm,Filters,Bremen,HB,0,0,0,1,FLT-HYD-010 · Bremen
2024-07-29,FLT-HYD-010,Hydraulic filter 10 μm,Filters,Bremen,HB,0,0,0,1,FLT-HYD-010 · Bremen
2024-07-30,FLT-HYD-010,Hydraulic filter 10 μm,Filters,Bremen,HB,0,0,0,1,FLT-HYD-010 · Bremen
2024-07-31,FLT-HYD-010,Hydraulic filter 10 μm,Filters,Bremen,HB,0,0,0,2,FLT-HYD-010 · Bremen
2024-08-01,FLT-HYD-010,Hydraulic filter 10 μm,Filters,Bremen,HB,0,0,0,1,FLT-HYD-010 · Bremen
2024-08-02,FLT-HYD-010,Hydraulic filter 10 μm,Filters,Bremen,HB,0,0,0,1,FLT-HYD-010 · Bremen
2024-08-03,FLT-HYD-010,Hydraulic filter 10 μm,Filters,Bremen,HB,0,0,0,1,FLT-HYD-010 · Bremen
2024-08-04,FLT-HYD-010,Hydraulic filter 10 μm,Filters,Bremen,HB,0,0,0,1,FLT-HYD-010 · Bremen
2024-08-05,FLT-HYD-010,Hydraulic filter 10 μm,Filters,Bremen,HB,0,1,0,0,FLT-HYD-010 · Bremen
2024-08-06,FLT-HYD-010,Hydraulic filter 10 μm,Filters,Bremen,HB,0,1,0,1,FLT-HYD-010 · Bremen
2024-08-07,FLT-HYD-010,Hydraulic filter 10 μm,Filters,Bremen,HB,0,1,0,0,FLT-HYD-010 · Bremen
2024-08-08,FLT-HYD-010,Hydraulic filter 10 μm,Filters,Bremen,HB,0,1,0,0,FLT-HYD-010 · Bremen
2024-08-09,FLT-HYD-010,Hydraulic filter 10 μm,Filters,Bremen,HB,0,1,0,1,FLT-HYD-010 · Bremen
2024-08-10,FLT-HYD-010,Hydraulic filter 10 μm,Filters,Bremen,HB,0,1,0,0,FLT-HYD-010 · Bremen
2024-08-11,FLT-HYD-010,Hydraulic filter 10 μm,Filters,Bremen,HB,0,1,0,1,FLT-HYD-010 · Bremen
2024-08-12,FLT-HYD-010,Hydraulic filter 10 μm,Filters,Bremen,HB,0,1,0,0,FLT-HYD-010 · Bremen
2024-08-13,FLT-HYD-010,Hydraulic filter 10 μm,Filters,Bremen,HB,0,1,0,0,FLT-HYD-010 · Bremen
2024-08-14,FLT-HYD-010,Hydraulic filter 10 μm,Filters,Bremen,HB,0,1,0,1,FLT-HYD-010 · Bremen
2024-08-15,FLT-HYD-010,Hydraulic filter 10 μm,Filters,Bremen,HB,0,1,0,0,FLT-HYD-010 · Bremen
2024-08-16,FLT-HYD-010,Hydraulic filter 10 μm,Filters,Bremen,HB,0,1,0,0,FLT-HYD-010 · Bremen
2024-08-17,FLT-HYD-010,Hydraulic filter 10 μm,Filters,Bremen,HB,0,1,0,1,FLT-HYD-010 · Bremen
2024-08-18,FLT-HYD-010,Hydraulic filter 10 μm,Filters,Bremen,HB,0,1,0,1,FLT-HYD-010 · Bremen
2024-08-19,FLT-HYD-010,Hydraulic filter 10 μm,Filters,Bremen,HB,0,0,0,1,FLT-HYD-010 · Bremen
2024-08-20,FLT-HYD-010,Hydraulic filter 10 μm,Filters,Bremen,HB,0,0,0,1,FLT-HYD-010 · Bremen
2024-08-21,FLT-HYD-010,Hydraulic filter 10 μm,Filters,Bremen,HB,0,0,0,1,FLT-HYD-010 · Bremen
2024-08-22,FLT-HYD-010,Hydraulic filter 10 μm,Filters,Bremen,HB,0,0,0,1,FLT-HYD-010 · Bremen
2024-08-23,FLT-HYD-010,Hydraulic filter 10 μm,Filters,Bremen,HB,0,0,0,1,FLT-HYD-010 · Bremen
2024-08-24,FLT-HYD-010,Hydraulic filter 10 μm,Filters,Bremen,HB,0,0,0,2,FLT-HYD-010 · Bremen
2024-08-25,FLT-HYD-010,Hydraulic filter 10 μm,Filters,Bremen,HB,0,0,0,3,FLT-HYD-010 · Bremen
2024-08-26,FLT-HYD-010,Hydraulic filter 10 μm,Filters,Bremen,HB,0,0,0,9,FLT-HYD-010 · Bremen
2024-08-27,FLT-HYD-010,Hydraulic filter 10 μm,Filters,Bremen,HB,0,0,0,12,FLT-HYD-010 · Bremen
2024-08-28,FLT-HYD-010,Hydraulic filter 10 μm,Filters,Bremen,HB,0,0,0,26,FLT-HYD-010 · Bremen
2024-08-29,FLT-HYD-010,Hydraulic filter 10 μm,Filters,Bremen,HB,0,0,0,29,FLT-HYD-010 · Bremen
2024-08-30,FLT-HYD-010,Hydraulic filter 10 μm,Filters,Bremen,HB,0,0,0,25,FLT-HYD-010 · Bremen
2024-08-31,FLT-HYD-010,Hydraulic filter 10 μm,Filters,Bremen,HB,0,0,0,21,FLT-HYD-010 · Bremen
2024-09-01,FLT-HYD-010,Hydraulic filter 10 μm,Filters,Bremen,HB,0,0,1,9,FLT-HYD-010 · Bremen
2024-09-02,FLT-HYD-010,Hydraulic filter 10 μm,Filters,Bremen,HB,0,0,1,20,FLT-HYD-010 · Bremen
2024-09-03,FLT-HYD-010,Hydraulic filter 10 μm,Filters,Bremen,HB,0,0,1,11,FLT-HYD-010 · Bremen
2024-09-04,FLT-HYD-010,Hydraulic filter 10 μm,Filters,Bremen,HB,0,0,1,5,FLT-HYD-010 · Bremen
2024-09-05,FLT-HYD-010,Hydraulic filter 10 μm,Filters,Bremen,HB,0,0,1,3,FLT-HYD-010 · Bremen
2024-09-06,FLT-HYD-010,Hydraulic filter 10 μm,Filters,Bremen,HB,0,0,1,3,FLT-HYD-010 · Bremen
2024-09-07,FLT-HYD-010,Hydraulic filter 10 μm,Filters,Bremen,HB,0,0,1,1,FLT-HYD-010 · Bremen
2024-09-08,FLT-HYD-010,Hydraulic filter 10 μm,Filters,Bremen,HB,0,0,0,1,FLT-HYD-010 · Bremen
2024-09-09,FLT-HYD-010,Hydraulic filter 10 μm,Filters,Bremen,HB,0,0,0,3,FLT-HYD-010 · Bremen
2024-09-10,FLT-HYD-010,Hydraulic filter 10 μm,Filters,Bremen,HB,0,0,0,1,FLT-HYD-010 · Bremen
2024-09-11,FLT-HYD-010,Hydraulic filter 10 μm,Filters,Bremen,HB,0,0,0,2,FLT-HYD-010 · Bremen
2024-09-12,FLT-HYD-010,Hydraulic filter 10 μm,Filters,Bremen,HB,0,0,0,1,FLT-HYD-010 · Bremen
2024-09-13,FLT-HYD-010,Hydraulic filter 10 μm,Filters,Bremen,HB,0,0,0,0,FLT-HYD-010 · Bremen
2024-09-14,FLT-HYD-010,Hydraulic filter 10 μm,Filters,Bremen,HB,0,0,0,1,FLT-HYD-010 · Bremen
2024-09-15,FLT-HYD-010,Hydraulic filter 10 μm,Filters,Bremen,HB,0,0,0,1,FLT-HYD-010 · Bremen
2024-09-16,FLT-HYD-010,Hydraulic filter 10 μm,Filters,Bremen,HB,0,0,0,1,FLT-HYD-010 · Bremen
2024-09-17,FLT-HYD-010,Hydraulic filter 10 μm,Filters,Bremen,HB,0,0,0,0,FLT-HYD-010 · Bremen
2024-09-18,FLT-HYD-010,Hydraulic filter 10 μm,Filters,Bremen,HB,0,0,0,2,FLT-HYD-010 · Bremen
2024-09-19,FLT-HYD-010,Hydraulic filter 10 μm,Filters,Bremen,HB,0,0,0,1,FLT-HYD-010 · Bremen
2024-09-20,FLT-HYD-010,Hydraulic filter 10 μm,Filters,Bremen,HB,0,0,0,2,FLT-HYD-010 · Bremen
2024-09-21,FLT-HYD-010,Hydraulic filter 10 μm,Filters,Bremen,HB,0,0,0,1,FLT-HYD-010 · Bremen
2024-09-22,FLT-HYD-010,Hydraulic filter 10 μm,Filters,Bremen,HB,0,0,0,0,FLT-HYD-010 · Bremen
2024-09-23,FLT-HYD-010,Hydraulic filter 10 μm,Filters,Bremen,HB,0,0,0,1,FLT-HYD-010 · Bremen
2024-09-24,FLT-HYD-010,Hydraulic filter 10 μm,Filters,Bremen,HB,0,0,0,2,FLT-HYD-010 · Bremen
2024-09-25,FLT-HYD-010,Hydraulic filter 10 μm,Filters,Bremen,HB,0,0,0,2,FLT-HYD-010 · Bremen
2024-09-26,FLT-HYD-010,Hydraulic filter 10 μm,Filters,Bremen,HB,0,0,0,1,FLT-HYD-010 · Bremen
2024-09-27,FLT-HYD-010,Hydraulic filter 10 μm,Filters,Bremen,HB,0,0,0,2,FLT-HYD-010 · Bremen
2024-09-28,FLT-HYD-010,Hydraulic filter 10 μm,Filters,Bremen,HB,0,0,0,1,FLT-HYD-010 · Bremen
2024-09-29,FLT-HYD-010,Hydraulic filter 10 μm,Filters,Bremen,HB,0,0,0,0,FLT-HYD-010 · Bremen
2024-09-30,FLT-HYD-010,Hydraulic filter 10 μm,Filters,Bremen,HB,0,0,0,1,FLT-HYD-010 · Bremen
2024-10-01,FLT-HYD-010,Hydraulic filter 10 μm,Filters,Bremen,HB,0,0,0,1,FLT-HYD-010 · Bremen
2024-10-02,FLT-HYD-010,Hydraulic filter 10 μm,Filters,Bremen,HB,0,0,0,2,FLT-HYD-010 · Bremen
2024-10-03,FLT-HYD-010,Hydraulic filter 10 μm,Filters,Bremen,HB,1,0,0,1,FLT-HYD-010 · Bremen
2024-10-04,FLT-HYD-010,Hydraulic filter 10 μm,Filters,Bremen,HB,0,0,0,1,FLT-HYD-010 · Bremen
2024-10-05,FLT-HYD-010,Hydraulic filter 10 μm,Filters,Bremen,HB,0,0,0,1,FLT-HYD-010 · Bremen
2024-10-06,FLT-HYD-010,Hydraulic filter 10 μm,Filters,Bremen,HB,0,0,0,0,FLT-HYD-010 · Bremen
2024-10-07,FLT-HYD-010,Hydraulic filter 10 μm,Filters,Bremen,HB,0,0,0,1,FLT-HYD-010 · Bremen
2024-10-08,FLT-HYD-010,Hydraulic filter 10 μm,Filters,Bremen,HB,0,0,0,0,FLT-HYD-010 · Bremen
2024-10-09,FLT-HYD-010,Hydraulic filter 10 μm,Filters,Bremen,HB,0,0,0,1,FLT-HYD-010 · Bremen
2024-10-10,FLT-HYD-010,Hydraulic filter 10 μm,Filters,Bremen,HB,0,0,0,0,FLT-HYD-010 · Bremen
2024-10-11,FLT-HYD-010,Hydraulic filter 10 μm,Filters,Bremen,HB,0,0,0,2,FLT-HYD-010 · Bremen
2024-10-12,FLT-HYD-010,Hydraulic filter 10 μm,Filters,Bremen,HB,0,0,0,1,FLT-HYD-010 · Bremen
2024-10-13,FLT-HYD-010,Hydraulic filter 10 μm,Filters,Bremen,HB,0,0,0,0,FLT-HYD-010 · Bremen
2024-10-14,FLT-HYD-010,Hydraulic filter 10 μm,Filters,Bremen,HB,0,0,0,2,FLT-HYD-010 · Bremen
2024-10-15,FLT-HYD-010,Hydraulic filter 10 μm,Filters,Bremen,HB,0,0,0,0,FLT-HYD-010 · Bremen
2024-10-16,FLT-HYD-010,Hydraulic filter 10 μm,Filters,Bremen,HB,0,0,0,1,FLT-HYD-010 · Bremen
2024-10-17,FLT-HYD-010,Hydraulic filter 10 μm,Filters,Bremen,HB,0,0,0,2,FLT-HYD-010 · Bremen
2024-10-18,FLT-HYD-010,Hydraulic filter 10 μm,Filters,Bremen,HB,0,0,0,1,FLT-HYD-010 · Bremen
2024-10-19,FLT-HYD-010,Hydraulic filter 10 μm,Filters,Bremen,HB,0,0,0,3,FLT-HYD-010 · Bremen
2024-10-20,FLT-HYD-010,Hydraulic filter 10 μm,Filters,Bremen,HB,0,0,0,3,FLT-HYD-010 · Bremen
2024-10-21,FLT-HYD-010,Hydraulic filter 10 μm,Filters,Bremen,HB,0,0,0,11,FLT-HYD-010 · Bremen
2024-10-22,FLT-HYD-010,Hydraulic filter 10 μm,Filters,Bremen,HB,0,0,0,18,FLT-HYD-010 · Bremen
2024-10-23,FLT-HYD-010,Hydraulic filter 10 μm,Filters,Bremen,HB,0,0,0,23,FLT-HYD-010 · Bremen
2024-10-24,FLT-HYD-010,Hydraulic filter 10 μm,Filters,Bremen,HB,0,0,0,26,FLT-HYD-010 · Bremen
2024-10-25,FLT-HYD-010,Hydraulic filter 10 μm,Filters,Bremen,HB,0,0,0,28,FLT-HYD-010 · Bremen
2024-10-26,FLT-HYD-010,Hydraulic filter 10 μm,Filters,Bremen,HB,0,0,0,15,FLT-HYD-010 · Bremen
2024-10-27,FLT-HYD-010,Hydraulic filter 10 μm,Filters,Bremen,HB,0,0,0,9,FLT-HYD-010 · Bremen
2024-10-28,FLT-HYD-010,Hydraulic filter 10 μm,Filters,Bremen,HB,0,0,0,14,FLT-HYD-010 · Bremen
2024-10-29,FLT-HYD-010,Hydraulic filter 10 μm,Filters,Bremen,HB,0,0,0,11,FLT-HYD-010 · Bremen
2024-10-30,FLT-HYD-010,Hydraulic filter 10 μm,Filters,Bremen,HB,0,0,0,5,FLT-HYD-010 · Bremen
2024-10-31,FLT-HYD-010,Hydraulic filter 10 μm,Filters,Bremen,HB,1,0,0,2,FLT-HYD-010 · Bremen
2024-11-01,FLT-HYD-010,Hydraulic filter 10 μm,Filters,Bremen,HB,0,0,0,0,FLT-HYD-010 · Bremen
2024-11-02,FLT-HYD-010,Hydraulic filter 10 μm,Filters,Bremen,HB,0,0,0,0,FLT-HYD-010 · Bremen
2024-11-03,FLT-HYD-010,Hydraulic filter 10 μm,Filters,Bremen,HB,0,0,0,0,FLT-HYD-010 · Bremen
2024-11-04,FLT-HYD-010,Hydraulic filter 10 μm,Filters,Bremen,HB,0,0,0,2,FLT-HYD-010 · Bremen
2024-11-05,FLT-HYD-010,Hydraulic filter 10 μm,Filters,Bremen,HB,0,0,0,1,FLT-HYD-010 · Bremen
2024-11-06,FLT-HYD-010,Hydraulic filter 10 μm,Filters,Bremen,HB,0,0,0,1,FLT-HYD-010 · Bremen
2024-11-07,FLT-HYD-010,Hydraulic filter 10 μm,Filters,Bremen,HB,0,0,0,1,FLT-HYD-010 · Bremen
2024-11-08,FLT-HYD-010,Hydraulic filter 10 μm,Filters,Bremen,HB,0,0,0,0,FLT-HYD-010 · Bremen
2024-11-09,FLT-HYD-010,Hydraulic filter 10 μm,Filters,Bremen,HB,0,0,0,0,FLT-HYD-010 · Bremen
2024-11-10,FLT-HYD-010,Hydraulic filter 10 μm,Filters,Bremen,HB,0,0,0,2,FLT-HYD-010 · Bremen
2024-11-11,FLT-HYD-010,Hydraulic filter 10 μm,Filters,Bremen,HB,0,0,0,1,FLT-HYD-010 · Bremen
2024-11-12,FLT-HYD-010,Hydraulic filter 10 μm,Filters,Bremen,HB,0,0,0,1,FLT-HYD-010 · Bremen
2024-11-13,FLT-HYD-010,Hydraulic filter 10 μm,Filters,Bremen,HB,0,0,0,1,FLT-HYD-010 · Bremen
2024-11-14,FLT-HYD-010,Hydraulic filter 10 μm,Filters,Bremen,HB,0,0,0,1,FLT-HYD-010 · Bremen
2024-11-15,FLT-HYD-010,Hydraulic filter 10 μm,Filters,Bremen,HB,0,0,0,1,FLT-HYD-010 · Bremen
2024-11-16,FLT-HYD-010,Hydraulic filter 10 μm,Filters,Bremen,HB,0,0,0,1,FLT-HYD-010 · Bremen
2024-11-17,FLT-HYD-010,Hydraulic filter 10 μm,Filters,Bremen,HB,0,0,0,1,FLT-HYD-010 · Bremen
2024-11-18,FLT-HYD-010,Hydraulic filter 10 μm,Filters,Bremen,HB,0,0,0,2,FLT-HYD-010 · Bremen
2024-11-19,FLT-HYD-010,Hydraulic filter 10 μm,Filters,Bremen,HB,0,0,0,2,FLT-HYD-010 · Bremen
2024-11-20,FLT-HYD-010,Hydraulic filter 10 μm,Filters,Bremen,HB,0,0,0,1,FLT-HYD-010 · Bremen
2024-11-21,FLT-HYD-010,Hydraulic filter 10 μm,Filters,Bremen,HB,0,0,0,2,FLT-HYD-010 · Bremen
2024-11-22,FLT-HYD-010,Hydraulic filter 10 μm,Filters,Bremen,HB,0,0,0,2,FLT-HYD-010 · Bremen
2024-11-23,FLT-HYD-010,Hydraulic filter 10 μm,Filters,Bremen,HB,0,0,0,0,FLT-HYD-010 · Bremen
2024-11-24,FLT-HYD-010,Hydraulic filter 10 μm,Filters,Bremen,HB,0,0,0,1,FLT-HYD-010 · Bremen
2024-11-25,FLT-HYD-010,Hydraulic filter 10 μm,Filters,Bremen,HB,0,0,0,2,FLT-HYD-010 · Bremen
2024-11-26,FLT-HYD-010,Hydraulic filter 10 μm,Filters,Bremen,HB,0,0,0,1,FLT-HYD-010 · Bremen
2024-11-27,FLT-HYD-010,Hydraulic filter 10 μm,Filters,Bremen,HB,0,0,0,2,FLT-HYD-010 · Bremen
2024-11-28,FLT-HYD-010,Hydraulic filter 10 μm,Filters,Bremen,HB,0,0,0,1,FLT-HYD-010 · Bremen
2024-11-29,FLT-HYD-010,Hydraulic filter 10 μm,Filters,Bremen,HB,0,0,0,2,FLT-HYD-010 · Bremen
2024-11-30,FLT-HYD-010,Hydraulic filter 10 μm,Filters,Bremen,HB,0,0,0,0,FLT-HYD-010 · Bremen
2024-12-01,FLT-HYD-010,Hydraulic filter 10 μm,Filters,Bremen,HB,0,0,0,1,FLT-HYD-010 · Bremen
2024-12-02,FLT-HYD-010,Hydraulic filter 10 μm,Filters,Bremen,HB,0,0,0,2,FLT-HYD-010 · Bremen
2024-12-03,FLT-HYD-010,Hydraulic filter 10 μm,Filters,Bremen,HB,0,0,0,2,FLT-HYD-010 · Bremen
2024-12-04,FLT-HYD-010,Hydraulic filter 10 μm,Filters,Bremen,HB,0,0,0,1,FLT-HYD-010 · Bremen
2024-12-05,FLT-HYD-010,Hydraulic filter 10 μm,Filters,Bremen,HB,0,0,0,2,FLT-HYD-010 · Bremen
2024-12-06,FLT-HYD-010,Hydraulic filter 10 μm,Filters,Bremen,HB,0,0,0,1,FLT-HYD-010 · Bremen
2024-12-07,FLT-HYD-010,Hydraulic filter 10 μm,Filters,Bremen,HB,0,0,0,0,FLT-HYD-010 · Bremen
2024-12-08,FLT-HYD-010,Hydraulic filter 10 μm,Filters,Bremen,HB,0,0,0,0,FLT-HYD-010 · Bremen
2024-12-09,FLT-HYD-010,Hydraulic filter 10 μm,Filters,Bremen,HB,0,0,0,1,FLT-HYD-010 · Bremen
2024-12-10,FLT-HYD-010,Hydraulic filter 10 μm,Filters,Bremen,HB,0,0,0,0,FLT-HYD-010 · Bremen
2024-12-11,FLT-HYD-010,Hydraulic filter 10 μm,Filters,Bremen,HB,0,0,0,2,FLT-HYD-010 · Bremen
2024-12-12,FLT-HYD-010,Hydraulic filter 10 μm,Filters,Bremen,HB,0,0,0,2,FLT-HYD-010 · Bremen
2024-12-13,FLT-HYD-010,Hydraulic filter 10 μm,Filters,Bremen,HB,0,0,0,3,FLT-HYD-010 · Bremen
2024-12-14,FLT-HYD-010,Hydraulic filter 10 μm,Filters,Bremen,HB,0,0,0,3,FLT-HYD-010 · Bremen
2024-12-15,FLT-HYD-010,Hydraulic filter 10 μm,Filters,Bremen,HB,0,0,0,2,FLT-HYD-010 · Bremen
2024-12-16,FLT-HYD-010,Hydraulic filter 10 μm,Filters,Bremen,HB,0,0,0,8,FLT-HYD-010 · Bremen
2024-12-17,FLT-HYD-010,Hydraulic filter 10 μm,Filters,Bremen,HB,0,0,0,11,FLT-HYD-010 · Bremen
2024-12-18,FLT-HYD-010,Hydraulic filter 10 μm,Filters,Bremen,HB,0,0,0,24,FLT-HYD-010 · Bremen
2024-12-19,FLT-HYD-010,Hydraulic filter 10 μm,Filters,Bremen,HB,0,0,0,37,FLT-HYD-010 · Bremen
2024-12-20,FLT-HYD-010,Hydraulic filter 10 μm,Filters,Bremen,HB,0,0,0,30,FLT-HYD-010 · Bremen
2024-12-21,FLT-HYD-010,Hydraulic filter 10 μm,Filters,Bremen,HB,0,0,0,19,FLT-HYD-010 · Bremen
2024-12-22,FLT-HYD-010,Hydraulic filter 10 μm,Filters,Bremen,HB,0,0,0,10,FLT-HYD-010 · Bremen
2024-12-23,FLT-HYD-010,Hydraulic filter 10 μm,Filters,Bremen,HB,0,0,0,18,FLT-HYD-010 · Bremen
2024-12-24,FLT-HYD-010,Hydraulic filter 10 μm,Filters,Bremen,HB,0,1,0,3,FLT-HYD-010 · Bremen
2024-12-25,FLT-HYD-010,Hydraulic filter 10 μm,Filters,Bremen,HB,1,1,0,0,FLT-HYD-010 · Bremen
2024-12-26,FLT-HYD-010,Hydraulic filter 10 μm,Filters,Bremen,HB,1,1,0,0,FLT-HYD-010 · Bremen
2024-12-27,FLT-HYD-010,Hydraulic filter 10 μm,Filters,Bremen,HB,0,1,0,1,FLT-HYD-010 · Bremen
2024-12-28,FLT-HYD-010,Hydraulic filter 10 μm,Filters,Bremen,HB,0,1,0,1,FLT-HYD-010 · Bremen
2024-12-29,FLT-HYD-010,Hydraulic filter 10 μm,Filters,Bremen,HB,0,1,0,0,FLT-HYD-010 · Bremen
2024-12-30,FLT-HYD-010,Hydraulic filter 10 μm,Filters,Bremen,HB,0,1,0,1,FLT-HYD-010 · Bremen
2024-12-31,FLT-HYD-010,Hydraulic filter 10 μm,Filters,Bremen,HB,0,1,0,0,FLT-HYD-010 · Bremen
